solid ASCII
  facet normal 0.000000e+00 1.000000e+00 0.000000e+00
    outer loop
      vertex   2.240000e+01 4.580000e+00 3.000000e+01
      vertex   2.240000e+01 4.580000e+00 2.837780e+01
      vertex   1.290000e+01 4.580000e+00 3.000000e+01
    endloop
  endfacet
  facet normal 0.000000e+00 1.000000e+00 0.000000e+00
    outer loop
      vertex   1.290000e+01 4.580000e+00 3.000000e+01
      vertex   2.240000e+01 4.580000e+00 2.837780e+01
      vertex   1.290000e+01 4.580000e+00 2.837780e+01
    endloop
  endfacet
  facet normal 0.000000e+00 0.000000e+00 1.000000e+00
    outer loop
      vertex   2.240000e+01 4.580000e+00 3.000000e+01
      vertex   1.290000e+01 4.580000e+00 3.000000e+01
      vertex   2.240000e+01 1.630000e+00 3.000000e+01
    endloop
  endfacet
  facet normal 0.000000e+00 0.000000e+00 1.000000e+00
    outer loop
      vertex   2.240000e+01 1.630000e+00 3.000000e+01
      vertex   1.290000e+01 4.580000e+00 3.000000e+01
      vertex   1.290000e+01 1.630000e+00 3.000000e+01
    endloop
  endfacet
  facet normal 0.000000e+00 0.000000e+00 1.000000e+00
    outer loop
      vertex   2.240000e+01 1.630000e+00 3.000000e+01
      vertex   1.290000e+01 1.630000e+00 3.000000e+01
      vertex   4.500000e+01 6.300000e-01 3.000000e+01
    endloop
  endfacet
  facet normal 0.000000e+00 0.000000e+00 1.000000e+00
    outer loop
      vertex   4.500000e+01 6.300000e-01 3.000000e+01
      vertex   1.290000e+01 1.630000e+00 3.000000e+01
      vertex   -2.500000e+01 6.300000e-01 3.000000e+01
    endloop
  endfacet
  facet normal 0.000000e+00 0.000000e+00 1.000000e+00
    outer loop
      vertex   -2.500000e+01 6.300000e-01 3.000000e+01
      vertex   1.290000e+01 1.630000e+00 3.000000e+01
      vertex   -2.500000e+01 1.630000e+00 3.000000e+01
    endloop
  endfacet
  facet normal 0.000000e+00 -0.000000e+00 1.000000e+00
    outer loop
      vertex   4.500000e+01 6.300000e-01 3.000000e+01
      vertex   4.500000e+01 1.630000e+00 3.000000e+01
      vertex   2.240000e+01 1.630000e+00 3.000000e+01
    endloop
  endfacet
  facet normal -1.000000e+00 -6.021549e-16 -0.000000e+00
    outer loop
      vertex   1.290000e+01 4.580000e+00 3.000000e+01
      vertex   1.290000e+01 4.580000e+00 2.837780e+01
      vertex   1.290000e+01 1.630000e+00 3.000000e+01
    endloop
  endfacet
  facet normal -1.000000e+00 0.000000e+00 1.095029e-15
    outer loop
      vertex   1.290000e+01 1.630000e+00 3.000000e+01
      vertex   1.290000e+01 4.580000e+00 2.837780e+01
      vertex   1.290000e+01 1.630000e+00 2.837780e+01
    endloop
  endfacet
  facet normal -3.739699e-16 -0.000000e+00 -1.000000e+00
    outer loop
      vertex   1.290000e+01 4.580000e+00 2.837780e+01
      vertex   2.240000e+01 4.580000e+00 2.837780e+01
      vertex   1.290000e+01 1.630000e+00 2.837780e+01
    endloop
  endfacet
  facet normal -3.739699e-16 0.000000e+00 -1.000000e+00
    outer loop
      vertex   1.290000e+01 1.630000e+00 2.837780e+01
      vertex   2.240000e+01 4.580000e+00 2.837780e+01
      vertex   2.240000e+01 1.630000e+00 2.837780e+01
    endloop
  endfacet
  facet normal 1.000000e+00 0.000000e+00 -0.000000e+00
    outer loop
      vertex   2.240000e+01 4.580000e+00 2.837780e+01
      vertex   2.240000e+01 4.580000e+00 3.000000e+01
      vertex   2.240000e+01 1.630000e+00 2.837780e+01
    endloop
  endfacet
  facet normal 1.000000e+00 0.000000e+00 0.000000e+00
    outer loop
      vertex   2.240000e+01 1.630000e+00 2.837780e+01
      vertex   2.240000e+01 4.580000e+00 3.000000e+01
      vertex   2.240000e+01 1.630000e+00 3.000000e+01
    endloop
  endfacet
  facet normal -9.937122e-01 -0.000000e+00 -1.119645e-01
    outer loop
      vertex   -2.343732e+01 6.430000e+00 4.443698e+00
      vertex   -2.343732e+01 1.630000e+00 4.443698e+00
      vertex   -2.350000e+01 6.430000e+00 5.000000e+00
    endloop
  endfacet
  facet normal -9.937122e-01 -0.000000e+00 -1.119645e-01
    outer loop
      vertex   -2.350000e+01 6.430000e+00 5.000000e+00
      vertex   -2.343732e+01 1.630000e+00 4.443698e+00
      vertex   -2.350000e+01 1.630000e+00 5.000000e+00
    endloop
  endfacet
  facet normal -9.937122e-01 0.000000e+00 1.119645e-01
    outer loop
      vertex   -2.350000e+01 6.430000e+00 5.000000e+00
      vertex   -2.350000e+01 1.630000e+00 5.000000e+00
      vertex   -2.343732e+01 6.430000e+00 5.556302e+00
    endloop
  endfacet
  facet normal -9.937122e-01 0.000000e+00 1.119645e-01
    outer loop
      vertex   -2.343732e+01 6.430000e+00 5.556302e+00
      vertex   -2.350000e+01 1.630000e+00 5.000000e+00
      vertex   -2.343732e+01 1.630000e+00 5.556302e+00
    endloop
  endfacet
  facet normal -9.438833e-01 0.000000e+00 3.302791e-01
    outer loop
      vertex   -2.343732e+01 6.430000e+00 5.556302e+00
      vertex   -2.343732e+01 1.630000e+00 5.556302e+00
      vertex   -2.325242e+01 6.430000e+00 6.084709e+00
    endloop
  endfacet
  facet normal -9.438833e-01 0.000000e+00 3.302791e-01
    outer loop
      vertex   -2.325242e+01 6.430000e+00 6.084709e+00
      vertex   -2.343732e+01 1.630000e+00 5.556302e+00
      vertex   -2.325242e+01 1.630000e+00 6.084709e+00
    endloop
  endfacet
  facet normal -8.467242e-01 0.000000e+00 5.320321e-01
    outer loop
      vertex   -2.325242e+01 6.430000e+00 6.084709e+00
      vertex   -2.325242e+01 1.630000e+00 6.084709e+00
      vertex   -2.295458e+01 6.430000e+00 6.558725e+00
    endloop
  endfacet
  facet normal -8.467242e-01 0.000000e+00 5.320321e-01
    outer loop
      vertex   -2.295458e+01 6.430000e+00 6.558725e+00
      vertex   -2.325242e+01 1.630000e+00 6.084709e+00
      vertex   -2.295458e+01 1.630000e+00 6.558725e+00
    endloop
  endfacet
  facet normal -7.071068e-01 0.000000e+00 7.071068e-01
    outer loop
      vertex   -2.295458e+01 6.430000e+00 6.558725e+00
      vertex   -2.295458e+01 1.630000e+00 6.558725e+00
      vertex   -2.255872e+01 6.430000e+00 6.954579e+00
    endloop
  endfacet
  facet normal -7.071068e-01 0.000000e+00 7.071068e-01
    outer loop
      vertex   -2.255872e+01 6.430000e+00 6.954579e+00
      vertex   -2.295458e+01 1.630000e+00 6.558725e+00
      vertex   -2.255872e+01 1.630000e+00 6.954579e+00
    endloop
  endfacet
  facet normal -5.320321e-01 0.000000e+00 8.467242e-01
    outer loop
      vertex   -2.255872e+01 6.430000e+00 6.954579e+00
      vertex   -2.255872e+01 1.630000e+00 6.954579e+00
      vertex   -2.208471e+01 6.430000e+00 7.252422e+00
    endloop
  endfacet
  facet normal -5.320321e-01 0.000000e+00 8.467242e-01
    outer loop
      vertex   -2.208471e+01 6.430000e+00 7.252422e+00
      vertex   -2.255872e+01 1.630000e+00 6.954579e+00
      vertex   -2.208471e+01 1.630000e+00 7.252422e+00
    endloop
  endfacet
  facet normal -3.302791e-01 0.000000e+00 9.438833e-01
    outer loop
      vertex   -2.208471e+01 6.430000e+00 7.252422e+00
      vertex   -2.208471e+01 1.630000e+00 7.252422e+00
      vertex   -2.155630e+01 6.430000e+00 7.437320e+00
    endloop
  endfacet
  facet normal -3.302791e-01 0.000000e+00 9.438833e-01
    outer loop
      vertex   -2.155630e+01 6.430000e+00 7.437320e+00
      vertex   -2.208471e+01 1.630000e+00 7.252422e+00
      vertex   -2.155630e+01 1.630000e+00 7.437320e+00
    endloop
  endfacet
  facet normal -1.119645e-01 0.000000e+00 9.937122e-01
    outer loop
      vertex   -2.155630e+01 6.430000e+00 7.437320e+00
      vertex   -2.155630e+01 1.630000e+00 7.437320e+00
      vertex   -2.100000e+01 6.430000e+00 7.500000e+00
    endloop
  endfacet
  facet normal -1.119645e-01 0.000000e+00 9.937122e-01
    outer loop
      vertex   -2.100000e+01 6.430000e+00 7.500000e+00
      vertex   -2.155630e+01 1.630000e+00 7.437320e+00
      vertex   -2.100000e+01 1.630000e+00 7.500000e+00
    endloop
  endfacet
  facet normal 1.119645e-01 0.000000e+00 9.937122e-01
    outer loop
      vertex   -2.100000e+01 6.430000e+00 7.500000e+00
      vertex   -2.100000e+01 1.630000e+00 7.500000e+00
      vertex   -2.044370e+01 6.430000e+00 7.437320e+00
    endloop
  endfacet
  facet normal 1.119645e-01 0.000000e+00 9.937122e-01
    outer loop
      vertex   -2.044370e+01 6.430000e+00 7.437320e+00
      vertex   -2.100000e+01 1.630000e+00 7.500000e+00
      vertex   -2.044370e+01 1.630000e+00 7.437320e+00
    endloop
  endfacet
  facet normal 3.302791e-01 0.000000e+00 9.438833e-01
    outer loop
      vertex   -2.044370e+01 6.430000e+00 7.437320e+00
      vertex   -2.044370e+01 1.630000e+00 7.437320e+00
      vertex   -1.991529e+01 6.430000e+00 7.252422e+00
    endloop
  endfacet
  facet normal 3.302791e-01 0.000000e+00 9.438833e-01
    outer loop
      vertex   -1.991529e+01 6.430000e+00 7.252422e+00
      vertex   -2.044370e+01 1.630000e+00 7.437320e+00
      vertex   -1.991529e+01 1.630000e+00 7.252422e+00
    endloop
  endfacet
  facet normal 5.320321e-01 0.000000e+00 8.467242e-01
    outer loop
      vertex   -1.991529e+01 6.430000e+00 7.252422e+00
      vertex   -1.991529e+01 1.630000e+00 7.252422e+00
      vertex   -1.944128e+01 6.430000e+00 6.954579e+00
    endloop
  endfacet
  facet normal 5.320321e-01 0.000000e+00 8.467242e-01
    outer loop
      vertex   -1.944128e+01 6.430000e+00 6.954579e+00
      vertex   -1.991529e+01 1.630000e+00 7.252422e+00
      vertex   -1.944128e+01 1.630000e+00 6.954579e+00
    endloop
  endfacet
  facet normal 7.071068e-01 0.000000e+00 7.071068e-01
    outer loop
      vertex   -1.944128e+01 6.430000e+00 6.954579e+00
      vertex   -1.944128e+01 1.630000e+00 6.954579e+00
      vertex   -1.904542e+01 6.430000e+00 6.558725e+00
    endloop
  endfacet
  facet normal 7.071068e-01 0.000000e+00 7.071068e-01
    outer loop
      vertex   -1.904542e+01 6.430000e+00 6.558725e+00
      vertex   -1.944128e+01 1.630000e+00 6.954579e+00
      vertex   -1.904542e+01 1.630000e+00 6.558725e+00
    endloop
  endfacet
  facet normal 8.467242e-01 0.000000e+00 5.320321e-01
    outer loop
      vertex   -1.904542e+01 6.430000e+00 6.558725e+00
      vertex   -1.904542e+01 1.630000e+00 6.558725e+00
      vertex   -1.874758e+01 6.430000e+00 6.084709e+00
    endloop
  endfacet
  facet normal 8.467242e-01 0.000000e+00 5.320321e-01
    outer loop
      vertex   -1.874758e+01 6.430000e+00 6.084709e+00
      vertex   -1.904542e+01 1.630000e+00 6.558725e+00
      vertex   -1.874758e+01 1.630000e+00 6.084709e+00
    endloop
  endfacet
  facet normal 9.438833e-01 0.000000e+00 3.302791e-01
    outer loop
      vertex   -1.874758e+01 6.430000e+00 6.084709e+00
      vertex   -1.874758e+01 1.630000e+00 6.084709e+00
      vertex   -1.856268e+01 6.430000e+00 5.556302e+00
    endloop
  endfacet
  facet normal 9.438833e-01 0.000000e+00 3.302791e-01
    outer loop
      vertex   -1.856268e+01 6.430000e+00 5.556302e+00
      vertex   -1.874758e+01 1.630000e+00 6.084709e+00
      vertex   -1.856268e+01 1.630000e+00 5.556302e+00
    endloop
  endfacet
  facet normal 9.937122e-01 0.000000e+00 1.119645e-01
    outer loop
      vertex   -1.856268e+01 6.430000e+00 5.556302e+00
      vertex   -1.856268e+01 1.630000e+00 5.556302e+00
      vertex   -1.850000e+01 6.430000e+00 5.000000e+00
    endloop
  endfacet
  facet normal 9.937122e-01 0.000000e+00 1.119645e-01
    outer loop
      vertex   -1.850000e+01 6.430000e+00 5.000000e+00
      vertex   -1.856268e+01 1.630000e+00 5.556302e+00
      vertex   -1.850000e+01 1.630000e+00 5.000000e+00
    endloop
  endfacet
  facet normal 9.937122e-01 0.000000e+00 -1.119645e-01
    outer loop
      vertex   -1.850000e+01 6.430000e+00 5.000000e+00
      vertex   -1.850000e+01 1.630000e+00 5.000000e+00
      vertex   -1.856268e+01 6.430000e+00 4.443698e+00
    endloop
  endfacet
  facet normal 9.937122e-01 0.000000e+00 -1.119645e-01
    outer loop
      vertex   -1.856268e+01 6.430000e+00 4.443698e+00
      vertex   -1.850000e+01 1.630000e+00 5.000000e+00
      vertex   -1.856268e+01 1.630000e+00 4.443698e+00
    endloop
  endfacet
  facet normal 9.438833e-01 0.000000e+00 -3.302791e-01
    outer loop
      vertex   -1.856268e+01 6.430000e+00 4.443698e+00
      vertex   -1.856268e+01 1.630000e+00 4.443698e+00
      vertex   -1.874758e+01 6.430000e+00 3.915291e+00
    endloop
  endfacet
  facet normal 9.438833e-01 0.000000e+00 -3.302791e-01
    outer loop
      vertex   -1.874758e+01 6.430000e+00 3.915291e+00
      vertex   -1.856268e+01 1.630000e+00 4.443698e+00
      vertex   -1.874758e+01 1.630000e+00 3.915291e+00
    endloop
  endfacet
  facet normal 8.467242e-01 0.000000e+00 -5.320321e-01
    outer loop
      vertex   -1.874758e+01 6.430000e+00 3.915291e+00
      vertex   -1.874758e+01 1.630000e+00 3.915291e+00
      vertex   -1.904542e+01 6.430000e+00 3.441276e+00
    endloop
  endfacet
  facet normal 8.467242e-01 0.000000e+00 -5.320321e-01
    outer loop
      vertex   -1.904542e+01 6.430000e+00 3.441276e+00
      vertex   -1.874758e+01 1.630000e+00 3.915291e+00
      vertex   -1.904542e+01 1.630000e+00 3.441276e+00
    endloop
  endfacet
  facet normal 7.071068e-01 0.000000e+00 -7.071068e-01
    outer loop
      vertex   -1.904542e+01 6.430000e+00 3.441276e+00
      vertex   -1.904542e+01 1.630000e+00 3.441276e+00
      vertex   -1.944128e+01 6.430000e+00 3.045421e+00
    endloop
  endfacet
  facet normal 7.071068e-01 0.000000e+00 -7.071068e-01
    outer loop
      vertex   -1.944128e+01 6.430000e+00 3.045421e+00
      vertex   -1.904542e+01 1.630000e+00 3.441276e+00
      vertex   -1.944128e+01 1.630000e+00 3.045421e+00
    endloop
  endfacet
  facet normal 5.320321e-01 0.000000e+00 -8.467242e-01
    outer loop
      vertex   -1.944128e+01 6.430000e+00 3.045421e+00
      vertex   -1.944128e+01 1.630000e+00 3.045421e+00
      vertex   -1.991529e+01 6.430000e+00 2.747578e+00
    endloop
  endfacet
  facet normal 5.320321e-01 0.000000e+00 -8.467242e-01
    outer loop
      vertex   -1.991529e+01 6.430000e+00 2.747578e+00
      vertex   -1.944128e+01 1.630000e+00 3.045421e+00
      vertex   -1.991529e+01 1.630000e+00 2.747578e+00
    endloop
  endfacet
  facet normal 3.302791e-01 0.000000e+00 -9.438833e-01
    outer loop
      vertex   -1.991529e+01 6.430000e+00 2.747578e+00
      vertex   -1.991529e+01 1.630000e+00 2.747578e+00
      vertex   -2.044370e+01 6.430000e+00 2.562680e+00
    endloop
  endfacet
  facet normal 3.302791e-01 0.000000e+00 -9.438833e-01
    outer loop
      vertex   -2.044370e+01 6.430000e+00 2.562680e+00
      vertex   -1.991529e+01 1.630000e+00 2.747578e+00
      vertex   -2.044370e+01 1.630000e+00 2.562680e+00
    endloop
  endfacet
  facet normal 1.119645e-01 0.000000e+00 -9.937122e-01
    outer loop
      vertex   -2.044370e+01 6.430000e+00 2.562680e+00
      vertex   -2.044370e+01 1.630000e+00 2.562680e+00
      vertex   -2.100000e+01 6.430000e+00 2.500000e+00
    endloop
  endfacet
  facet normal 1.119645e-01 0.000000e+00 -9.937122e-01
    outer loop
      vertex   -2.100000e+01 6.430000e+00 2.500000e+00
      vertex   -2.044370e+01 1.630000e+00 2.562680e+00
      vertex   -2.100000e+01 1.630000e+00 2.500000e+00
    endloop
  endfacet
  facet normal -1.119645e-01 -0.000000e+00 -9.937122e-01
    outer loop
      vertex   -2.100000e+01 6.430000e+00 2.500000e+00
      vertex   -2.100000e+01 1.630000e+00 2.500000e+00
      vertex   -2.155630e+01 6.430000e+00 2.562680e+00
    endloop
  endfacet
  facet normal -1.119645e-01 -0.000000e+00 -9.937122e-01
    outer loop
      vertex   -2.155630e+01 6.430000e+00 2.562680e+00
      vertex   -2.100000e+01 1.630000e+00 2.500000e+00
      vertex   -2.155630e+01 1.630000e+00 2.562680e+00
    endloop
  endfacet
  facet normal -3.302791e-01 -0.000000e+00 -9.438833e-01
    outer loop
      vertex   -2.155630e+01 6.430000e+00 2.562680e+00
      vertex   -2.155630e+01 1.630000e+00 2.562680e+00
      vertex   -2.208471e+01 6.430000e+00 2.747578e+00
    endloop
  endfacet
  facet normal -3.302791e-01 -0.000000e+00 -9.438833e-01
    outer loop
      vertex   -2.208471e+01 6.430000e+00 2.747578e+00
      vertex   -2.155630e+01 1.630000e+00 2.562680e+00
      vertex   -2.208471e+01 1.630000e+00 2.747578e+00
    endloop
  endfacet
  facet normal -5.320321e-01 -0.000000e+00 -8.467242e-01
    outer loop
      vertex   -2.208471e+01 6.430000e+00 2.747578e+00
      vertex   -2.208471e+01 1.630000e+00 2.747578e+00
      vertex   -2.255872e+01 6.430000e+00 3.045421e+00
    endloop
  endfacet
  facet normal -5.320321e-01 -0.000000e+00 -8.467242e-01
    outer loop
      vertex   -2.255872e+01 6.430000e+00 3.045421e+00
      vertex   -2.208471e+01 1.630000e+00 2.747578e+00
      vertex   -2.255872e+01 1.630000e+00 3.045421e+00
    endloop
  endfacet
  facet normal -7.071068e-01 -0.000000e+00 -7.071068e-01
    outer loop
      vertex   -2.255872e+01 6.430000e+00 3.045421e+00
      vertex   -2.255872e+01 1.630000e+00 3.045421e+00
      vertex   -2.295458e+01 6.430000e+00 3.441276e+00
    endloop
  endfacet
  facet normal -7.071068e-01 -0.000000e+00 -7.071068e-01
    outer loop
      vertex   -2.295458e+01 6.430000e+00 3.441276e+00
      vertex   -2.255872e+01 1.630000e+00 3.045421e+00
      vertex   -2.295458e+01 1.630000e+00 3.441276e+00
    endloop
  endfacet
  facet normal -8.467242e-01 -0.000000e+00 -5.320321e-01
    outer loop
      vertex   -2.295458e+01 6.430000e+00 3.441276e+00
      vertex   -2.295458e+01 1.630000e+00 3.441276e+00
      vertex   -2.325242e+01 6.430000e+00 3.915291e+00
    endloop
  endfacet
  facet normal -8.467242e-01 -0.000000e+00 -5.320321e-01
    outer loop
      vertex   -2.325242e+01 6.430000e+00 3.915291e+00
      vertex   -2.295458e+01 1.630000e+00 3.441276e+00
      vertex   -2.325242e+01 1.630000e+00 3.915291e+00
    endloop
  endfacet
  facet normal -9.438833e-01 -0.000000e+00 -3.302791e-01
    outer loop
      vertex   -2.325242e+01 6.430000e+00 3.915291e+00
      vertex   -2.325242e+01 1.630000e+00 3.915291e+00
      vertex   -2.343732e+01 6.430000e+00 4.443698e+00
    endloop
  endfacet
  facet normal -9.438833e-01 -0.000000e+00 -3.302791e-01
    outer loop
      vertex   -2.343732e+01 6.430000e+00 4.443698e+00
      vertex   -2.325242e+01 1.630000e+00 3.915291e+00
      vertex   -2.343732e+01 1.630000e+00 4.443698e+00
    endloop
  endfacet
  facet normal -0.000000e+00 1.000000e+00 0.000000e+00
    outer loop
      vertex   -2.350000e+01 6.430000e+00 5.000000e+00
      vertex   -2.343732e+01 6.430000e+00 5.556302e+00
      vertex   -2.343732e+01 6.430000e+00 4.443698e+00
    endloop
  endfacet
  facet normal -0.000000e+00 1.000000e+00 0.000000e+00
    outer loop
      vertex   -2.343732e+01 6.430000e+00 4.443698e+00
      vertex   -2.343732e+01 6.430000e+00 5.556302e+00
      vertex   -2.325242e+01 6.430000e+00 3.915291e+00
    endloop
  endfacet
  facet normal 0.000000e+00 1.000000e+00 -0.000000e+00
    outer loop
      vertex   -2.325242e+01 6.430000e+00 3.915291e+00
      vertex   -2.343732e+01 6.430000e+00 5.556302e+00
      vertex   -2.325242e+01 6.430000e+00 6.084709e+00
    endloop
  endfacet
  facet normal -0.000000e+00 1.000000e+00 0.000000e+00
    outer loop
      vertex   -2.325242e+01 6.430000e+00 3.915291e+00
      vertex   -2.325242e+01 6.430000e+00 6.084709e+00
      vertex   -2.295458e+01 6.430000e+00 3.441276e+00
    endloop
  endfacet
  facet normal 0.000000e+00 1.000000e+00 -0.000000e+00
    outer loop
      vertex   -2.295458e+01 6.430000e+00 3.441276e+00
      vertex   -2.325242e+01 6.430000e+00 6.084709e+00
      vertex   -2.295458e+01 6.430000e+00 6.558725e+00
    endloop
  endfacet
  facet normal -0.000000e+00 1.000000e+00 0.000000e+00
    outer loop
      vertex   -2.295458e+01 6.430000e+00 3.441276e+00
      vertex   -2.295458e+01 6.430000e+00 6.558725e+00
      vertex   -2.255872e+01 6.430000e+00 3.045421e+00
    endloop
  endfacet
  facet normal 0.000000e+00 1.000000e+00 -0.000000e+00
    outer loop
      vertex   -2.255872e+01 6.430000e+00 3.045421e+00
      vertex   -2.295458e+01 6.430000e+00 6.558725e+00
      vertex   -2.255872e+01 6.430000e+00 6.954579e+00
    endloop
  endfacet
  facet normal -0.000000e+00 1.000000e+00 0.000000e+00
    outer loop
      vertex   -2.255872e+01 6.430000e+00 3.045421e+00
      vertex   -2.255872e+01 6.430000e+00 6.954579e+00
      vertex   -2.208471e+01 6.430000e+00 2.747578e+00
    endloop
  endfacet
  facet normal 0.000000e+00 1.000000e+00 -0.000000e+00
    outer loop
      vertex   -2.208471e+01 6.430000e+00 2.747578e+00
      vertex   -2.255872e+01 6.430000e+00 6.954579e+00
      vertex   -2.208471e+01 6.430000e+00 7.252422e+00
    endloop
  endfacet
  facet normal -0.000000e+00 1.000000e+00 0.000000e+00
    outer loop
      vertex   -2.208471e+01 6.430000e+00 2.747578e+00
      vertex   -2.208471e+01 6.430000e+00 7.252422e+00
      vertex   -2.155630e+01 6.430000e+00 2.562680e+00
    endloop
  endfacet
  facet normal 0.000000e+00 1.000000e+00 -0.000000e+00
    outer loop
      vertex   -2.155630e+01 6.430000e+00 2.562680e+00
      vertex   -2.208471e+01 6.430000e+00 7.252422e+00
      vertex   -2.155630e+01 6.430000e+00 7.437320e+00
    endloop
  endfacet
  facet normal -0.000000e+00 1.000000e+00 0.000000e+00
    outer loop
      vertex   -2.155630e+01 6.430000e+00 2.562680e+00
      vertex   -2.155630e+01 6.430000e+00 7.437320e+00
      vertex   -2.100000e+01 6.430000e+00 2.500000e+00
    endloop
  endfacet
  facet normal 0.000000e+00 1.000000e+00 -0.000000e+00
    outer loop
      vertex   -2.100000e+01 6.430000e+00 2.500000e+00
      vertex   -2.155630e+01 6.430000e+00 7.437320e+00
      vertex   -2.100000e+01 6.430000e+00 7.500000e+00
    endloop
  endfacet
  facet normal 0.000000e+00 1.000000e+00 0.000000e+00
    outer loop
      vertex   -2.100000e+01 6.430000e+00 2.500000e+00
      vertex   -2.100000e+01 6.430000e+00 7.500000e+00
      vertex   -2.044370e+01 6.430000e+00 2.562680e+00
    endloop
  endfacet
  facet normal 0.000000e+00 1.000000e+00 -0.000000e+00
    outer loop
      vertex   -2.044370e+01 6.430000e+00 2.562680e+00
      vertex   -2.100000e+01 6.430000e+00 7.500000e+00
      vertex   -2.044370e+01 6.430000e+00 7.437320e+00
    endloop
  endfacet
  facet normal 0.000000e+00 1.000000e+00 0.000000e+00
    outer loop
      vertex   -2.044370e+01 6.430000e+00 2.562680e+00
      vertex   -2.044370e+01 6.430000e+00 7.437320e+00
      vertex   -1.991529e+01 6.430000e+00 2.747578e+00
    endloop
  endfacet
  facet normal 0.000000e+00 1.000000e+00 -0.000000e+00
    outer loop
      vertex   -1.991529e+01 6.430000e+00 2.747578e+00
      vertex   -2.044370e+01 6.430000e+00 7.437320e+00
      vertex   -1.991529e+01 6.430000e+00 7.252422e+00
    endloop
  endfacet
  facet normal 0.000000e+00 1.000000e+00 0.000000e+00
    outer loop
      vertex   -1.991529e+01 6.430000e+00 2.747578e+00
      vertex   -1.991529e+01 6.430000e+00 7.252422e+00
      vertex   -1.944128e+01 6.430000e+00 3.045421e+00
    endloop
  endfacet
  facet normal 0.000000e+00 1.000000e+00 -0.000000e+00
    outer loop
      vertex   -1.944128e+01 6.430000e+00 3.045421e+00
      vertex   -1.991529e+01 6.430000e+00 7.252422e+00
      vertex   -1.944128e+01 6.430000e+00 6.954579e+00
    endloop
  endfacet
  facet normal 0.000000e+00 1.000000e+00 0.000000e+00
    outer loop
      vertex   -1.944128e+01 6.430000e+00 3.045421e+00
      vertex   -1.944128e+01 6.430000e+00 6.954579e+00
      vertex   -1.904542e+01 6.430000e+00 3.441276e+00
    endloop
  endfacet
  facet normal 0.000000e+00 1.000000e+00 -0.000000e+00
    outer loop
      vertex   -1.904542e+01 6.430000e+00 3.441276e+00
      vertex   -1.944128e+01 6.430000e+00 6.954579e+00
      vertex   -1.904542e+01 6.430000e+00 6.558725e+00
    endloop
  endfacet
  facet normal 0.000000e+00 1.000000e+00 0.000000e+00
    outer loop
      vertex   -1.904542e+01 6.430000e+00 3.441276e+00
      vertex   -1.904542e+01 6.430000e+00 6.558725e+00
      vertex   -1.874758e+01 6.430000e+00 3.915291e+00
    endloop
  endfacet
  facet normal 0.000000e+00 1.000000e+00 -0.000000e+00
    outer loop
      vertex   -1.874758e+01 6.430000e+00 3.915291e+00
      vertex   -1.904542e+01 6.430000e+00 6.558725e+00
      vertex   -1.874758e+01 6.430000e+00 6.084709e+00
    endloop
  endfacet
  facet normal 0.000000e+00 1.000000e+00 0.000000e+00
    outer loop
      vertex   -1.874758e+01 6.430000e+00 3.915291e+00
      vertex   -1.874758e+01 6.430000e+00 6.084709e+00
      vertex   -1.856268e+01 6.430000e+00 4.443698e+00
    endloop
  endfacet
  facet normal 0.000000e+00 1.000000e+00 -0.000000e+00
    outer loop
      vertex   -1.856268e+01 6.430000e+00 4.443698e+00
      vertex   -1.874758e+01 6.430000e+00 6.084709e+00
      vertex   -1.856268e+01 6.430000e+00 5.556302e+00
    endloop
  endfacet
  facet normal 0.000000e+00 1.000000e+00 0.000000e+00
    outer loop
      vertex   -1.856268e+01 6.430000e+00 4.443698e+00
      vertex   -1.856268e+01 6.430000e+00 5.556302e+00
      vertex   -1.850000e+01 6.430000e+00 5.000000e+00
    endloop
  endfacet
  facet normal -9.937122e-01 -0.000000e+00 -1.119645e-01
    outer loop
      vertex   3.071638e+00 6.430000e+00 1.512824e+00
      vertex   3.071638e+00 1.630000e+00 1.512824e+00
      vertex   3.008958e+00 6.430000e+00 2.069126e+00
    endloop
  endfacet
  facet normal -9.937122e-01 1.035879e-17 -1.119645e-01
    outer loop
      vertex   3.008958e+00 6.430000e+00 2.069126e+00
      vertex   3.071638e+00 1.630000e+00 1.512824e+00
      vertex   3.008958e+00 1.630000e+00 2.069126e+00
    endloop
  endfacet
  facet normal -9.937122e-01 -1.035879e-17 1.119645e-01
    outer loop
      vertex   3.008958e+00 6.430000e+00 2.069126e+00
      vertex   3.008958e+00 1.630000e+00 2.069126e+00
      vertex   3.071638e+00 6.430000e+00 2.625428e+00
    endloop
  endfacet
  facet normal -9.937122e-01 0.000000e+00 1.119645e-01
    outer loop
      vertex   3.071638e+00 6.430000e+00 2.625428e+00
      vertex   3.008958e+00 1.630000e+00 2.069126e+00
      vertex   3.071638e+00 1.630000e+00 2.625428e+00
    endloop
  endfacet
  facet normal -9.438833e-01 0.000000e+00 3.302791e-01
    outer loop
      vertex   3.071638e+00 6.430000e+00 2.625428e+00
      vertex   3.071638e+00 1.630000e+00 2.625428e+00
      vertex   3.256536e+00 6.430000e+00 3.153835e+00
    endloop
  endfacet
  facet normal -9.438833e-01 0.000000e+00 3.302791e-01
    outer loop
      vertex   3.256536e+00 6.430000e+00 3.153835e+00
      vertex   3.071638e+00 1.630000e+00 2.625428e+00
      vertex   3.256536e+00 1.630000e+00 3.153835e+00
    endloop
  endfacet
  facet normal -8.467242e-01 0.000000e+00 5.320321e-01
    outer loop
      vertex   3.256536e+00 6.430000e+00 3.153835e+00
      vertex   3.256536e+00 1.630000e+00 3.153835e+00
      vertex   3.554380e+00 6.430000e+00 3.627850e+00
    endloop
  endfacet
  facet normal -8.467242e-01 0.000000e+00 5.320321e-01
    outer loop
      vertex   3.554380e+00 6.430000e+00 3.627850e+00
      vertex   3.256536e+00 1.630000e+00 3.153835e+00
      vertex   3.554380e+00 1.630000e+00 3.627850e+00
    endloop
  endfacet
  facet normal -7.071068e-01 0.000000e+00 7.071068e-01
    outer loop
      vertex   3.554380e+00 6.430000e+00 3.627850e+00
      vertex   3.554380e+00 1.630000e+00 3.627850e+00
      vertex   3.950234e+00 6.430000e+00 4.023705e+00
    endloop
  endfacet
  facet normal -7.071068e-01 0.000000e+00 7.071068e-01
    outer loop
      vertex   3.950234e+00 6.430000e+00 4.023705e+00
      vertex   3.554380e+00 1.630000e+00 3.627850e+00
      vertex   3.950234e+00 1.630000e+00 4.023705e+00
    endloop
  endfacet
  facet normal -5.320321e-01 0.000000e+00 8.467242e-01
    outer loop
      vertex   3.950234e+00 6.430000e+00 4.023705e+00
      vertex   3.950234e+00 1.630000e+00 4.023705e+00
      vertex   4.424249e+00 6.430000e+00 4.321548e+00
    endloop
  endfacet
  facet normal -5.320321e-01 0.000000e+00 8.467242e-01
    outer loop
      vertex   4.424249e+00 6.430000e+00 4.321548e+00
      vertex   3.950234e+00 1.630000e+00 4.023705e+00
      vertex   4.424249e+00 1.630000e+00 4.321548e+00
    endloop
  endfacet
  facet normal -3.302791e-01 0.000000e+00 9.438833e-01
    outer loop
      vertex   4.424249e+00 6.430000e+00 4.321548e+00
      vertex   4.424249e+00 1.630000e+00 4.321548e+00
      vertex   4.952656e+00 6.430000e+00 4.506446e+00
    endloop
  endfacet
  facet normal -3.302791e-01 0.000000e+00 9.438833e-01
    outer loop
      vertex   4.952656e+00 6.430000e+00 4.506446e+00
      vertex   4.424249e+00 1.630000e+00 4.321548e+00
      vertex   4.952656e+00 1.630000e+00 4.506446e+00
    endloop
  endfacet
  facet normal -1.119645e-01 0.000000e+00 9.937122e-01
    outer loop
      vertex   4.952656e+00 6.430000e+00 4.506446e+00
      vertex   4.952656e+00 1.630000e+00 4.506446e+00
      vertex   5.508958e+00 6.430000e+00 4.569126e+00
    endloop
  endfacet
  facet normal -1.119645e-01 0.000000e+00 9.937122e-01
    outer loop
      vertex   5.508958e+00 6.430000e+00 4.569126e+00
      vertex   4.952656e+00 1.630000e+00 4.506446e+00
      vertex   5.508958e+00 1.630000e+00 4.569126e+00
    endloop
  endfacet
  facet normal 1.119645e-01 0.000000e+00 9.937122e-01
    outer loop
      vertex   5.508958e+00 6.430000e+00 4.569126e+00
      vertex   5.508958e+00 1.630000e+00 4.569126e+00
      vertex   6.065261e+00 6.430000e+00 4.506446e+00
    endloop
  endfacet
  facet normal 1.119645e-01 0.000000e+00 9.937122e-01
    outer loop
      vertex   6.065261e+00 6.430000e+00 4.506446e+00
      vertex   5.508958e+00 1.630000e+00 4.569126e+00
      vertex   6.065261e+00 1.630000e+00 4.506446e+00
    endloop
  endfacet
  facet normal 3.302791e-01 0.000000e+00 9.438833e-01
    outer loop
      vertex   6.065261e+00 6.430000e+00 4.506446e+00
      vertex   6.065261e+00 1.630000e+00 4.506446e+00
      vertex   6.593668e+00 6.430000e+00 4.321548e+00
    endloop
  endfacet
  facet normal 3.302791e-01 0.000000e+00 9.438833e-01
    outer loop
      vertex   6.593668e+00 6.430000e+00 4.321548e+00
      vertex   6.065261e+00 1.630000e+00 4.506446e+00
      vertex   6.593668e+00 1.630000e+00 4.321548e+00
    endloop
  endfacet
  facet normal 5.320321e-01 0.000000e+00 8.467242e-01
    outer loop
      vertex   6.593668e+00 6.430000e+00 4.321548e+00
      vertex   6.593668e+00 1.630000e+00 4.321548e+00
      vertex   7.067683e+00 6.430000e+00 4.023705e+00
    endloop
  endfacet
  facet normal 5.320321e-01 0.000000e+00 8.467242e-01
    outer loop
      vertex   7.067683e+00 6.430000e+00 4.023705e+00
      vertex   6.593668e+00 1.630000e+00 4.321548e+00
      vertex   7.067683e+00 1.630000e+00 4.023705e+00
    endloop
  endfacet
  facet normal 7.071068e-01 0.000000e+00 7.071068e-01
    outer loop
      vertex   7.067683e+00 6.430000e+00 4.023705e+00
      vertex   7.067683e+00 1.630000e+00 4.023705e+00
      vertex   7.463537e+00 6.430000e+00 3.627850e+00
    endloop
  endfacet
  facet normal 7.071068e-01 0.000000e+00 7.071068e-01
    outer loop
      vertex   7.463537e+00 6.430000e+00 3.627850e+00
      vertex   7.067683e+00 1.630000e+00 4.023705e+00
      vertex   7.463537e+00 1.630000e+00 3.627850e+00
    endloop
  endfacet
  facet normal 8.467242e-01 0.000000e+00 5.320321e-01
    outer loop
      vertex   7.463537e+00 6.430000e+00 3.627850e+00
      vertex   7.463537e+00 1.630000e+00 3.627850e+00
      vertex   7.761380e+00 6.430000e+00 3.153835e+00
    endloop
  endfacet
  facet normal 8.467242e-01 0.000000e+00 5.320321e-01
    outer loop
      vertex   7.761380e+00 6.430000e+00 3.153835e+00
      vertex   7.463537e+00 1.630000e+00 3.627850e+00
      vertex   7.761380e+00 1.630000e+00 3.153835e+00
    endloop
  endfacet
  facet normal 9.438833e-01 0.000000e+00 3.302791e-01
    outer loop
      vertex   7.761380e+00 6.430000e+00 3.153835e+00
      vertex   7.761380e+00 1.630000e+00 3.153835e+00
      vertex   7.946278e+00 6.430000e+00 2.625428e+00
    endloop
  endfacet
  facet normal 9.438833e-01 0.000000e+00 3.302791e-01
    outer loop
      vertex   7.946278e+00 6.430000e+00 2.625428e+00
      vertex   7.761380e+00 1.630000e+00 3.153835e+00
      vertex   7.946278e+00 1.630000e+00 2.625428e+00
    endloop
  endfacet
  facet normal 9.937122e-01 0.000000e+00 1.119645e-01
    outer loop
      vertex   7.946278e+00 6.430000e+00 2.625428e+00
      vertex   7.946278e+00 1.630000e+00 2.625428e+00
      vertex   8.008958e+00 6.430000e+00 2.069126e+00
    endloop
  endfacet
  facet normal 9.937122e-01 0.000000e+00 1.119645e-01
    outer loop
      vertex   8.008958e+00 6.430000e+00 2.069126e+00
      vertex   7.946278e+00 1.630000e+00 2.625428e+00
      vertex   8.008958e+00 1.630000e+00 2.069126e+00
    endloop
  endfacet
  facet normal 9.937122e-01 0.000000e+00 -1.119645e-01
    outer loop
      vertex   8.008958e+00 6.430000e+00 2.069126e+00
      vertex   8.008958e+00 1.630000e+00 2.069126e+00
      vertex   7.946278e+00 6.430000e+00 1.512824e+00
    endloop
  endfacet
  facet normal 9.937122e-01 0.000000e+00 -1.119645e-01
    outer loop
      vertex   7.946278e+00 6.430000e+00 1.512824e+00
      vertex   8.008958e+00 1.630000e+00 2.069126e+00
      vertex   7.946278e+00 1.630000e+00 1.512824e+00
    endloop
  endfacet
  facet normal 9.438833e-01 0.000000e+00 -3.302791e-01
    outer loop
      vertex   7.946278e+00 6.430000e+00 1.512824e+00
      vertex   7.946278e+00 1.630000e+00 1.512824e+00
      vertex   7.761380e+00 6.430000e+00 9.844166e-01
    endloop
  endfacet
  facet normal 9.438833e-01 0.000000e+00 -3.302791e-01
    outer loop
      vertex   7.761380e+00 6.430000e+00 9.844166e-01
      vertex   7.946278e+00 1.630000e+00 1.512824e+00
      vertex   7.761380e+00 1.630000e+00 9.844166e-01
    endloop
  endfacet
  facet normal 8.467242e-01 0.000000e+00 -5.320321e-01
    outer loop
      vertex   7.761380e+00 6.430000e+00 9.844166e-01
      vertex   7.761380e+00 1.630000e+00 9.844166e-01
      vertex   7.463537e+00 6.430000e+00 5.104015e-01
    endloop
  endfacet
  facet normal 8.467242e-01 0.000000e+00 -5.320321e-01
    outer loop
      vertex   7.463537e+00 6.430000e+00 5.104015e-01
      vertex   7.761380e+00 1.630000e+00 9.844166e-01
      vertex   7.463537e+00 1.630000e+00 5.104015e-01
    endloop
  endfacet
  facet normal 7.071068e-01 0.000000e+00 -7.071068e-01
    outer loop
      vertex   7.463537e+00 6.430000e+00 5.104015e-01
      vertex   7.463537e+00 1.630000e+00 5.104015e-01
      vertex   7.067683e+00 6.430000e+00 1.145473e-01
    endloop
  endfacet
  facet normal 7.071068e-01 0.000000e+00 -7.071068e-01
    outer loop
      vertex   7.067683e+00 6.430000e+00 1.145473e-01
      vertex   7.463537e+00 1.630000e+00 5.104015e-01
      vertex   7.067683e+00 1.630000e+00 1.145473e-01
    endloop
  endfacet
  facet normal 5.320321e-01 0.000000e+00 -8.467242e-01
    outer loop
      vertex   7.067683e+00 6.430000e+00 1.145473e-01
      vertex   7.067683e+00 1.630000e+00 1.145473e-01
      vertex   6.593668e+00 6.430000e+00 -1.832962e-01
    endloop
  endfacet
  facet normal 5.320321e-01 0.000000e+00 -8.467242e-01
    outer loop
      vertex   6.593668e+00 6.430000e+00 -1.832962e-01
      vertex   7.067683e+00 1.630000e+00 1.145473e-01
      vertex   6.593668e+00 1.630000e+00 -1.832962e-01
    endloop
  endfacet
  facet normal 3.302791e-01 0.000000e+00 -9.438833e-01
    outer loop
      vertex   6.593668e+00 6.430000e+00 -1.832962e-01
      vertex   6.593668e+00 1.630000e+00 -1.832962e-01
      vertex   6.065261e+00 6.430000e+00 -3.681938e-01
    endloop
  endfacet
  facet normal 3.302791e-01 0.000000e+00 -9.438833e-01
    outer loop
      vertex   6.065261e+00 6.430000e+00 -3.681938e-01
      vertex   6.593668e+00 1.630000e+00 -1.832962e-01
      vertex   6.065261e+00 1.630000e+00 -3.681938e-01
    endloop
  endfacet
  facet normal 1.119645e-01 0.000000e+00 -9.937122e-01
    outer loop
      vertex   6.065261e+00 6.430000e+00 -3.681938e-01
      vertex   6.065261e+00 1.630000e+00 -3.681938e-01
      vertex   5.508958e+00 6.430000e+00 -4.308740e-01
    endloop
  endfacet
  facet normal 1.119645e-01 0.000000e+00 -9.937122e-01
    outer loop
      vertex   5.508958e+00 6.430000e+00 -4.308740e-01
      vertex   6.065261e+00 1.630000e+00 -3.681938e-01
      vertex   5.508958e+00 1.630000e+00 -4.308740e-01
    endloop
  endfacet
  facet normal -1.119645e-01 -0.000000e+00 -9.937122e-01
    outer loop
      vertex   5.508958e+00 6.430000e+00 -4.308740e-01
      vertex   5.508958e+00 1.630000e+00 -4.308740e-01
      vertex   4.952656e+00 6.430000e+00 -3.681938e-01
    endloop
  endfacet
  facet normal -1.119645e-01 -0.000000e+00 -9.937122e-01
    outer loop
      vertex   4.952656e+00 6.430000e+00 -3.681938e-01
      vertex   5.508958e+00 1.630000e+00 -4.308740e-01
      vertex   4.952656e+00 1.630000e+00 -3.681938e-01
    endloop
  endfacet
  facet normal -3.302791e-01 -0.000000e+00 -9.438833e-01
    outer loop
      vertex   4.952656e+00 6.430000e+00 -3.681938e-01
      vertex   4.952656e+00 1.630000e+00 -3.681938e-01
      vertex   4.424249e+00 6.430000e+00 -1.832962e-01
    endloop
  endfacet
  facet normal -3.302791e-01 -0.000000e+00 -9.438833e-01
    outer loop
      vertex   4.424249e+00 6.430000e+00 -1.832962e-01
      vertex   4.952656e+00 1.630000e+00 -3.681938e-01
      vertex   4.424249e+00 1.630000e+00 -1.832962e-01
    endloop
  endfacet
  facet normal -5.320321e-01 -0.000000e+00 -8.467242e-01
    outer loop
      vertex   4.424249e+00 6.430000e+00 -1.832962e-01
      vertex   4.424249e+00 1.630000e+00 -1.832962e-01
      vertex   3.950234e+00 6.430000e+00 1.145473e-01
    endloop
  endfacet
  facet normal -5.320321e-01 -0.000000e+00 -8.467242e-01
    outer loop
      vertex   3.950234e+00 6.430000e+00 1.145473e-01
      vertex   4.424249e+00 1.630000e+00 -1.832962e-01
      vertex   3.950234e+00 1.630000e+00 1.145473e-01
    endloop
  endfacet
  facet normal -7.071068e-01 -0.000000e+00 -7.071068e-01
    outer loop
      vertex   3.950234e+00 6.430000e+00 1.145473e-01
      vertex   3.950234e+00 1.630000e+00 1.145473e-01
      vertex   3.554380e+00 6.430000e+00 5.104015e-01
    endloop
  endfacet
  facet normal -7.071068e-01 -0.000000e+00 -7.071068e-01
    outer loop
      vertex   3.554380e+00 6.430000e+00 5.104015e-01
      vertex   3.950234e+00 1.630000e+00 1.145473e-01
      vertex   3.554380e+00 1.630000e+00 5.104015e-01
    endloop
  endfacet
  facet normal -8.467242e-01 -0.000000e+00 -5.320321e-01
    outer loop
      vertex   3.554380e+00 6.430000e+00 5.104015e-01
      vertex   3.554380e+00 1.630000e+00 5.104015e-01
      vertex   3.256536e+00 6.430000e+00 9.844166e-01
    endloop
  endfacet
  facet normal -8.467242e-01 -0.000000e+00 -5.320321e-01
    outer loop
      vertex   3.256536e+00 6.430000e+00 9.844166e-01
      vertex   3.554380e+00 1.630000e+00 5.104015e-01
      vertex   3.256536e+00 1.630000e+00 9.844166e-01
    endloop
  endfacet
  facet normal -9.438833e-01 -0.000000e+00 -3.302791e-01
    outer loop
      vertex   3.256536e+00 6.430000e+00 9.844166e-01
      vertex   3.256536e+00 1.630000e+00 9.844166e-01
      vertex   3.071638e+00 6.430000e+00 1.512824e+00
    endloop
  endfacet
  facet normal -9.438833e-01 -0.000000e+00 -3.302791e-01
    outer loop
      vertex   3.071638e+00 6.430000e+00 1.512824e+00
      vertex   3.256536e+00 1.630000e+00 9.844166e-01
      vertex   3.071638e+00 1.630000e+00 1.512824e+00
    endloop
  endfacet
  facet normal -0.000000e+00 1.000000e+00 0.000000e+00
    outer loop
      vertex   3.008958e+00 6.430000e+00 2.069126e+00
      vertex   3.071638e+00 6.430000e+00 2.625428e+00
      vertex   3.071638e+00 6.430000e+00 1.512824e+00
    endloop
  endfacet
  facet normal -0.000000e+00 1.000000e+00 0.000000e+00
    outer loop
      vertex   3.071638e+00 6.430000e+00 1.512824e+00
      vertex   3.071638e+00 6.430000e+00 2.625428e+00
      vertex   3.256536e+00 6.430000e+00 9.844166e-01
    endloop
  endfacet
  facet normal 0.000000e+00 1.000000e+00 -0.000000e+00
    outer loop
      vertex   3.256536e+00 6.430000e+00 9.844166e-01
      vertex   3.071638e+00 6.430000e+00 2.625428e+00
      vertex   3.256536e+00 6.430000e+00 3.153835e+00
    endloop
  endfacet
  facet normal -0.000000e+00 1.000000e+00 0.000000e+00
    outer loop
      vertex   3.256536e+00 6.430000e+00 9.844166e-01
      vertex   3.256536e+00 6.430000e+00 3.153835e+00
      vertex   3.554380e+00 6.430000e+00 5.104015e-01
    endloop
  endfacet
  facet normal 0.000000e+00 1.000000e+00 -0.000000e+00
    outer loop
      vertex   3.554380e+00 6.430000e+00 5.104015e-01
      vertex   3.256536e+00 6.430000e+00 3.153835e+00
      vertex   3.554380e+00 6.430000e+00 3.627850e+00
    endloop
  endfacet
  facet normal -0.000000e+00 1.000000e+00 0.000000e+00
    outer loop
      vertex   3.554380e+00 6.430000e+00 5.104015e-01
      vertex   3.554380e+00 6.430000e+00 3.627850e+00
      vertex   3.950234e+00 6.430000e+00 1.145473e-01
    endloop
  endfacet
  facet normal 0.000000e+00 1.000000e+00 -0.000000e+00
    outer loop
      vertex   3.950234e+00 6.430000e+00 1.145473e-01
      vertex   3.554380e+00 6.430000e+00 3.627850e+00
      vertex   3.950234e+00 6.430000e+00 4.023705e+00
    endloop
  endfacet
  facet normal -0.000000e+00 1.000000e+00 0.000000e+00
    outer loop
      vertex   3.950234e+00 6.430000e+00 1.145473e-01
      vertex   3.950234e+00 6.430000e+00 4.023705e+00
      vertex   4.424249e+00 6.430000e+00 -1.832962e-01
    endloop
  endfacet
  facet normal 0.000000e+00 1.000000e+00 -0.000000e+00
    outer loop
      vertex   4.424249e+00 6.430000e+00 -1.832962e-01
      vertex   3.950234e+00 6.430000e+00 4.023705e+00
      vertex   4.424249e+00 6.430000e+00 4.321548e+00
    endloop
  endfacet
  facet normal -0.000000e+00 1.000000e+00 0.000000e+00
    outer loop
      vertex   4.424249e+00 6.430000e+00 -1.832962e-01
      vertex   4.424249e+00 6.430000e+00 4.321548e+00
      vertex   4.952656e+00 6.430000e+00 -3.681938e-01
    endloop
  endfacet
  facet normal 0.000000e+00 1.000000e+00 -0.000000e+00
    outer loop
      vertex   4.952656e+00 6.430000e+00 -3.681938e-01
      vertex   4.424249e+00 6.430000e+00 4.321548e+00
      vertex   4.952656e+00 6.430000e+00 4.506446e+00
    endloop
  endfacet
  facet normal -0.000000e+00 1.000000e+00 0.000000e+00
    outer loop
      vertex   4.952656e+00 6.430000e+00 -3.681938e-01
      vertex   4.952656e+00 6.430000e+00 4.506446e+00
      vertex   5.508958e+00 6.430000e+00 -4.308740e-01
    endloop
  endfacet
  facet normal 0.000000e+00 1.000000e+00 -0.000000e+00
    outer loop
      vertex   5.508958e+00 6.430000e+00 -4.308740e-01
      vertex   4.952656e+00 6.430000e+00 4.506446e+00
      vertex   5.508958e+00 6.430000e+00 4.569126e+00
    endloop
  endfacet
  facet normal 0.000000e+00 1.000000e+00 0.000000e+00
    outer loop
      vertex   5.508958e+00 6.430000e+00 -4.308740e-01
      vertex   5.508958e+00 6.430000e+00 4.569126e+00
      vertex   6.065261e+00 6.430000e+00 -3.681938e-01
    endloop
  endfacet
  facet normal 0.000000e+00 1.000000e+00 -0.000000e+00
    outer loop
      vertex   6.065261e+00 6.430000e+00 -3.681938e-01
      vertex   5.508958e+00 6.430000e+00 4.569126e+00
      vertex   6.065261e+00 6.430000e+00 4.506446e+00
    endloop
  endfacet
  facet normal 0.000000e+00 1.000000e+00 0.000000e+00
    outer loop
      vertex   6.065261e+00 6.430000e+00 -3.681938e-01
      vertex   6.065261e+00 6.430000e+00 4.506446e+00
      vertex   6.593668e+00 6.430000e+00 -1.832962e-01
    endloop
  endfacet
  facet normal 0.000000e+00 1.000000e+00 -0.000000e+00
    outer loop
      vertex   6.593668e+00 6.430000e+00 -1.832962e-01
      vertex   6.065261e+00 6.430000e+00 4.506446e+00
      vertex   6.593668e+00 6.430000e+00 4.321548e+00
    endloop
  endfacet
  facet normal 0.000000e+00 1.000000e+00 0.000000e+00
    outer loop
      vertex   6.593668e+00 6.430000e+00 -1.832962e-01
      vertex   6.593668e+00 6.430000e+00 4.321548e+00
      vertex   7.067683e+00 6.430000e+00 1.145473e-01
    endloop
  endfacet
  facet normal 0.000000e+00 1.000000e+00 -0.000000e+00
    outer loop
      vertex   7.067683e+00 6.430000e+00 1.145473e-01
      vertex   6.593668e+00 6.430000e+00 4.321548e+00
      vertex   7.067683e+00 6.430000e+00 4.023705e+00
    endloop
  endfacet
  facet normal 0.000000e+00 1.000000e+00 0.000000e+00
    outer loop
      vertex   7.067683e+00 6.430000e+00 1.145473e-01
      vertex   7.067683e+00 6.430000e+00 4.023705e+00
      vertex   7.463537e+00 6.430000e+00 5.104015e-01
    endloop
  endfacet
  facet normal 0.000000e+00 1.000000e+00 -0.000000e+00
    outer loop
      vertex   7.463537e+00 6.430000e+00 5.104015e-01
      vertex   7.067683e+00 6.430000e+00 4.023705e+00
      vertex   7.463537e+00 6.430000e+00 3.627850e+00
    endloop
  endfacet
  facet normal 0.000000e+00 1.000000e+00 0.000000e+00
    outer loop
      vertex   7.463537e+00 6.430000e+00 5.104015e-01
      vertex   7.463537e+00 6.430000e+00 3.627850e+00
      vertex   7.761380e+00 6.430000e+00 9.844166e-01
    endloop
  endfacet
  facet normal 0.000000e+00 1.000000e+00 -0.000000e+00
    outer loop
      vertex   7.761380e+00 6.430000e+00 9.844166e-01
      vertex   7.463537e+00 6.430000e+00 3.627850e+00
      vertex   7.761380e+00 6.430000e+00 3.153835e+00
    endloop
  endfacet
  facet normal 0.000000e+00 1.000000e+00 0.000000e+00
    outer loop
      vertex   7.761380e+00 6.430000e+00 9.844166e-01
      vertex   7.761380e+00 6.430000e+00 3.153835e+00
      vertex   7.946278e+00 6.430000e+00 1.512824e+00
    endloop
  endfacet
  facet normal 0.000000e+00 1.000000e+00 -0.000000e+00
    outer loop
      vertex   7.946278e+00 6.430000e+00 1.512824e+00
      vertex   7.761380e+00 6.430000e+00 3.153835e+00
      vertex   7.946278e+00 6.430000e+00 2.625428e+00
    endloop
  endfacet
  facet normal 0.000000e+00 1.000000e+00 0.000000e+00
    outer loop
      vertex   7.946278e+00 6.430000e+00 1.512824e+00
      vertex   7.946278e+00 6.430000e+00 2.625428e+00
      vertex   8.008958e+00 6.430000e+00 2.069126e+00
    endloop
  endfacet
  facet normal -9.937122e-01 -0.000000e+00 -1.119645e-01
    outer loop
      vertex   1.456268e+01 6.430000e+00 6.443698e+00
      vertex   1.456268e+01 1.630000e+00 6.443698e+00
      vertex   1.450000e+01 6.430000e+00 7.000000e+00
    endloop
  endfacet
  facet normal -9.937122e-01 -0.000000e+00 -1.119645e-01
    outer loop
      vertex   1.450000e+01 6.430000e+00 7.000000e+00
      vertex   1.456268e+01 1.630000e+00 6.443698e+00
      vertex   1.450000e+01 1.630000e+00 7.000000e+00
    endloop
  endfacet
  facet normal -9.937122e-01 0.000000e+00 1.119645e-01
    outer loop
      vertex   1.450000e+01 6.430000e+00 7.000000e+00
      vertex   1.450000e+01 1.630000e+00 7.000000e+00
      vertex   1.456268e+01 6.430000e+00 7.556302e+00
    endloop
  endfacet
  facet normal -9.937122e-01 0.000000e+00 1.119645e-01
    outer loop
      vertex   1.456268e+01 6.430000e+00 7.556302e+00
      vertex   1.450000e+01 1.630000e+00 7.000000e+00
      vertex   1.456268e+01 1.630000e+00 7.556302e+00
    endloop
  endfacet
  facet normal -9.438833e-01 0.000000e+00 3.302791e-01
    outer loop
      vertex   1.456268e+01 6.430000e+00 7.556302e+00
      vertex   1.456268e+01 1.630000e+00 7.556302e+00
      vertex   1.474758e+01 6.430000e+00 8.084709e+00
    endloop
  endfacet
  facet normal -9.438833e-01 0.000000e+00 3.302791e-01
    outer loop
      vertex   1.474758e+01 6.430000e+00 8.084709e+00
      vertex   1.456268e+01 1.630000e+00 7.556302e+00
      vertex   1.474758e+01 1.630000e+00 8.084709e+00
    endloop
  endfacet
  facet normal -8.467242e-01 0.000000e+00 5.320321e-01
    outer loop
      vertex   1.474758e+01 6.430000e+00 8.084709e+00
      vertex   1.474758e+01 1.630000e+00 8.084709e+00
      vertex   1.504542e+01 6.430000e+00 8.558725e+00
    endloop
  endfacet
  facet normal -8.467242e-01 0.000000e+00 5.320321e-01
    outer loop
      vertex   1.504542e+01 6.430000e+00 8.558725e+00
      vertex   1.474758e+01 1.630000e+00 8.084709e+00
      vertex   1.504542e+01 1.630000e+00 8.558725e+00
    endloop
  endfacet
  facet normal -7.071068e-01 0.000000e+00 7.071068e-01
    outer loop
      vertex   1.504542e+01 6.430000e+00 8.558725e+00
      vertex   1.504542e+01 1.630000e+00 8.558725e+00
      vertex   1.544128e+01 6.430000e+00 8.954579e+00
    endloop
  endfacet
  facet normal -7.071068e-01 0.000000e+00 7.071068e-01
    outer loop
      vertex   1.544128e+01 6.430000e+00 8.954579e+00
      vertex   1.504542e+01 1.630000e+00 8.558725e+00
      vertex   1.544128e+01 1.630000e+00 8.954579e+00
    endloop
  endfacet
  facet normal -5.320321e-01 0.000000e+00 8.467242e-01
    outer loop
      vertex   1.544128e+01 6.430000e+00 8.954579e+00
      vertex   1.544128e+01 1.630000e+00 8.954579e+00
      vertex   1.591529e+01 6.430000e+00 9.252422e+00
    endloop
  endfacet
  facet normal -5.320321e-01 0.000000e+00 8.467242e-01
    outer loop
      vertex   1.591529e+01 6.430000e+00 9.252422e+00
      vertex   1.544128e+01 1.630000e+00 8.954579e+00
      vertex   1.591529e+01 1.630000e+00 9.252422e+00
    endloop
  endfacet
  facet normal -3.302791e-01 0.000000e+00 9.438833e-01
    outer loop
      vertex   1.591529e+01 6.430000e+00 9.252422e+00
      vertex   1.591529e+01 1.630000e+00 9.252422e+00
      vertex   1.644370e+01 6.430000e+00 9.437320e+00
    endloop
  endfacet
  facet normal -3.302791e-01 0.000000e+00 9.438833e-01
    outer loop
      vertex   1.644370e+01 6.430000e+00 9.437320e+00
      vertex   1.591529e+01 1.630000e+00 9.252422e+00
      vertex   1.644370e+01 1.630000e+00 9.437320e+00
    endloop
  endfacet
  facet normal -1.119645e-01 0.000000e+00 9.937122e-01
    outer loop
      vertex   1.644370e+01 6.430000e+00 9.437320e+00
      vertex   1.644370e+01 1.630000e+00 9.437320e+00
      vertex   1.700000e+01 6.430000e+00 9.500000e+00
    endloop
  endfacet
  facet normal -1.119645e-01 0.000000e+00 9.937122e-01
    outer loop
      vertex   1.700000e+01 6.430000e+00 9.500000e+00
      vertex   1.644370e+01 1.630000e+00 9.437320e+00
      vertex   1.700000e+01 1.630000e+00 9.500000e+00
    endloop
  endfacet
  facet normal 1.119645e-01 0.000000e+00 9.937122e-01
    outer loop
      vertex   1.700000e+01 6.430000e+00 9.500000e+00
      vertex   1.700000e+01 1.630000e+00 9.500000e+00
      vertex   1.755630e+01 6.430000e+00 9.437320e+00
    endloop
  endfacet
  facet normal 1.119645e-01 0.000000e+00 9.937122e-01
    outer loop
      vertex   1.755630e+01 6.430000e+00 9.437320e+00
      vertex   1.700000e+01 1.630000e+00 9.500000e+00
      vertex   1.755630e+01 1.630000e+00 9.437320e+00
    endloop
  endfacet
  facet normal 3.302791e-01 0.000000e+00 9.438833e-01
    outer loop
      vertex   1.755630e+01 6.430000e+00 9.437320e+00
      vertex   1.755630e+01 1.630000e+00 9.437320e+00
      vertex   1.808471e+01 6.430000e+00 9.252422e+00
    endloop
  endfacet
  facet normal 3.302791e-01 0.000000e+00 9.438833e-01
    outer loop
      vertex   1.808471e+01 6.430000e+00 9.252422e+00
      vertex   1.755630e+01 1.630000e+00 9.437320e+00
      vertex   1.808471e+01 1.630000e+00 9.252422e+00
    endloop
  endfacet
  facet normal 5.320321e-01 0.000000e+00 8.467242e-01
    outer loop
      vertex   1.808471e+01 6.430000e+00 9.252422e+00
      vertex   1.808471e+01 1.630000e+00 9.252422e+00
      vertex   1.855872e+01 6.430000e+00 8.954579e+00
    endloop
  endfacet
  facet normal 5.320321e-01 0.000000e+00 8.467242e-01
    outer loop
      vertex   1.855872e+01 6.430000e+00 8.954579e+00
      vertex   1.808471e+01 1.630000e+00 9.252422e+00
      vertex   1.855872e+01 1.630000e+00 8.954579e+00
    endloop
  endfacet
  facet normal 7.071068e-01 0.000000e+00 7.071068e-01
    outer loop
      vertex   1.855872e+01 6.430000e+00 8.954579e+00
      vertex   1.855872e+01 1.630000e+00 8.954579e+00
      vertex   1.895458e+01 6.430000e+00 8.558725e+00
    endloop
  endfacet
  facet normal 7.071068e-01 0.000000e+00 7.071068e-01
    outer loop
      vertex   1.895458e+01 6.430000e+00 8.558725e+00
      vertex   1.855872e+01 1.630000e+00 8.954579e+00
      vertex   1.895458e+01 1.630000e+00 8.558725e+00
    endloop
  endfacet
  facet normal 8.467242e-01 0.000000e+00 5.320321e-01
    outer loop
      vertex   1.895458e+01 6.430000e+00 8.558725e+00
      vertex   1.895458e+01 1.630000e+00 8.558725e+00
      vertex   1.925242e+01 6.430000e+00 8.084709e+00
    endloop
  endfacet
  facet normal 8.467242e-01 0.000000e+00 5.320321e-01
    outer loop
      vertex   1.925242e+01 6.430000e+00 8.084709e+00
      vertex   1.895458e+01 1.630000e+00 8.558725e+00
      vertex   1.925242e+01 1.630000e+00 8.084709e+00
    endloop
  endfacet
  facet normal 9.438833e-01 0.000000e+00 3.302791e-01
    outer loop
      vertex   1.925242e+01 6.430000e+00 8.084709e+00
      vertex   1.925242e+01 1.630000e+00 8.084709e+00
      vertex   1.943732e+01 6.430000e+00 7.556302e+00
    endloop
  endfacet
  facet normal 9.438833e-01 0.000000e+00 3.302791e-01
    outer loop
      vertex   1.943732e+01 6.430000e+00 7.556302e+00
      vertex   1.925242e+01 1.630000e+00 8.084709e+00
      vertex   1.943732e+01 1.630000e+00 7.556302e+00
    endloop
  endfacet
  facet normal 9.937122e-01 0.000000e+00 1.119645e-01
    outer loop
      vertex   1.943732e+01 6.430000e+00 7.556302e+00
      vertex   1.943732e+01 1.630000e+00 7.556302e+00
      vertex   1.950000e+01 6.430000e+00 7.000000e+00
    endloop
  endfacet
  facet normal 9.937122e-01 0.000000e+00 1.119645e-01
    outer loop
      vertex   1.950000e+01 6.430000e+00 7.000000e+00
      vertex   1.943732e+01 1.630000e+00 7.556302e+00
      vertex   1.950000e+01 1.630000e+00 7.000000e+00
    endloop
  endfacet
  facet normal 9.937122e-01 0.000000e+00 -1.119645e-01
    outer loop
      vertex   1.950000e+01 6.430000e+00 7.000000e+00
      vertex   1.950000e+01 1.630000e+00 7.000000e+00
      vertex   1.943732e+01 6.430000e+00 6.443698e+00
    endloop
  endfacet
  facet normal 9.937122e-01 0.000000e+00 -1.119645e-01
    outer loop
      vertex   1.943732e+01 6.430000e+00 6.443698e+00
      vertex   1.950000e+01 1.630000e+00 7.000000e+00
      vertex   1.943732e+01 1.630000e+00 6.443698e+00
    endloop
  endfacet
  facet normal 9.438833e-01 0.000000e+00 -3.302791e-01
    outer loop
      vertex   1.943732e+01 6.430000e+00 6.443698e+00
      vertex   1.943732e+01 1.630000e+00 6.443698e+00
      vertex   1.925242e+01 6.430000e+00 5.915291e+00
    endloop
  endfacet
  facet normal 9.438833e-01 0.000000e+00 -3.302791e-01
    outer loop
      vertex   1.925242e+01 6.430000e+00 5.915291e+00
      vertex   1.943732e+01 1.630000e+00 6.443698e+00
      vertex   1.925242e+01 1.630000e+00 5.915291e+00
    endloop
  endfacet
  facet normal 8.467242e-01 0.000000e+00 -5.320321e-01
    outer loop
      vertex   1.925242e+01 6.430000e+00 5.915291e+00
      vertex   1.925242e+01 1.630000e+00 5.915291e+00
      vertex   1.895458e+01 6.430000e+00 5.441276e+00
    endloop
  endfacet
  facet normal 8.467242e-01 0.000000e+00 -5.320321e-01
    outer loop
      vertex   1.895458e+01 6.430000e+00 5.441276e+00
      vertex   1.925242e+01 1.630000e+00 5.915291e+00
      vertex   1.895458e+01 1.630000e+00 5.441276e+00
    endloop
  endfacet
  facet normal 7.071068e-01 0.000000e+00 -7.071068e-01
    outer loop
      vertex   1.895458e+01 6.430000e+00 5.441276e+00
      vertex   1.895458e+01 1.630000e+00 5.441276e+00
      vertex   1.855872e+01 6.430000e+00 5.045421e+00
    endloop
  endfacet
  facet normal 7.071068e-01 0.000000e+00 -7.071068e-01
    outer loop
      vertex   1.855872e+01 6.430000e+00 5.045421e+00
      vertex   1.895458e+01 1.630000e+00 5.441276e+00
      vertex   1.855872e+01 1.630000e+00 5.045421e+00
    endloop
  endfacet
  facet normal 5.320321e-01 0.000000e+00 -8.467242e-01
    outer loop
      vertex   1.855872e+01 6.430000e+00 5.045421e+00
      vertex   1.855872e+01 1.630000e+00 5.045421e+00
      vertex   1.808471e+01 6.430000e+00 4.747578e+00
    endloop
  endfacet
  facet normal 5.320321e-01 0.000000e+00 -8.467242e-01
    outer loop
      vertex   1.808471e+01 6.430000e+00 4.747578e+00
      vertex   1.855872e+01 1.630000e+00 5.045421e+00
      vertex   1.808471e+01 1.630000e+00 4.747578e+00
    endloop
  endfacet
  facet normal 3.302791e-01 0.000000e+00 -9.438833e-01
    outer loop
      vertex   1.808471e+01 6.430000e+00 4.747578e+00
      vertex   1.808471e+01 1.630000e+00 4.747578e+00
      vertex   1.755630e+01 6.430000e+00 4.562680e+00
    endloop
  endfacet
  facet normal 3.302791e-01 0.000000e+00 -9.438833e-01
    outer loop
      vertex   1.755630e+01 6.430000e+00 4.562680e+00
      vertex   1.808471e+01 1.630000e+00 4.747578e+00
      vertex   1.755630e+01 1.630000e+00 4.562680e+00
    endloop
  endfacet
  facet normal 1.119645e-01 0.000000e+00 -9.937122e-01
    outer loop
      vertex   1.755630e+01 6.430000e+00 4.562680e+00
      vertex   1.755630e+01 1.630000e+00 4.562680e+00
      vertex   1.700000e+01 6.430000e+00 4.500000e+00
    endloop
  endfacet
  facet normal 1.119645e-01 0.000000e+00 -9.937122e-01
    outer loop
      vertex   1.700000e+01 6.430000e+00 4.500000e+00
      vertex   1.755630e+01 1.630000e+00 4.562680e+00
      vertex   1.700000e+01 1.630000e+00 4.500000e+00
    endloop
  endfacet
  facet normal -1.119645e-01 -0.000000e+00 -9.937122e-01
    outer loop
      vertex   1.700000e+01 6.430000e+00 4.500000e+00
      vertex   1.700000e+01 1.630000e+00 4.500000e+00
      vertex   1.644370e+01 6.430000e+00 4.562680e+00
    endloop
  endfacet
  facet normal -1.119645e-01 -0.000000e+00 -9.937122e-01
    outer loop
      vertex   1.644370e+01 6.430000e+00 4.562680e+00
      vertex   1.700000e+01 1.630000e+00 4.500000e+00
      vertex   1.644370e+01 1.630000e+00 4.562680e+00
    endloop
  endfacet
  facet normal -3.302791e-01 -0.000000e+00 -9.438833e-01
    outer loop
      vertex   1.644370e+01 6.430000e+00 4.562680e+00
      vertex   1.644370e+01 1.630000e+00 4.562680e+00
      vertex   1.591529e+01 6.430000e+00 4.747578e+00
    endloop
  endfacet
  facet normal -3.302791e-01 -0.000000e+00 -9.438833e-01
    outer loop
      vertex   1.591529e+01 6.430000e+00 4.747578e+00
      vertex   1.644370e+01 1.630000e+00 4.562680e+00
      vertex   1.591529e+01 1.630000e+00 4.747578e+00
    endloop
  endfacet
  facet normal -5.320321e-01 -0.000000e+00 -8.467242e-01
    outer loop
      vertex   1.591529e+01 6.430000e+00 4.747578e+00
      vertex   1.591529e+01 1.630000e+00 4.747578e+00
      vertex   1.544128e+01 6.430000e+00 5.045421e+00
    endloop
  endfacet
  facet normal -5.320321e-01 -0.000000e+00 -8.467242e-01
    outer loop
      vertex   1.544128e+01 6.430000e+00 5.045421e+00
      vertex   1.591529e+01 1.630000e+00 4.747578e+00
      vertex   1.544128e+01 1.630000e+00 5.045421e+00
    endloop
  endfacet
  facet normal -7.071068e-01 -0.000000e+00 -7.071068e-01
    outer loop
      vertex   1.544128e+01 6.430000e+00 5.045421e+00
      vertex   1.544128e+01 1.630000e+00 5.045421e+00
      vertex   1.504542e+01 6.430000e+00 5.441276e+00
    endloop
  endfacet
  facet normal -7.071068e-01 -0.000000e+00 -7.071068e-01
    outer loop
      vertex   1.504542e+01 6.430000e+00 5.441276e+00
      vertex   1.544128e+01 1.630000e+00 5.045421e+00
      vertex   1.504542e+01 1.630000e+00 5.441276e+00
    endloop
  endfacet
  facet normal -8.467242e-01 -0.000000e+00 -5.320321e-01
    outer loop
      vertex   1.504542e+01 6.430000e+00 5.441276e+00
      vertex   1.504542e+01 1.630000e+00 5.441276e+00
      vertex   1.474758e+01 6.430000e+00 5.915291e+00
    endloop
  endfacet
  facet normal -8.467242e-01 -0.000000e+00 -5.320321e-01
    outer loop
      vertex   1.474758e+01 6.430000e+00 5.915291e+00
      vertex   1.504542e+01 1.630000e+00 5.441276e+00
      vertex   1.474758e+01 1.630000e+00 5.915291e+00
    endloop
  endfacet
  facet normal -9.438833e-01 -0.000000e+00 -3.302791e-01
    outer loop
      vertex   1.474758e+01 6.430000e+00 5.915291e+00
      vertex   1.474758e+01 1.630000e+00 5.915291e+00
      vertex   1.456268e+01 6.430000e+00 6.443698e+00
    endloop
  endfacet
  facet normal -9.438833e-01 -0.000000e+00 -3.302791e-01
    outer loop
      vertex   1.456268e+01 6.430000e+00 6.443698e+00
      vertex   1.474758e+01 1.630000e+00 5.915291e+00
      vertex   1.456268e+01 1.630000e+00 6.443698e+00
    endloop
  endfacet
  facet normal -0.000000e+00 1.000000e+00 0.000000e+00
    outer loop
      vertex   1.450000e+01 6.430000e+00 7.000000e+00
      vertex   1.456268e+01 6.430000e+00 7.556302e+00
      vertex   1.456268e+01 6.430000e+00 6.443698e+00
    endloop
  endfacet
  facet normal -0.000000e+00 1.000000e+00 0.000000e+00
    outer loop
      vertex   1.456268e+01 6.430000e+00 6.443698e+00
      vertex   1.456268e+01 6.430000e+00 7.556302e+00
      vertex   1.474758e+01 6.430000e+00 5.915291e+00
    endloop
  endfacet
  facet normal 0.000000e+00 1.000000e+00 -0.000000e+00
    outer loop
      vertex   1.474758e+01 6.430000e+00 5.915291e+00
      vertex   1.456268e+01 6.430000e+00 7.556302e+00
      vertex   1.474758e+01 6.430000e+00 8.084709e+00
    endloop
  endfacet
  facet normal -0.000000e+00 1.000000e+00 0.000000e+00
    outer loop
      vertex   1.474758e+01 6.430000e+00 5.915291e+00
      vertex   1.474758e+01 6.430000e+00 8.084709e+00
      vertex   1.504542e+01 6.430000e+00 5.441276e+00
    endloop
  endfacet
  facet normal 0.000000e+00 1.000000e+00 -0.000000e+00
    outer loop
      vertex   1.504542e+01 6.430000e+00 5.441276e+00
      vertex   1.474758e+01 6.430000e+00 8.084709e+00
      vertex   1.504542e+01 6.430000e+00 8.558725e+00
    endloop
  endfacet
  facet normal -0.000000e+00 1.000000e+00 0.000000e+00
    outer loop
      vertex   1.504542e+01 6.430000e+00 5.441276e+00
      vertex   1.504542e+01 6.430000e+00 8.558725e+00
      vertex   1.544128e+01 6.430000e+00 5.045421e+00
    endloop
  endfacet
  facet normal 0.000000e+00 1.000000e+00 -0.000000e+00
    outer loop
      vertex   1.544128e+01 6.430000e+00 5.045421e+00
      vertex   1.504542e+01 6.430000e+00 8.558725e+00
      vertex   1.544128e+01 6.430000e+00 8.954579e+00
    endloop
  endfacet
  facet normal -0.000000e+00 1.000000e+00 0.000000e+00
    outer loop
      vertex   1.544128e+01 6.430000e+00 5.045421e+00
      vertex   1.544128e+01 6.430000e+00 8.954579e+00
      vertex   1.591529e+01 6.430000e+00 4.747578e+00
    endloop
  endfacet
  facet normal 0.000000e+00 1.000000e+00 -0.000000e+00
    outer loop
      vertex   1.591529e+01 6.430000e+00 4.747578e+00
      vertex   1.544128e+01 6.430000e+00 8.954579e+00
      vertex   1.591529e+01 6.430000e+00 9.252422e+00
    endloop
  endfacet
  facet normal -0.000000e+00 1.000000e+00 0.000000e+00
    outer loop
      vertex   1.591529e+01 6.430000e+00 4.747578e+00
      vertex   1.591529e+01 6.430000e+00 9.252422e+00
      vertex   1.644370e+01 6.430000e+00 4.562680e+00
    endloop
  endfacet
  facet normal 0.000000e+00 1.000000e+00 -0.000000e+00
    outer loop
      vertex   1.644370e+01 6.430000e+00 4.562680e+00
      vertex   1.591529e+01 6.430000e+00 9.252422e+00
      vertex   1.644370e+01 6.430000e+00 9.437320e+00
    endloop
  endfacet
  facet normal -0.000000e+00 1.000000e+00 0.000000e+00
    outer loop
      vertex   1.644370e+01 6.430000e+00 4.562680e+00
      vertex   1.644370e+01 6.430000e+00 9.437320e+00
      vertex   1.700000e+01 6.430000e+00 4.500000e+00
    endloop
  endfacet
  facet normal 0.000000e+00 1.000000e+00 -0.000000e+00
    outer loop
      vertex   1.700000e+01 6.430000e+00 4.500000e+00
      vertex   1.644370e+01 6.430000e+00 9.437320e+00
      vertex   1.700000e+01 6.430000e+00 9.500000e+00
    endloop
  endfacet
  facet normal 0.000000e+00 1.000000e+00 0.000000e+00
    outer loop
      vertex   1.700000e+01 6.430000e+00 4.500000e+00
      vertex   1.700000e+01 6.430000e+00 9.500000e+00
      vertex   1.755630e+01 6.430000e+00 4.562680e+00
    endloop
  endfacet
  facet normal 0.000000e+00 1.000000e+00 -0.000000e+00
    outer loop
      vertex   1.755630e+01 6.430000e+00 4.562680e+00
      vertex   1.700000e+01 6.430000e+00 9.500000e+00
      vertex   1.755630e+01 6.430000e+00 9.437320e+00
    endloop
  endfacet
  facet normal 0.000000e+00 1.000000e+00 0.000000e+00
    outer loop
      vertex   1.755630e+01 6.430000e+00 4.562680e+00
      vertex   1.755630e+01 6.430000e+00 9.437320e+00
      vertex   1.808471e+01 6.430000e+00 4.747578e+00
    endloop
  endfacet
  facet normal 0.000000e+00 1.000000e+00 -0.000000e+00
    outer loop
      vertex   1.808471e+01 6.430000e+00 4.747578e+00
      vertex   1.755630e+01 6.430000e+00 9.437320e+00
      vertex   1.808471e+01 6.430000e+00 9.252422e+00
    endloop
  endfacet
  facet normal 0.000000e+00 1.000000e+00 0.000000e+00
    outer loop
      vertex   1.808471e+01 6.430000e+00 4.747578e+00
      vertex   1.808471e+01 6.430000e+00 9.252422e+00
      vertex   1.855872e+01 6.430000e+00 5.045421e+00
    endloop
  endfacet
  facet normal 0.000000e+00 1.000000e+00 -0.000000e+00
    outer loop
      vertex   1.855872e+01 6.430000e+00 5.045421e+00
      vertex   1.808471e+01 6.430000e+00 9.252422e+00
      vertex   1.855872e+01 6.430000e+00 8.954579e+00
    endloop
  endfacet
  facet normal 0.000000e+00 1.000000e+00 0.000000e+00
    outer loop
      vertex   1.855872e+01 6.430000e+00 5.045421e+00
      vertex   1.855872e+01 6.430000e+00 8.954579e+00
      vertex   1.895458e+01 6.430000e+00 5.441276e+00
    endloop
  endfacet
  facet normal 0.000000e+00 1.000000e+00 -0.000000e+00
    outer loop
      vertex   1.895458e+01 6.430000e+00 5.441276e+00
      vertex   1.855872e+01 6.430000e+00 8.954579e+00
      vertex   1.895458e+01 6.430000e+00 8.558725e+00
    endloop
  endfacet
  facet normal 0.000000e+00 1.000000e+00 0.000000e+00
    outer loop
      vertex   1.895458e+01 6.430000e+00 5.441276e+00
      vertex   1.895458e+01 6.430000e+00 8.558725e+00
      vertex   1.925242e+01 6.430000e+00 5.915291e+00
    endloop
  endfacet
  facet normal 0.000000e+00 1.000000e+00 -0.000000e+00
    outer loop
      vertex   1.925242e+01 6.430000e+00 5.915291e+00
      vertex   1.895458e+01 6.430000e+00 8.558725e+00
      vertex   1.925242e+01 6.430000e+00 8.084709e+00
    endloop
  endfacet
  facet normal 0.000000e+00 1.000000e+00 0.000000e+00
    outer loop
      vertex   1.925242e+01 6.430000e+00 5.915291e+00
      vertex   1.925242e+01 6.430000e+00 8.084709e+00
      vertex   1.943732e+01 6.430000e+00 6.443698e+00
    endloop
  endfacet
  facet normal 0.000000e+00 1.000000e+00 -0.000000e+00
    outer loop
      vertex   1.943732e+01 6.430000e+00 6.443698e+00
      vertex   1.925242e+01 6.430000e+00 8.084709e+00
      vertex   1.943732e+01 6.430000e+00 7.556302e+00
    endloop
  endfacet
  facet normal 0.000000e+00 1.000000e+00 0.000000e+00
    outer loop
      vertex   1.943732e+01 6.430000e+00 6.443698e+00
      vertex   1.943732e+01 6.430000e+00 7.556302e+00
      vertex   1.950000e+01 6.430000e+00 7.000000e+00
    endloop
  endfacet
  facet normal 9.914449e-01 0.000000e+00 -1.305262e-01
    outer loop
      vertex   5.418919e+01 1.630000e+00 -1.985815e+01
      vertex   5.418919e+01 6.300000e-01 -1.985815e+01
      vertex   5.416023e+01 1.630000e+00 -2.007814e+01
    endloop
  endfacet
  facet normal 9.914449e-01 0.000000e+00 -1.305262e-01
    outer loop
      vertex   5.416023e+01 1.630000e+00 -2.007814e+01
      vertex   5.418919e+01 6.300000e-01 -1.985815e+01
      vertex   5.416023e+01 6.300000e-01 -2.007814e+01
    endloop
  endfacet
  facet normal 9.914449e-01 0.000000e+00 1.305262e-01
    outer loop
      vertex   5.416023e+01 1.630000e+00 -2.007814e+01
      vertex   5.416023e+01 6.300000e-01 -2.007814e+01
      vertex   5.418919e+01 1.630000e+00 -2.029814e+01
    endloop
  endfacet
  facet normal 9.914449e-01 0.000000e+00 1.305262e-01
    outer loop
      vertex   5.418919e+01 1.630000e+00 -2.029814e+01
      vertex   5.416023e+01 6.300000e-01 -2.007814e+01
      vertex   5.418919e+01 6.300000e-01 -2.029814e+01
    endloop
  endfacet
  facet normal 9.238795e-01 0.000000e+00 3.826834e-01
    outer loop
      vertex   5.418919e+01 1.630000e+00 -2.029814e+01
      vertex   5.418919e+01 6.300000e-01 -2.029814e+01
      vertex   5.427411e+01 1.630000e+00 -2.050314e+01
    endloop
  endfacet
  facet normal 9.238795e-01 0.000000e+00 3.826834e-01
    outer loop
      vertex   5.427411e+01 1.630000e+00 -2.050314e+01
      vertex   5.418919e+01 6.300000e-01 -2.029814e+01
      vertex   5.427411e+01 6.300000e-01 -2.050314e+01
    endloop
  endfacet
  facet normal 7.933533e-01 0.000000e+00 6.087614e-01
    outer loop
      vertex   5.427411e+01 1.630000e+00 -2.050314e+01
      vertex   5.427411e+01 6.300000e-01 -2.050314e+01
      vertex   5.440919e+01 1.630000e+00 -2.067919e+01
    endloop
  endfacet
  facet normal 7.933533e-01 0.000000e+00 6.087614e-01
    outer loop
      vertex   5.440919e+01 1.630000e+00 -2.067919e+01
      vertex   5.427411e+01 6.300000e-01 -2.050314e+01
      vertex   5.440919e+01 6.300000e-01 -2.067919e+01
    endloop
  endfacet
  facet normal 6.087614e-01 0.000000e+00 7.933533e-01
    outer loop
      vertex   5.440919e+01 1.630000e+00 -2.067919e+01
      vertex   5.440919e+01 6.300000e-01 -2.067919e+01
      vertex   5.458523e+01 1.630000e+00 -2.081427e+01
    endloop
  endfacet
  facet normal 6.087614e-01 8.651020e-15 7.933533e-01
    outer loop
      vertex   5.458523e+01 1.630000e+00 -2.081427e+01
      vertex   5.440919e+01 6.300000e-01 -2.067919e+01
      vertex   5.458523e+01 6.300000e-01 -2.081427e+01
    endloop
  endfacet
  facet normal 3.826834e-01 5.438259e-15 9.238795e-01
    outer loop
      vertex   5.458523e+01 1.630000e+00 -2.081427e+01
      vertex   5.458523e+01 6.300000e-01 -2.081427e+01
      vertex   5.479023e+01 1.630000e+00 -2.089918e+01
    endloop
  endfacet
  facet normal 3.826834e-01 0.000000e+00 9.238795e-01
    outer loop
      vertex   5.479023e+01 1.630000e+00 -2.089918e+01
      vertex   5.458523e+01 6.300000e-01 -2.081427e+01
      vertex   5.479023e+01 6.300000e-01 -2.089918e+01
    endloop
  endfacet
  facet normal 1.305262e-01 0.000000e+00 9.914449e-01
    outer loop
      vertex   5.479023e+01 1.630000e+00 -2.089918e+01
      vertex   5.479023e+01 6.300000e-01 -2.089918e+01
      vertex   5.501023e+01 1.630000e+00 -2.092814e+01
    endloop
  endfacet
  facet normal 1.305262e-01 0.000000e+00 9.914449e-01
    outer loop
      vertex   5.501023e+01 1.630000e+00 -2.092814e+01
      vertex   5.479023e+01 6.300000e-01 -2.089918e+01
      vertex   5.501023e+01 6.300000e-01 -2.092814e+01
    endloop
  endfacet
  facet normal -1.305262e-01 0.000000e+00 9.914449e-01
    outer loop
      vertex   5.501023e+01 1.630000e+00 -2.092814e+01
      vertex   5.501023e+01 6.300000e-01 -2.092814e+01
      vertex   5.523023e+01 1.630000e+00 -2.089918e+01
    endloop
  endfacet
  facet normal -1.305262e-01 0.000000e+00 9.914449e-01
    outer loop
      vertex   5.523023e+01 1.630000e+00 -2.089918e+01
      vertex   5.501023e+01 6.300000e-01 -2.092814e+01
      vertex   5.523023e+01 6.300000e-01 -2.089918e+01
    endloop
  endfacet
  facet normal -3.826834e-01 0.000000e+00 9.238795e-01
    outer loop
      vertex   5.523023e+01 1.630000e+00 -2.089918e+01
      vertex   5.523023e+01 6.300000e-01 -2.089918e+01
      vertex   5.543523e+01 1.630000e+00 -2.081427e+01
    endloop
  endfacet
  facet normal -3.826834e-01 -2.719129e-15 9.238795e-01
    outer loop
      vertex   5.543523e+01 1.630000e+00 -2.081427e+01
      vertex   5.523023e+01 6.300000e-01 -2.089918e+01
      vertex   5.543523e+01 6.300000e-01 -2.081427e+01
    endloop
  endfacet
  facet normal -6.087614e-01 -4.325510e-15 7.933533e-01
    outer loop
      vertex   5.543523e+01 1.630000e+00 -2.081427e+01
      vertex   5.543523e+01 6.300000e-01 -2.081427e+01
      vertex   5.561127e+01 1.630000e+00 -2.067919e+01
    endloop
  endfacet
  facet normal -6.087614e-01 0.000000e+00 7.933533e-01
    outer loop
      vertex   5.561127e+01 1.630000e+00 -2.067919e+01
      vertex   5.543523e+01 6.300000e-01 -2.081427e+01
      vertex   5.561127e+01 6.300000e-01 -2.067919e+01
    endloop
  endfacet
  facet normal -7.933533e-01 0.000000e+00 6.087614e-01
    outer loop
      vertex   5.561127e+01 1.630000e+00 -2.067919e+01
      vertex   5.561127e+01 6.300000e-01 -2.067919e+01
      vertex   5.574635e+01 1.630000e+00 -2.050314e+01
    endloop
  endfacet
  facet normal -7.933533e-01 0.000000e+00 6.087614e-01
    outer loop
      vertex   5.574635e+01 1.630000e+00 -2.050314e+01
      vertex   5.561127e+01 6.300000e-01 -2.067919e+01
      vertex   5.574635e+01 6.300000e-01 -2.050314e+01
    endloop
  endfacet
  facet normal -9.238795e-01 0.000000e+00 3.826834e-01
    outer loop
      vertex   5.574635e+01 1.630000e+00 -2.050314e+01
      vertex   5.574635e+01 6.300000e-01 -2.050314e+01
      vertex   5.583127e+01 1.630000e+00 -2.029814e+01
    endloop
  endfacet
  facet normal -9.238795e-01 0.000000e+00 3.826834e-01
    outer loop
      vertex   5.583127e+01 1.630000e+00 -2.029814e+01
      vertex   5.574635e+01 6.300000e-01 -2.050314e+01
      vertex   5.583127e+01 6.300000e-01 -2.029814e+01
    endloop
  endfacet
  facet normal -9.914449e-01 0.000000e+00 1.305262e-01
    outer loop
      vertex   5.583127e+01 1.630000e+00 -2.029814e+01
      vertex   5.583127e+01 6.300000e-01 -2.029814e+01
      vertex   5.586023e+01 1.630000e+00 -2.007814e+01
    endloop
  endfacet
  facet normal -9.914449e-01 0.000000e+00 1.305262e-01
    outer loop
      vertex   5.586023e+01 1.630000e+00 -2.007814e+01
      vertex   5.583127e+01 6.300000e-01 -2.029814e+01
      vertex   5.586023e+01 6.300000e-01 -2.007814e+01
    endloop
  endfacet
  facet normal -9.914449e-01 -0.000000e+00 -1.305262e-01
    outer loop
      vertex   5.586023e+01 1.630000e+00 -2.007814e+01
      vertex   5.586023e+01 6.300000e-01 -2.007814e+01
      vertex   5.583127e+01 1.630000e+00 -1.985815e+01
    endloop
  endfacet
  facet normal -9.914449e-01 -0.000000e+00 -1.305262e-01
    outer loop
      vertex   5.583127e+01 1.630000e+00 -1.985815e+01
      vertex   5.586023e+01 6.300000e-01 -2.007814e+01
      vertex   5.583127e+01 6.300000e-01 -1.985815e+01
    endloop
  endfacet
  facet normal -9.238795e-01 -0.000000e+00 -3.826834e-01
    outer loop
      vertex   5.583127e+01 1.630000e+00 -1.985815e+01
      vertex   5.583127e+01 6.300000e-01 -1.985815e+01
      vertex   5.574635e+01 1.630000e+00 -1.965314e+01
    endloop
  endfacet
  facet normal -9.238795e-01 -0.000000e+00 -3.826834e-01
    outer loop
      vertex   5.574635e+01 1.630000e+00 -1.965314e+01
      vertex   5.583127e+01 6.300000e-01 -1.985815e+01
      vertex   5.574635e+01 6.300000e-01 -1.965314e+01
    endloop
  endfacet
  facet normal -7.933533e-01 -0.000000e+00 -6.087614e-01
    outer loop
      vertex   5.574635e+01 1.630000e+00 -1.965314e+01
      vertex   5.574635e+01 6.300000e-01 -1.965314e+01
      vertex   5.561127e+01 1.630000e+00 -1.947710e+01
    endloop
  endfacet
  facet normal -7.933533e-01 -0.000000e+00 -6.087614e-01
    outer loop
      vertex   5.561127e+01 1.630000e+00 -1.947710e+01
      vertex   5.574635e+01 6.300000e-01 -1.965314e+01
      vertex   5.561127e+01 6.300000e-01 -1.947710e+01
    endloop
  endfacet
  facet normal -6.087614e-01 -0.000000e+00 -7.933533e-01
    outer loop
      vertex   5.561127e+01 1.630000e+00 -1.947710e+01
      vertex   5.561127e+01 6.300000e-01 -1.947710e+01
      vertex   5.543523e+01 1.630000e+00 -1.934202e+01
    endloop
  endfacet
  facet normal -6.087614e-01 4.325510e-15 -7.933533e-01
    outer loop
      vertex   5.543523e+01 1.630000e+00 -1.934202e+01
      vertex   5.561127e+01 6.300000e-01 -1.947710e+01
      vertex   5.543523e+01 6.300000e-01 -1.934202e+01
    endloop
  endfacet
  facet normal -3.826834e-01 2.719129e-15 -9.238795e-01
    outer loop
      vertex   5.543523e+01 1.630000e+00 -1.934202e+01
      vertex   5.543523e+01 6.300000e-01 -1.934202e+01
      vertex   5.523023e+01 1.630000e+00 -1.925711e+01
    endloop
  endfacet
  facet normal -3.826834e-01 -0.000000e+00 -9.238795e-01
    outer loop
      vertex   5.523023e+01 1.630000e+00 -1.925711e+01
      vertex   5.543523e+01 6.300000e-01 -1.934202e+01
      vertex   5.523023e+01 6.300000e-01 -1.925711e+01
    endloop
  endfacet
  facet normal -1.305262e-01 -0.000000e+00 -9.914449e-01
    outer loop
      vertex   5.523023e+01 1.630000e+00 -1.925711e+01
      vertex   5.523023e+01 6.300000e-01 -1.925711e+01
      vertex   5.501023e+01 1.630000e+00 -1.922814e+01
    endloop
  endfacet
  facet normal -1.305262e-01 -0.000000e+00 -9.914449e-01
    outer loop
      vertex   5.501023e+01 1.630000e+00 -1.922814e+01
      vertex   5.523023e+01 6.300000e-01 -1.925711e+01
      vertex   5.501023e+01 6.300000e-01 -1.922814e+01
    endloop
  endfacet
  facet normal 1.305262e-01 0.000000e+00 -9.914449e-01
    outer loop
      vertex   5.501023e+01 1.630000e+00 -1.922814e+01
      vertex   5.501023e+01 6.300000e-01 -1.922814e+01
      vertex   5.479023e+01 1.630000e+00 -1.925711e+01
    endloop
  endfacet
  facet normal 1.305262e-01 0.000000e+00 -9.914449e-01
    outer loop
      vertex   5.479023e+01 1.630000e+00 -1.925711e+01
      vertex   5.501023e+01 6.300000e-01 -1.922814e+01
      vertex   5.479023e+01 6.300000e-01 -1.925711e+01
    endloop
  endfacet
  facet normal 3.826834e-01 0.000000e+00 -9.238795e-01
    outer loop
      vertex   5.479023e+01 1.630000e+00 -1.925711e+01
      vertex   5.479023e+01 6.300000e-01 -1.925711e+01
      vertex   5.458523e+01 1.630000e+00 -1.934202e+01
    endloop
  endfacet
  facet normal 3.826834e-01 -5.438259e-15 -9.238795e-01
    outer loop
      vertex   5.458523e+01 1.630000e+00 -1.934202e+01
      vertex   5.479023e+01 6.300000e-01 -1.925711e+01
      vertex   5.458523e+01 6.300000e-01 -1.934202e+01
    endloop
  endfacet
  facet normal 6.087614e-01 -8.651020e-15 -7.933533e-01
    outer loop
      vertex   5.458523e+01 1.630000e+00 -1.934202e+01
      vertex   5.458523e+01 6.300000e-01 -1.934202e+01
      vertex   5.440919e+01 1.630000e+00 -1.947710e+01
    endloop
  endfacet
  facet normal 6.087614e-01 0.000000e+00 -7.933533e-01
    outer loop
      vertex   5.440919e+01 1.630000e+00 -1.947710e+01
      vertex   5.458523e+01 6.300000e-01 -1.934202e+01
      vertex   5.440919e+01 6.300000e-01 -1.947710e+01
    endloop
  endfacet
  facet normal 7.933533e-01 0.000000e+00 -6.087614e-01
    outer loop
      vertex   5.440919e+01 1.630000e+00 -1.947710e+01
      vertex   5.440919e+01 6.300000e-01 -1.947710e+01
      vertex   5.427411e+01 1.630000e+00 -1.965314e+01
    endloop
  endfacet
  facet normal 7.933533e-01 0.000000e+00 -6.087614e-01
    outer loop
      vertex   5.427411e+01 1.630000e+00 -1.965314e+01
      vertex   5.440919e+01 6.300000e-01 -1.947710e+01
      vertex   5.427411e+01 6.300000e-01 -1.965314e+01
    endloop
  endfacet
  facet normal 9.238795e-01 0.000000e+00 -3.826834e-01
    outer loop
      vertex   5.427411e+01 1.630000e+00 -1.965314e+01
      vertex   5.427411e+01 6.300000e-01 -1.965314e+01
      vertex   5.418919e+01 1.630000e+00 -1.985815e+01
    endloop
  endfacet
  facet normal 9.238795e-01 0.000000e+00 -3.826834e-01
    outer loop
      vertex   5.418919e+01 1.630000e+00 -1.985815e+01
      vertex   5.427411e+01 6.300000e-01 -1.965314e+01
      vertex   5.418919e+01 6.300000e-01 -1.985815e+01
    endloop
  endfacet
  facet normal 9.914449e-01 0.000000e+00 -1.305262e-01
    outer loop
      vertex   5.418919e+01 1.630000e+00 2.021346e+01
      vertex   5.418919e+01 6.300000e-01 2.021346e+01
      vertex   5.416023e+01 1.630000e+00 1.999346e+01
    endloop
  endfacet
  facet normal 9.914449e-01 0.000000e+00 -1.305262e-01
    outer loop
      vertex   5.416023e+01 1.630000e+00 1.999346e+01
      vertex   5.418919e+01 6.300000e-01 2.021346e+01
      vertex   5.416023e+01 6.300000e-01 1.999346e+01
    endloop
  endfacet
  facet normal 9.914449e-01 0.000000e+00 1.305262e-01
    outer loop
      vertex   5.416023e+01 1.630000e+00 1.999346e+01
      vertex   5.416023e+01 6.300000e-01 1.999346e+01
      vertex   5.418919e+01 1.630000e+00 1.977347e+01
    endloop
  endfacet
  facet normal 9.914449e-01 0.000000e+00 1.305262e-01
    outer loop
      vertex   5.418919e+01 1.630000e+00 1.977347e+01
      vertex   5.416023e+01 6.300000e-01 1.999346e+01
      vertex   5.418919e+01 6.300000e-01 1.977347e+01
    endloop
  endfacet
  facet normal 9.238795e-01 0.000000e+00 3.826834e-01
    outer loop
      vertex   5.418919e+01 1.630000e+00 1.977347e+01
      vertex   5.418919e+01 6.300000e-01 1.977347e+01
      vertex   5.427411e+01 1.630000e+00 1.956846e+01
    endloop
  endfacet
  facet normal 9.238795e-01 0.000000e+00 3.826834e-01
    outer loop
      vertex   5.427411e+01 1.630000e+00 1.956846e+01
      vertex   5.418919e+01 6.300000e-01 1.977347e+01
      vertex   5.427411e+01 6.300000e-01 1.956846e+01
    endloop
  endfacet
  facet normal 7.933533e-01 0.000000e+00 6.087614e-01
    outer loop
      vertex   5.427411e+01 1.630000e+00 1.956846e+01
      vertex   5.427411e+01 6.300000e-01 1.956846e+01
      vertex   5.440919e+01 1.630000e+00 1.939242e+01
    endloop
  endfacet
  facet normal 7.933533e-01 0.000000e+00 6.087614e-01
    outer loop
      vertex   5.440919e+01 1.630000e+00 1.939242e+01
      vertex   5.427411e+01 6.300000e-01 1.956846e+01
      vertex   5.440919e+01 6.300000e-01 1.939242e+01
    endloop
  endfacet
  facet normal 6.087614e-01 0.000000e+00 7.933533e-01
    outer loop
      vertex   5.440919e+01 1.630000e+00 1.939242e+01
      vertex   5.440919e+01 6.300000e-01 1.939242e+01
      vertex   5.458523e+01 1.630000e+00 1.925734e+01
    endloop
  endfacet
  facet normal 6.087614e-01 4.325510e-15 7.933533e-01
    outer loop
      vertex   5.458523e+01 1.630000e+00 1.925734e+01
      vertex   5.440919e+01 6.300000e-01 1.939242e+01
      vertex   5.458523e+01 6.300000e-01 1.925734e+01
    endloop
  endfacet
  facet normal 3.826834e-01 2.719129e-15 9.238795e-01
    outer loop
      vertex   5.458523e+01 1.630000e+00 1.925734e+01
      vertex   5.458523e+01 6.300000e-01 1.925734e+01
      vertex   5.479023e+01 1.630000e+00 1.917243e+01
    endloop
  endfacet
  facet normal 3.826834e-01 0.000000e+00 9.238795e-01
    outer loop
      vertex   5.479023e+01 1.630000e+00 1.917243e+01
      vertex   5.458523e+01 6.300000e-01 1.925734e+01
      vertex   5.479023e+01 6.300000e-01 1.917243e+01
    endloop
  endfacet
  facet normal 1.305262e-01 0.000000e+00 9.914449e-01
    outer loop
      vertex   5.479023e+01 1.630000e+00 1.917243e+01
      vertex   5.479023e+01 6.300000e-01 1.917243e+01
      vertex   5.501023e+01 1.630000e+00 1.914346e+01
    endloop
  endfacet
  facet normal 1.305262e-01 0.000000e+00 9.914449e-01
    outer loop
      vertex   5.501023e+01 1.630000e+00 1.914346e+01
      vertex   5.479023e+01 6.300000e-01 1.917243e+01
      vertex   5.501023e+01 6.300000e-01 1.914346e+01
    endloop
  endfacet
  facet normal -1.305262e-01 0.000000e+00 9.914449e-01
    outer loop
      vertex   5.501023e+01 1.630000e+00 1.914346e+01
      vertex   5.501023e+01 6.300000e-01 1.914346e+01
      vertex   5.523023e+01 1.630000e+00 1.917243e+01
    endloop
  endfacet
  facet normal -1.305262e-01 0.000000e+00 9.914449e-01
    outer loop
      vertex   5.523023e+01 1.630000e+00 1.917243e+01
      vertex   5.501023e+01 6.300000e-01 1.914346e+01
      vertex   5.523023e+01 6.300000e-01 1.917243e+01
    endloop
  endfacet
  facet normal -3.826834e-01 0.000000e+00 9.238795e-01
    outer loop
      vertex   5.523023e+01 1.630000e+00 1.917243e+01
      vertex   5.523023e+01 6.300000e-01 1.917243e+01
      vertex   5.543523e+01 1.630000e+00 1.925734e+01
    endloop
  endfacet
  facet normal -3.826834e-01 -2.719129e-15 9.238795e-01
    outer loop
      vertex   5.543523e+01 1.630000e+00 1.925734e+01
      vertex   5.523023e+01 6.300000e-01 1.917243e+01
      vertex   5.543523e+01 6.300000e-01 1.925734e+01
    endloop
  endfacet
  facet normal -6.087614e-01 -4.325510e-15 7.933533e-01
    outer loop
      vertex   5.543523e+01 1.630000e+00 1.925734e+01
      vertex   5.543523e+01 6.300000e-01 1.925734e+01
      vertex   5.561127e+01 1.630000e+00 1.939242e+01
    endloop
  endfacet
  facet normal -6.087614e-01 0.000000e+00 7.933533e-01
    outer loop
      vertex   5.561127e+01 1.630000e+00 1.939242e+01
      vertex   5.543523e+01 6.300000e-01 1.925734e+01
      vertex   5.561127e+01 6.300000e-01 1.939242e+01
    endloop
  endfacet
  facet normal -7.933533e-01 0.000000e+00 6.087614e-01
    outer loop
      vertex   5.561127e+01 1.630000e+00 1.939242e+01
      vertex   5.561127e+01 6.300000e-01 1.939242e+01
      vertex   5.574635e+01 1.630000e+00 1.956846e+01
    endloop
  endfacet
  facet normal -7.933533e-01 0.000000e+00 6.087614e-01
    outer loop
      vertex   5.574635e+01 1.630000e+00 1.956846e+01
      vertex   5.561127e+01 6.300000e-01 1.939242e+01
      vertex   5.574635e+01 6.300000e-01 1.956846e+01
    endloop
  endfacet
  facet normal -9.238795e-01 0.000000e+00 3.826834e-01
    outer loop
      vertex   5.574635e+01 1.630000e+00 1.956846e+01
      vertex   5.574635e+01 6.300000e-01 1.956846e+01
      vertex   5.583127e+01 1.630000e+00 1.977347e+01
    endloop
  endfacet
  facet normal -9.238795e-01 1.359565e-15 3.826834e-01
    outer loop
      vertex   5.583127e+01 1.630000e+00 1.977347e+01
      vertex   5.574635e+01 6.300000e-01 1.956846e+01
      vertex   5.583127e+01 6.300000e-01 1.977347e+01
    endloop
  endfacet
  facet normal -9.914449e-01 4.637222e-16 1.305262e-01
    outer loop
      vertex   5.583127e+01 1.630000e+00 1.977347e+01
      vertex   5.583127e+01 6.300000e-01 1.977347e+01
      vertex   5.586023e+01 1.630000e+00 1.999346e+01
    endloop
  endfacet
  facet normal -9.914449e-01 0.000000e+00 1.305262e-01
    outer loop
      vertex   5.586023e+01 1.630000e+00 1.999346e+01
      vertex   5.583127e+01 6.300000e-01 1.977347e+01
      vertex   5.586023e+01 6.300000e-01 1.999346e+01
    endloop
  endfacet
  facet normal -9.914449e-01 -0.000000e+00 -1.305262e-01
    outer loop
      vertex   5.586023e+01 1.630000e+00 1.999346e+01
      vertex   5.586023e+01 6.300000e-01 1.999346e+01
      vertex   5.583127e+01 1.630000e+00 2.021346e+01
    endloop
  endfacet
  facet normal -9.914449e-01 -0.000000e+00 -1.305262e-01
    outer loop
      vertex   5.583127e+01 1.630000e+00 2.021346e+01
      vertex   5.586023e+01 6.300000e-01 1.999346e+01
      vertex   5.583127e+01 6.300000e-01 2.021346e+01
    endloop
  endfacet
  facet normal -9.238795e-01 -0.000000e+00 -3.826834e-01
    outer loop
      vertex   5.583127e+01 1.630000e+00 2.021346e+01
      vertex   5.583127e+01 6.300000e-01 2.021346e+01
      vertex   5.574635e+01 1.630000e+00 2.041846e+01
    endloop
  endfacet
  facet normal -9.238795e-01 -0.000000e+00 -3.826834e-01
    outer loop
      vertex   5.574635e+01 1.630000e+00 2.041846e+01
      vertex   5.583127e+01 6.300000e-01 2.021346e+01
      vertex   5.574635e+01 6.300000e-01 2.041846e+01
    endloop
  endfacet
  facet normal -7.933533e-01 -0.000000e+00 -6.087614e-01
    outer loop
      vertex   5.574635e+01 1.630000e+00 2.041846e+01
      vertex   5.574635e+01 6.300000e-01 2.041846e+01
      vertex   5.561127e+01 1.630000e+00 2.059451e+01
    endloop
  endfacet
  facet normal -7.933533e-01 -0.000000e+00 -6.087614e-01
    outer loop
      vertex   5.561127e+01 1.630000e+00 2.059451e+01
      vertex   5.574635e+01 6.300000e-01 2.041846e+01
      vertex   5.561127e+01 6.300000e-01 2.059451e+01
    endloop
  endfacet
  facet normal -6.087614e-01 -0.000000e+00 -7.933533e-01
    outer loop
      vertex   5.561127e+01 1.630000e+00 2.059451e+01
      vertex   5.561127e+01 6.300000e-01 2.059451e+01
      vertex   5.543523e+01 1.630000e+00 2.072959e+01
    endloop
  endfacet
  facet normal -6.087614e-01 4.325510e-15 -7.933533e-01
    outer loop
      vertex   5.543523e+01 1.630000e+00 2.072959e+01
      vertex   5.561127e+01 6.300000e-01 2.059451e+01
      vertex   5.543523e+01 6.300000e-01 2.072959e+01
    endloop
  endfacet
  facet normal -3.826834e-01 2.719129e-15 -9.238795e-01
    outer loop
      vertex   5.543523e+01 1.630000e+00 2.072959e+01
      vertex   5.543523e+01 6.300000e-01 2.072959e+01
      vertex   5.523023e+01 1.630000e+00 2.081450e+01
    endloop
  endfacet
  facet normal -3.826834e-01 -0.000000e+00 -9.238795e-01
    outer loop
      vertex   5.523023e+01 1.630000e+00 2.081450e+01
      vertex   5.543523e+01 6.300000e-01 2.072959e+01
      vertex   5.523023e+01 6.300000e-01 2.081450e+01
    endloop
  endfacet
  facet normal -1.305262e-01 -0.000000e+00 -9.914449e-01
    outer loop
      vertex   5.523023e+01 1.630000e+00 2.081450e+01
      vertex   5.523023e+01 6.300000e-01 2.081450e+01
      vertex   5.501023e+01 1.630000e+00 2.084346e+01
    endloop
  endfacet
  facet normal -1.305262e-01 -0.000000e+00 -9.914449e-01
    outer loop
      vertex   5.501023e+01 1.630000e+00 2.084346e+01
      vertex   5.523023e+01 6.300000e-01 2.081450e+01
      vertex   5.501023e+01 6.300000e-01 2.084346e+01
    endloop
  endfacet
  facet normal 1.305262e-01 0.000000e+00 -9.914449e-01
    outer loop
      vertex   5.501023e+01 1.630000e+00 2.084346e+01
      vertex   5.501023e+01 6.300000e-01 2.084346e+01
      vertex   5.479023e+01 1.630000e+00 2.081450e+01
    endloop
  endfacet
  facet normal 1.305262e-01 0.000000e+00 -9.914449e-01
    outer loop
      vertex   5.479023e+01 1.630000e+00 2.081450e+01
      vertex   5.501023e+01 6.300000e-01 2.084346e+01
      vertex   5.479023e+01 6.300000e-01 2.081450e+01
    endloop
  endfacet
  facet normal 3.826834e-01 0.000000e+00 -9.238795e-01
    outer loop
      vertex   5.479023e+01 1.630000e+00 2.081450e+01
      vertex   5.479023e+01 6.300000e-01 2.081450e+01
      vertex   5.458523e+01 1.630000e+00 2.072959e+01
    endloop
  endfacet
  facet normal 3.826834e-01 -2.719129e-15 -9.238795e-01
    outer loop
      vertex   5.458523e+01 1.630000e+00 2.072959e+01
      vertex   5.479023e+01 6.300000e-01 2.081450e+01
      vertex   5.458523e+01 6.300000e-01 2.072959e+01
    endloop
  endfacet
  facet normal 6.087614e-01 -4.325510e-15 -7.933533e-01
    outer loop
      vertex   5.458523e+01 1.630000e+00 2.072959e+01
      vertex   5.458523e+01 6.300000e-01 2.072959e+01
      vertex   5.440919e+01 1.630000e+00 2.059451e+01
    endloop
  endfacet
  facet normal 6.087614e-01 0.000000e+00 -7.933533e-01
    outer loop
      vertex   5.440919e+01 1.630000e+00 2.059451e+01
      vertex   5.458523e+01 6.300000e-01 2.072959e+01
      vertex   5.440919e+01 6.300000e-01 2.059451e+01
    endloop
  endfacet
  facet normal 7.933533e-01 0.000000e+00 -6.087614e-01
    outer loop
      vertex   5.440919e+01 1.630000e+00 2.059451e+01
      vertex   5.440919e+01 6.300000e-01 2.059451e+01
      vertex   5.427411e+01 1.630000e+00 2.041846e+01
    endloop
  endfacet
  facet normal 7.933533e-01 0.000000e+00 -6.087614e-01
    outer loop
      vertex   5.427411e+01 1.630000e+00 2.041846e+01
      vertex   5.440919e+01 6.300000e-01 2.059451e+01
      vertex   5.427411e+01 6.300000e-01 2.041846e+01
    endloop
  endfacet
  facet normal 9.238795e-01 0.000000e+00 -3.826834e-01
    outer loop
      vertex   5.427411e+01 1.630000e+00 2.041846e+01
      vertex   5.427411e+01 6.300000e-01 2.041846e+01
      vertex   5.418919e+01 1.630000e+00 2.021346e+01
    endloop
  endfacet
  facet normal 9.238795e-01 0.000000e+00 -3.826834e-01
    outer loop
      vertex   5.418919e+01 1.630000e+00 2.021346e+01
      vertex   5.427411e+01 6.300000e-01 2.041846e+01
      vertex   5.418919e+01 6.300000e-01 2.021346e+01
    endloop
  endfacet
  facet normal -1.000000e+00 -0.000000e+00 -0.000000e+00
    outer loop
      vertex   -2.500000e+01 1.630000e+00 3.000000e+01
      vertex   -2.500000e+01 1.630000e+00 -1.500000e+01
      vertex   -2.500000e+01 6.300000e-01 3.000000e+01
    endloop
  endfacet
  facet normal -1.000000e+00 0.000000e+00 0.000000e+00
    outer loop
      vertex   -2.500000e+01 6.300000e-01 3.000000e+01
      vertex   -2.500000e+01 1.630000e+00 -1.500000e+01
      vertex   -2.500000e+01 6.300000e-01 -1.500000e+01
    endloop
  endfacet
  facet normal 5.722572e-01 0.000000e+00 8.200742e-01
    outer loop
      vertex   5.349365e+01 1.630000e+00 2.580508e+01
      vertex   5.256440e+01 1.630000e+00 2.645352e+01
      vertex   5.349365e+01 6.300000e-01 2.580508e+01
    endloop
  endfacet
  facet normal 5.722572e-01 0.000000e+00 8.200742e-01
    outer loop
      vertex   5.349365e+01 6.300000e-01 2.580508e+01
      vertex   5.256440e+01 1.630000e+00 2.645352e+01
      vertex   5.256440e+01 6.300000e-01 2.645352e+01
    endloop
  endfacet
  facet normal 5.319672e-01 -0.000000e+00 8.467650e-01
    outer loop
      vertex   5.256440e+01 6.300000e-01 2.645352e+01
      vertex   5.256440e+01 1.630000e+00 2.645352e+01
      vertex   5.159384e+01 1.630000e+00 2.706326e+01
    endloop
  endfacet
  facet normal 5.319672e-01 0.000000e+00 8.467650e-01
    outer loop
      vertex   5.256440e+01 6.300000e-01 2.645352e+01
      vertex   5.159384e+01 1.630000e+00 2.706326e+01
      vertex   5.159384e+01 6.300000e-01 2.706326e+01
    endloop
  endfacet
  facet normal 4.929607e-01 -0.000000e+00 8.700516e-01
    outer loop
      vertex   5.159384e+01 6.300000e-01 2.706326e+01
      vertex   5.159384e+01 1.630000e+00 2.706326e+01
      vertex   5.058348e+01 1.630000e+00 2.763572e+01
    endloop
  endfacet
  facet normal 4.929607e-01 0.000000e+00 8.700516e-01
    outer loop
      vertex   5.159384e+01 6.300000e-01 2.706326e+01
      vertex   5.058348e+01 1.630000e+00 2.763572e+01
      vertex   5.058348e+01 6.300000e-01 2.763572e+01
    endloop
  endfacet
  facet normal 4.559375e-01 -0.000000e+00 8.900118e-01
    outer loop
      vertex   5.058348e+01 6.300000e-01 2.763572e+01
      vertex   5.058348e+01 1.630000e+00 2.763572e+01
      vertex   4.953525e+01 1.630000e+00 2.817271e+01
    endloop
  endfacet
  facet normal 4.559375e-01 0.000000e+00 8.900118e-01
    outer loop
      vertex   5.058348e+01 6.300000e-01 2.763572e+01
      vertex   4.953525e+01 1.630000e+00 2.817271e+01
      vertex   4.953525e+01 6.300000e-01 2.817271e+01
    endloop
  endfacet
  facet normal 4.211686e-01 -0.000000e+00 9.069824e-01
    outer loop
      vertex   4.953525e+01 6.300000e-01 2.817271e+01
      vertex   4.953525e+01 1.630000e+00 2.817271e+01
      vertex   4.845117e+01 1.630000e+00 2.867612e+01
    endloop
  endfacet
  facet normal 4.211686e-01 0.000000e+00 9.069824e-01
    outer loop
      vertex   4.953525e+01 6.300000e-01 2.817271e+01
      vertex   4.845117e+01 1.630000e+00 2.867612e+01
      vertex   4.845117e+01 6.300000e-01 2.867612e+01
    endloop
  endfacet
  facet normal 3.885854e-01 -0.000000e+00 9.214127e-01
    outer loop
      vertex   4.845117e+01 6.300000e-01 2.867612e+01
      vertex   4.845117e+01 1.630000e+00 2.867612e+01
      vertex   4.733306e+01 1.630000e+00 2.914765e+01
    endloop
  endfacet
  facet normal 3.885854e-01 0.000000e+00 9.214127e-01
    outer loop
      vertex   4.845117e+01 6.300000e-01 2.867612e+01
      vertex   4.733306e+01 1.630000e+00 2.914765e+01
      vertex   4.733306e+01 6.300000e-01 2.914765e+01
    endloop
  endfacet
  facet normal 3.578731e-01 -0.000000e+00 9.337702e-01
    outer loop
      vertex   4.733306e+01 6.300000e-01 2.914765e+01
      vertex   4.733306e+01 1.630000e+00 2.914765e+01
      vertex   4.618237e+01 1.630000e+00 2.958866e+01
    endloop
  endfacet
  facet normal 3.578731e-01 0.000000e+00 9.337702e-01
    outer loop
      vertex   4.733306e+01 6.300000e-01 2.914765e+01
      vertex   4.618237e+01 1.630000e+00 2.958866e+01
      vertex   4.618237e+01 6.300000e-01 2.958866e+01
    endloop
  endfacet
  facet normal 3.285768e-01 -0.000000e+00 9.444772e-01
    outer loop
      vertex   4.618237e+01 6.300000e-01 2.958866e+01
      vertex   4.618237e+01 1.630000e+00 2.958866e+01
      vertex   4.500000e+01 1.630000e+00 3.000000e+01
    endloop
  endfacet
  facet normal 3.285768e-01 0.000000e+00 9.444772e-01
    outer loop
      vertex   4.618237e+01 6.300000e-01 2.958866e+01
      vertex   4.500000e+01 1.630000e+00 3.000000e+01
      vertex   4.500000e+01 6.300000e-01 3.000000e+01
    endloop
  endfacet
  facet normal 6.246950e-01 0.000000e+00 7.808688e-01
    outer loop
      vertex   5.490418e+01 1.630000e+00 2.467666e+01
      vertex   5.349365e+01 1.630000e+00 2.580508e+01
      vertex   5.490418e+01 6.300000e-01 2.467666e+01
    endloop
  endfacet
  facet normal 6.246950e-01 0.000000e+00 7.808688e-01
    outer loop
      vertex   5.490418e+01 6.300000e-01 2.467666e+01
      vertex   5.349365e+01 1.630000e+00 2.580508e+01
      vertex   5.349365e+01 6.300000e-01 2.580508e+01
    endloop
  endfacet
  facet normal 8.052940e-01 0.000000e+00 5.928757e-01
    outer loop
      vertex   5.904282e+01 1.630000e+00 2.001141e+01
      vertex   5.811232e+01 1.630000e+00 2.127529e+01
      vertex   5.904282e+01 6.300000e-01 2.001141e+01
    endloop
  endfacet
  facet normal 8.052940e-01 0.000000e+00 5.928757e-01
    outer loop
      vertex   5.904282e+01 6.300000e-01 2.001141e+01
      vertex   5.811232e+01 1.630000e+00 2.127529e+01
      vertex   5.811232e+01 6.300000e-01 2.127529e+01
    endloop
  endfacet
  facet normal 7.694845e-01 -0.000000e+00 6.386655e-01
    outer loop
      vertex   5.811232e+01 6.300000e-01 2.127529e+01
      vertex   5.811232e+01 1.630000e+00 2.127529e+01
      vertex   5.711514e+01 1.630000e+00 2.247672e+01
    endloop
  endfacet
  facet normal 7.694845e-01 0.000000e+00 6.386655e-01
    outer loop
      vertex   5.811232e+01 6.300000e-01 2.127529e+01
      vertex   5.711514e+01 1.630000e+00 2.247672e+01
      vertex   5.711514e+01 6.300000e-01 2.247672e+01
    endloop
  endfacet
  facet normal 7.284753e-01 -0.000000e+00 6.850721e-01
    outer loop
      vertex   5.711514e+01 6.300000e-01 2.247672e+01
      vertex   5.711514e+01 1.630000e+00 2.247672e+01
      vertex   5.604743e+01 1.630000e+00 2.361207e+01
    endloop
  endfacet
  facet normal 7.284753e-01 0.000000e+00 6.850721e-01
    outer loop
      vertex   5.711514e+01 6.300000e-01 2.247672e+01
      vertex   5.604743e+01 1.630000e+00 2.361207e+01
      vertex   5.604743e+01 6.300000e-01 2.361207e+01
    endloop
  endfacet
  facet normal 6.814793e-01 -0.000000e+00 7.318374e-01
    outer loop
      vertex   5.604743e+01 6.300000e-01 2.361207e+01
      vertex   5.604743e+01 1.630000e+00 2.361207e+01
      vertex   5.490418e+01 1.630000e+00 2.467666e+01
    endloop
  endfacet
  facet normal 6.814793e-01 0.000000e+00 7.318374e-01
    outer loop
      vertex   5.604743e+01 6.300000e-01 2.361207e+01
      vertex   5.490418e+01 1.630000e+00 2.467666e+01
      vertex   5.490418e+01 6.300000e-01 2.467666e+01
    endloop
  endfacet
  facet normal 8.255662e-01 0.000000e+00 5.643053e-01
    outer loop
      vertex   5.926493e+01 1.630000e+00 1.968646e+01
      vertex   5.904282e+01 1.630000e+00 2.001141e+01
      vertex   5.926493e+01 6.300000e-01 1.968646e+01
    endloop
  endfacet
  facet normal 8.255662e-01 0.000000e+00 5.643053e-01
    outer loop
      vertex   5.926493e+01 6.300000e-01 1.968646e+01
      vertex   5.904282e+01 1.630000e+00 2.001141e+01
      vertex   5.904282e+01 6.300000e-01 2.001141e+01
    endloop
  endfacet
  facet normal 1.000000e+00 0.000000e+00 -0.000000e+00
    outer loop
      vertex   5.926493e+01 1.630000e+00 1.200000e+01
      vertex   5.926493e+01 1.630000e+00 1.968646e+01
      vertex   5.926493e+01 6.300000e-01 1.200000e+01
    endloop
  endfacet
  facet normal 1.000000e+00 0.000000e+00 0.000000e+00
    outer loop
      vertex   5.926493e+01 6.300000e-01 1.200000e+01
      vertex   5.926493e+01 1.630000e+00 1.968646e+01
      vertex   5.926493e+01 6.300000e-01 1.968646e+01
    endloop
  endfacet
  facet normal 0.000000e+00 0.000000e+00 -1.000000e+00
    outer loop
      vertex   4.800000e+01 1.630000e+00 1.200000e+01
      vertex   5.926493e+01 1.630000e+00 1.200000e+01
      vertex   4.800000e+01 6.300000e-01 1.200000e+01
    endloop
  endfacet
  facet normal 0.000000e+00 0.000000e+00 -1.000000e+00
    outer loop
      vertex   4.800000e+01 6.300000e-01 1.200000e+01
      vertex   5.926493e+01 1.630000e+00 1.200000e+01
      vertex   5.926493e+01 6.300000e-01 1.200000e+01
    endloop
  endfacet
  facet normal 1.000000e+00 0.000000e+00 -0.000000e+00
    outer loop
      vertex   4.800000e+01 1.630000e+00 -1.300000e+01
      vertex   4.800000e+01 1.630000e+00 1.200000e+01
      vertex   4.800000e+01 6.300000e-01 -1.300000e+01
    endloop
  endfacet
  facet normal 1.000000e+00 0.000000e+00 0.000000e+00
    outer loop
      vertex   4.800000e+01 6.300000e-01 -1.300000e+01
      vertex   4.800000e+01 1.630000e+00 1.200000e+01
      vertex   4.800000e+01 6.300000e-01 1.200000e+01
    endloop
  endfacet
  facet normal 0.000000e+00 0.000000e+00 1.000000e+00
    outer loop
      vertex   5.926493e+01 1.630000e+00 -1.300000e+01
      vertex   4.800000e+01 1.630000e+00 -1.300000e+01
      vertex   5.926493e+01 6.300000e-01 -1.300000e+01
    endloop
  endfacet
  facet normal 0.000000e+00 0.000000e+00 1.000000e+00
    outer loop
      vertex   5.926493e+01 6.300000e-01 -1.300000e+01
      vertex   4.800000e+01 1.630000e+00 -1.300000e+01
      vertex   4.800000e+01 6.300000e-01 -1.300000e+01
    endloop
  endfacet
  facet normal 1.000000e+00 0.000000e+00 -0.000000e+00
    outer loop
      vertex   5.926493e+01 1.630000e+00 -1.900000e+01
      vertex   5.926493e+01 1.630000e+00 -1.300000e+01
      vertex   5.926493e+01 6.300000e-01 -1.900000e+01
    endloop
  endfacet
  facet normal 1.000000e+00 0.000000e+00 0.000000e+00
    outer loop
      vertex   5.926493e+01 6.300000e-01 -1.900000e+01
      vertex   5.926493e+01 1.630000e+00 -1.300000e+01
      vertex   5.926493e+01 6.300000e-01 -1.300000e+01
    endloop
  endfacet
  facet normal -1.211899e-01 -0.000000e+00 -9.926293e-01
    outer loop
      vertex   5.199105e+01 1.630000e+00 -2.443947e+01
      vertex   5.255589e+01 1.630000e+00 -2.450843e+01
      vertex   5.199105e+01 6.300000e-01 -2.443947e+01
    endloop
  endfacet
  facet normal -1.211899e-01 0.000000e+00 -9.926293e-01
    outer loop
      vertex   5.199105e+01 6.300000e-01 -2.443947e+01
      vertex   5.255589e+01 1.630000e+00 -2.450843e+01
      vertex   5.255589e+01 6.300000e-01 -2.450843e+01
    endloop
  endfacet
  facet normal -7.329310e-02 0.000000e+00 -9.973104e-01
    outer loop
      vertex   5.255589e+01 6.300000e-01 -2.450843e+01
      vertex   5.255589e+01 1.630000e+00 -2.450843e+01
      vertex   5.308644e+01 1.630000e+00 -2.454742e+01
    endloop
  endfacet
  facet normal -7.329310e-02 0.000000e+00 -9.973104e-01
    outer loop
      vertex   5.255589e+01 6.300000e-01 -2.450843e+01
      vertex   5.308644e+01 1.630000e+00 -2.454742e+01
      vertex   5.308644e+01 6.300000e-01 -2.454742e+01
    endloop
  endfacet
  facet normal -1.809081e-02 0.000000e+00 -9.998363e-01
    outer loop
      vertex   5.308644e+01 6.300000e-01 -2.454742e+01
      vertex   5.308644e+01 1.630000e+00 -2.454742e+01
      vertex   5.358258e+01 1.630000e+00 -2.455640e+01
    endloop
  endfacet
  facet normal -1.809081e-02 0.000000e+00 -9.998363e-01
    outer loop
      vertex   5.308644e+01 6.300000e-01 -2.454742e+01
      vertex   5.358258e+01 1.630000e+00 -2.455640e+01
      vertex   5.358258e+01 6.300000e-01 -2.455640e+01
    endloop
  endfacet
  facet normal 4.532232e-02 0.000000e+00 -9.989724e-01
    outer loop
      vertex   5.358258e+01 6.300000e-01 -2.455640e+01
      vertex   5.358258e+01 1.630000e+00 -2.455640e+01
      vertex   5.404420e+01 1.630000e+00 -2.453546e+01
    endloop
  endfacet
  facet normal 4.532232e-02 0.000000e+00 -9.989724e-01
    outer loop
      vertex   5.358258e+01 6.300000e-01 -2.455640e+01
      vertex   5.404420e+01 1.630000e+00 -2.453546e+01
      vertex   5.404420e+01 6.300000e-01 -2.453546e+01
    endloop
  endfacet
  facet normal 1.173843e-01 0.000000e+00 -9.930866e-01
    outer loop
      vertex   5.404420e+01 6.300000e-01 -2.453546e+01
      vertex   5.404420e+01 1.630000e+00 -2.453546e+01
      vertex   5.447136e+01 1.630000e+00 -2.448497e+01
    endloop
  endfacet
  facet normal 1.173843e-01 0.000000e+00 -9.930866e-01
    outer loop
      vertex   5.404420e+01 6.300000e-01 -2.453546e+01
      vertex   5.447136e+01 1.630000e+00 -2.448497e+01
      vertex   5.447136e+01 6.300000e-01 -2.448497e+01
    endloop
  endfacet
  facet normal 1.976487e-01 0.000000e+00 -9.802729e-01
    outer loop
      vertex   5.447136e+01 6.300000e-01 -2.448497e+01
      vertex   5.447136e+01 1.630000e+00 -2.448497e+01
      vertex   5.486434e+01 1.630000e+00 -2.440573e+01
    endloop
  endfacet
  facet normal 1.976487e-01 0.000000e+00 -9.802729e-01
    outer loop
      vertex   5.447136e+01 6.300000e-01 -2.448497e+01
      vertex   5.486434e+01 1.630000e+00 -2.440573e+01
      vertex   5.486434e+01 6.300000e-01 -2.440573e+01
    endloop
  endfacet
  facet normal 2.842954e-01 0.000000e+00 -9.587367e-01
    outer loop
      vertex   5.486434e+01 6.300000e-01 -2.440573e+01
      vertex   5.486434e+01 1.630000e+00 -2.440573e+01
      vertex   5.522379e+01 1.630000e+00 -2.429914e+01
    endloop
  endfacet
  facet normal 2.842954e-01 0.000000e+00 -9.587367e-01
    outer loop
      vertex   5.486434e+01 6.300000e-01 -2.440573e+01
      vertex   5.522379e+01 1.630000e+00 -2.429914e+01
      vertex   5.522379e+01 6.300000e-01 -2.429914e+01
    endloop
  endfacet
  facet normal 3.738200e-01 0.000000e+00 -9.275013e-01
    outer loop
      vertex   5.522379e+01 6.300000e-01 -2.429914e+01
      vertex   5.522379e+01 1.630000e+00 -2.429914e+01
      vertex   5.555083e+01 1.630000e+00 -2.416733e+01
    endloop
  endfacet
  facet normal 3.738200e-01 0.000000e+00 -9.275013e-01
    outer loop
      vertex   5.522379e+01 6.300000e-01 -2.429914e+01
      vertex   5.555083e+01 1.630000e+00 -2.416733e+01
      vertex   5.555083e+01 6.300000e-01 -2.416733e+01
    endloop
  endfacet
  facet normal 4.610363e-01 0.000000e+00 -8.873813e-01
    outer loop
      vertex   5.555083e+01 6.300000e-01 -2.416733e+01
      vertex   5.555083e+01 1.630000e+00 -2.416733e+01
      vertex   5.584720e+01 1.630000e+00 -2.401335e+01
    endloop
  endfacet
  facet normal 4.610363e-01 0.000000e+00 -8.873813e-01
    outer loop
      vertex   5.555083e+01 6.300000e-01 -2.416733e+01
      vertex   5.584720e+01 1.630000e+00 -2.401335e+01
      vertex   5.584720e+01 6.300000e-01 -2.401335e+01
    endloop
  endfacet
  facet normal 5.400957e-01 0.000000e+00 -8.416036e-01
    outer loop
      vertex   5.584720e+01 6.300000e-01 -2.401335e+01
      vertex   5.584720e+01 1.630000e+00 -2.401335e+01
      vertex   5.611533e+01 1.630000e+00 -2.384128e+01
    endloop
  endfacet
  facet normal 5.400957e-01 0.000000e+00 -8.416036e-01
    outer loop
      vertex   5.584720e+01 6.300000e-01 -2.401335e+01
      vertex   5.611533e+01 1.630000e+00 -2.384128e+01
      vertex   5.611533e+01 6.300000e-01 -2.384128e+01
    endloop
  endfacet
  facet normal 6.321280e-01 0.000000e+00 -7.748640e-01
    outer loop
      vertex   5.611533e+01 6.300000e-01 -2.384128e+01
      vertex   5.611533e+01 1.630000e+00 -2.384128e+01
      vertex   5.657966e+01 1.630000e+00 -2.346248e+01
    endloop
  endfacet
  facet normal 6.321280e-01 0.000000e+00 -7.748640e-01
    outer loop
      vertex   5.611533e+01 6.300000e-01 -2.384128e+01
      vertex   5.657966e+01 1.630000e+00 -2.346248e+01
      vertex   5.657966e+01 6.300000e-01 -2.346248e+01
    endloop
  endfacet
  facet normal 7.078731e-01 0.000000e+00 -7.063396e-01
    outer loop
      vertex   5.657966e+01 6.300000e-01 -2.346248e+01
      vertex   5.657966e+01 1.630000e+00 -2.346248e+01
      vertex   5.697262e+01 1.630000e+00 -2.306867e+01
    endloop
  endfacet
  facet normal 7.078731e-01 0.000000e+00 -7.063396e-01
    outer loop
      vertex   5.657966e+01 6.300000e-01 -2.346248e+01
      vertex   5.697262e+01 1.630000e+00 -2.306867e+01
      vertex   5.697262e+01 6.300000e-01 -2.306867e+01
    endloop
  endfacet
  facet normal 7.408233e-01 0.000000e+00 -6.716999e-01
    outer loop
      vertex   5.697262e+01 6.300000e-01 -2.306867e+01
      vertex   5.697262e+01 1.630000e+00 -2.306867e+01
      vertex   5.732350e+01 1.630000e+00 -2.268169e+01
    endloop
  endfacet
  facet normal 7.408233e-01 0.000000e+00 -6.716999e-01
    outer loop
      vertex   5.697262e+01 6.300000e-01 -2.306867e+01
      vertex   5.732350e+01 1.630000e+00 -2.268169e+01
      vertex   5.732350e+01 6.300000e-01 -2.268169e+01
    endloop
  endfacet
  facet normal 7.744333e-01 0.000000e+00 -6.326556e-01
    outer loop
      vertex   5.732350e+01 6.300000e-01 -2.268169e+01
      vertex   5.732350e+01 1.630000e+00 -2.268169e+01
      vertex   5.798345e+01 1.630000e+00 -2.187385e+01
    endloop
  endfacet
  facet normal 7.744333e-01 0.000000e+00 -6.326556e-01
    outer loop
      vertex   5.732350e+01 6.300000e-01 -2.268169e+01
      vertex   5.798345e+01 1.630000e+00 -2.187385e+01
      vertex   5.798345e+01 6.300000e-01 -2.187385e+01
    endloop
  endfacet
  facet normal 8.246926e-01 0.000000e+00 -5.655812e-01
    outer loop
      vertex   5.798345e+01 6.300000e-01 -2.187385e+01
      vertex   5.798345e+01 1.630000e+00 -2.187385e+01
      vertex   5.830693e+01 1.630000e+00 -2.140216e+01
    endloop
  endfacet
  facet normal 8.246926e-01 0.000000e+00 -5.655812e-01
    outer loop
      vertex   5.798345e+01 6.300000e-01 -2.187385e+01
      vertex   5.830693e+01 1.630000e+00 -2.140216e+01
      vertex   5.830693e+01 6.300000e-01 -2.140216e+01
    endloop
  endfacet
  facet normal 8.604467e-01 0.000000e+00 -5.095405e-01
    outer loop
      vertex   5.830693e+01 6.300000e-01 -2.140216e+01
      vertex   5.830693e+01 1.630000e+00 -2.140216e+01
      vertex   5.861294e+01 1.630000e+00 -2.088540e+01
    endloop
  endfacet
  facet normal 8.604467e-01 0.000000e+00 -5.095405e-01
    outer loop
      vertex   5.830693e+01 6.300000e-01 -2.140216e+01
      vertex   5.861294e+01 1.630000e+00 -2.088540e+01
      vertex   5.861294e+01 6.300000e-01 -2.088540e+01
    endloop
  endfacet
  facet normal 8.933452e-01 0.000000e+00 -4.493711e-01
    outer loop
      vertex   5.861294e+01 6.300000e-01 -2.088540e+01
      vertex   5.861294e+01 1.630000e+00 -2.088540e+01
      vertex   5.887927e+01 1.630000e+00 -2.035596e+01
    endloop
  endfacet
  facet normal 8.933452e-01 0.000000e+00 -4.493711e-01
    outer loop
      vertex   5.861294e+01 6.300000e-01 -2.088540e+01
      vertex   5.887927e+01 1.630000e+00 -2.035596e+01
      vertex   5.887927e+01 6.300000e-01 -2.035596e+01
    endloop
  endfacet
  facet normal 9.265764e-01 0.000000e+00 -3.761067e-01
    outer loop
      vertex   5.887927e+01 6.300000e-01 -2.035596e+01
      vertex   5.887927e+01 1.630000e+00 -2.035596e+01
      vertex   5.908411e+01 1.630000e+00 -1.985131e+01
    endloop
  endfacet
  facet normal 9.265764e-01 0.000000e+00 -3.761067e-01
    outer loop
      vertex   5.887927e+01 6.300000e-01 -2.035596e+01
      vertex   5.908411e+01 1.630000e+00 -1.985131e+01
      vertex   5.908411e+01 6.300000e-01 -1.985131e+01
    endloop
  endfacet
  facet normal 9.615166e-01 0.000000e+00 -2.747467e-01
    outer loop
      vertex   5.908411e+01 6.300000e-01 -1.985131e+01
      vertex   5.908411e+01 1.630000e+00 -1.985131e+01
      vertex   5.921414e+01 1.630000e+00 -1.939626e+01
    endloop
  endfacet
  facet normal 9.615166e-01 0.000000e+00 -2.747467e-01
    outer loop
      vertex   5.908411e+01 6.300000e-01 -1.985131e+01
      vertex   5.921414e+01 1.630000e+00 -1.939626e+01
      vertex   5.921414e+01 6.300000e-01 -1.939626e+01
    endloop
  endfacet
  facet normal 9.918856e-01 0.000000e+00 -1.271335e-01
    outer loop
      vertex   5.921414e+01 6.300000e-01 -1.939626e+01
      vertex   5.921414e+01 1.630000e+00 -1.939626e+01
      vertex   5.926493e+01 1.630000e+00 -1.900000e+01
    endloop
  endfacet
  facet normal 9.918856e-01 0.000000e+00 -1.271335e-01
    outer loop
      vertex   5.921414e+01 6.300000e-01 -1.939626e+01
      vertex   5.926493e+01 1.630000e+00 -1.900000e+01
      vertex   5.926493e+01 6.300000e-01 -1.900000e+01
    endloop
  endfacet
  facet normal -4.856429e-01 -0.000000e+00 -8.741573e-01
    outer loop
      vertex   3.500000e+01 1.630000e+00 -1.500000e+01
      vertex   5.199105e+01 1.630000e+00 -2.443947e+01
      vertex   3.500000e+01 6.300000e-01 -1.500000e+01
    endloop
  endfacet
  facet normal -4.856429e-01 0.000000e+00 -8.741573e-01
    outer loop
      vertex   3.500000e+01 6.300000e-01 -1.500000e+01
      vertex   5.199105e+01 1.630000e+00 -2.443947e+01
      vertex   5.199105e+01 6.300000e-01 -2.443947e+01
    endloop
  endfacet
  facet normal 0.000000e+00 0.000000e+00 -1.000000e+00
    outer loop
      vertex   1.600000e+01 1.630000e+00 -1.500000e+01
      vertex   3.500000e+01 1.630000e+00 -1.500000e+01
      vertex   1.600000e+01 6.300000e-01 -1.500000e+01
    endloop
  endfacet
  facet normal 0.000000e+00 0.000000e+00 -1.000000e+00
    outer loop
      vertex   1.600000e+01 6.300000e-01 -1.500000e+01
      vertex   3.500000e+01 1.630000e+00 -1.500000e+01
      vertex   3.500000e+01 6.300000e-01 -1.500000e+01
    endloop
  endfacet
  facet normal -5.547002e-01 -0.000000e+00 -8.320503e-01
    outer loop
      vertex   1.300000e+01 1.630000e+00 -1.300000e+01
      vertex   1.600000e+01 1.630000e+00 -1.500000e+01
      vertex   1.300000e+01 6.300000e-01 -1.300000e+01
    endloop
  endfacet
  facet normal -5.547002e-01 0.000000e+00 -8.320503e-01
    outer loop
      vertex   1.300000e+01 6.300000e-01 -1.300000e+01
      vertex   1.600000e+01 1.630000e+00 -1.500000e+01
      vertex   1.600000e+01 6.300000e-01 -1.500000e+01
    endloop
  endfacet
  facet normal 0.000000e+00 0.000000e+00 -1.000000e+00
    outer loop
      vertex   -1.100000e+01 1.630000e+00 -1.300000e+01
      vertex   1.300000e+01 1.630000e+00 -1.300000e+01
      vertex   -1.100000e+01 6.300000e-01 -1.300000e+01
    endloop
  endfacet
  facet normal 0.000000e+00 0.000000e+00 -1.000000e+00
    outer loop
      vertex   -1.100000e+01 6.300000e-01 -1.300000e+01
      vertex   1.300000e+01 1.630000e+00 -1.300000e+01
      vertex   1.300000e+01 6.300000e-01 -1.300000e+01
    endloop
  endfacet
  facet normal 5.547002e-01 0.000000e+00 -8.320503e-01
    outer loop
      vertex   -1.400000e+01 1.630000e+00 -1.500000e+01
      vertex   -1.100000e+01 1.630000e+00 -1.300000e+01
      vertex   -1.400000e+01 6.300000e-01 -1.500000e+01
    endloop
  endfacet
  facet normal 5.547002e-01 0.000000e+00 -8.320503e-01
    outer loop
      vertex   -1.400000e+01 6.300000e-01 -1.500000e+01
      vertex   -1.100000e+01 1.630000e+00 -1.300000e+01
      vertex   -1.100000e+01 6.300000e-01 -1.300000e+01
    endloop
  endfacet
  facet normal 0.000000e+00 0.000000e+00 -1.000000e+00
    outer loop
      vertex   -2.500000e+01 1.630000e+00 -1.500000e+01
      vertex   -1.400000e+01 1.630000e+00 -1.500000e+01
      vertex   -2.500000e+01 6.300000e-01 -1.500000e+01
    endloop
  endfacet
  facet normal 0.000000e+00 0.000000e+00 -1.000000e+00
    outer loop
      vertex   -2.500000e+01 6.300000e-01 -1.500000e+01
      vertex   -1.400000e+01 1.630000e+00 -1.500000e+01
      vertex   -1.400000e+01 6.300000e-01 -1.500000e+01
    endloop
  endfacet
  facet normal 9.891448e-16 -1.000000e+00 3.907021e-15
    outer loop
      vertex   5.418919e+01 6.300000e-01 -1.985815e+01
      vertex   3.500000e+01 6.300000e-01 -1.500000e+01
      vertex   5.416023e+01 6.300000e-01 -2.007814e+01
    endloop
  endfacet
  facet normal -8.864438e-17 -1.000000e+00 -1.595599e-16
    outer loop
      vertex   5.416023e+01 6.300000e-01 -2.007814e+01
      vertex   3.500000e+01 6.300000e-01 -1.500000e+01
      vertex   5.199105e+01 6.300000e-01 -2.443947e+01
    endloop
  endfacet
  facet normal 6.094554e-15 -1.000000e+00 -3.234881e-15
    outer loop
      vertex   5.416023e+01 6.300000e-01 -2.007814e+01
      vertex   5.199105e+01 6.300000e-01 -2.443947e+01
      vertex   5.418919e+01 6.300000e-01 -2.029814e+01
    endloop
  endfacet
  facet normal 0.000000e+00 -1.000000e+00 -0.000000e+00
    outer loop
      vertex   5.418919e+01 6.300000e-01 -2.029814e+01
      vertex   5.199105e+01 6.300000e-01 -2.443947e+01
      vertex   5.427411e+01 6.300000e-01 -2.050314e+01
    endloop
  endfacet
  facet normal 0.000000e+00 -1.000000e+00 -0.000000e+00
    outer loop
      vertex   5.427411e+01 6.300000e-01 -2.050314e+01
      vertex   5.199105e+01 6.300000e-01 -2.443947e+01
      vertex   5.440919e+01 6.300000e-01 -2.067919e+01
    endloop
  endfacet
  facet normal 0.000000e+00 -1.000000e+00 -0.000000e+00
    outer loop
      vertex   5.440919e+01 6.300000e-01 -2.067919e+01
      vertex   5.199105e+01 6.300000e-01 -2.443947e+01
      vertex   5.458523e+01 6.300000e-01 -2.081427e+01
    endloop
  endfacet
  facet normal 0.000000e+00 -1.000000e+00 0.000000e+00
    outer loop
      vertex   5.458523e+01 6.300000e-01 -2.081427e+01
      vertex   5.199105e+01 6.300000e-01 -2.443947e+01
      vertex   5.255589e+01 6.300000e-01 -2.450843e+01
    endloop
  endfacet
  facet normal 0.000000e+00 -1.000000e+00 -0.000000e+00
    outer loop
      vertex   5.458523e+01 6.300000e-01 -2.081427e+01
      vertex   5.255589e+01 6.300000e-01 -2.450843e+01
      vertex   5.479023e+01 6.300000e-01 -2.089918e+01
    endloop
  endfacet
  facet normal 0.000000e+00 -1.000000e+00 0.000000e+00
    outer loop
      vertex   5.479023e+01 6.300000e-01 -2.089918e+01
      vertex   5.255589e+01 6.300000e-01 -2.450843e+01
      vertex   5.308644e+01 6.300000e-01 -2.454742e+01
    endloop
  endfacet
  facet normal 0.000000e+00 -1.000000e+00 0.000000e+00
    outer loop
      vertex   5.479023e+01 6.300000e-01 -2.089918e+01
      vertex   5.308644e+01 6.300000e-01 -2.454742e+01
      vertex   5.358258e+01 6.300000e-01 -2.455640e+01
    endloop
  endfacet
  facet normal 0.000000e+00 -1.000000e+00 0.000000e+00
    outer loop
      vertex   3.500000e+01 6.300000e-01 -1.500000e+01
      vertex   5.418919e+01 6.300000e-01 -1.985815e+01
      vertex   4.800000e+01 6.300000e-01 -1.300000e+01
    endloop
  endfacet
  facet normal 0.000000e+00 -1.000000e+00 0.000000e+00
    outer loop
      vertex   4.800000e+01 6.300000e-01 -1.300000e+01
      vertex   5.418919e+01 6.300000e-01 -1.985815e+01
      vertex   5.427411e+01 6.300000e-01 -1.965314e+01
    endloop
  endfacet
  facet normal 0.000000e+00 -1.000000e+00 0.000000e+00
    outer loop
      vertex   4.800000e+01 6.300000e-01 -1.300000e+01
      vertex   5.427411e+01 6.300000e-01 -1.965314e+01
      vertex   5.440919e+01 6.300000e-01 -1.947710e+01
    endloop
  endfacet
  facet normal 0.000000e+00 -1.000000e+00 0.000000e+00
    outer loop
      vertex   5.440919e+01 6.300000e-01 -1.947710e+01
      vertex   5.458523e+01 6.300000e-01 -1.934202e+01
      vertex   4.800000e+01 6.300000e-01 -1.300000e+01
    endloop
  endfacet
  facet normal 0.000000e+00 -1.000000e+00 0.000000e+00
    outer loop
      vertex   4.800000e+01 6.300000e-01 -1.300000e+01
      vertex   5.458523e+01 6.300000e-01 -1.934202e+01
      vertex   5.479023e+01 6.300000e-01 -1.925711e+01
    endloop
  endfacet
  facet normal 0.000000e+00 -1.000000e+00 0.000000e+00
    outer loop
      vertex   4.800000e+01 6.300000e-01 -1.300000e+01
      vertex   5.479023e+01 6.300000e-01 -1.925711e+01
      vertex   5.501023e+01 6.300000e-01 -1.922814e+01
    endloop
  endfacet
  facet normal 0.000000e+00 -1.000000e+00 0.000000e+00
    outer loop
      vertex   4.800000e+01 6.300000e-01 -1.300000e+01
      vertex   5.501023e+01 6.300000e-01 -1.922814e+01
      vertex   5.926493e+01 6.300000e-01 -1.300000e+01
    endloop
  endfacet
  facet normal 0.000000e+00 -1.000000e+00 0.000000e+00
    outer loop
      vertex   5.926493e+01 6.300000e-01 -1.300000e+01
      vertex   5.501023e+01 6.300000e-01 -1.922814e+01
      vertex   5.523023e+01 6.300000e-01 -1.925711e+01
    endloop
  endfacet
  facet normal 0.000000e+00 -1.000000e+00 -0.000000e+00
    outer loop
      vertex   5.926493e+01 6.300000e-01 -1.300000e+01
      vertex   5.523023e+01 6.300000e-01 -1.925711e+01
      vertex   5.926493e+01 6.300000e-01 -1.900000e+01
    endloop
  endfacet
  facet normal 0.000000e+00 -1.000000e+00 0.000000e+00
    outer loop
      vertex   5.926493e+01 6.300000e-01 -1.900000e+01
      vertex   5.523023e+01 6.300000e-01 -1.925711e+01
      vertex   5.543523e+01 6.300000e-01 -1.934202e+01
    endloop
  endfacet
  facet normal 0.000000e+00 -1.000000e+00 0.000000e+00
    outer loop
      vertex   5.926493e+01 6.300000e-01 -1.900000e+01
      vertex   5.543523e+01 6.300000e-01 -1.934202e+01
      vertex   5.561127e+01 6.300000e-01 -1.947710e+01
    endloop
  endfacet
  facet normal 0.000000e+00 -1.000000e+00 0.000000e+00
    outer loop
      vertex   5.561127e+01 6.300000e-01 -1.947710e+01
      vertex   5.574635e+01 6.300000e-01 -1.965314e+01
      vertex   5.926493e+01 6.300000e-01 -1.900000e+01
    endloop
  endfacet
  facet normal 0.000000e+00 -1.000000e+00 0.000000e+00
    outer loop
      vertex   5.926493e+01 6.300000e-01 -1.900000e+01
      vertex   5.574635e+01 6.300000e-01 -1.965314e+01
      vertex   5.921414e+01 6.300000e-01 -1.939626e+01
    endloop
  endfacet
  facet normal 0.000000e+00 -1.000000e+00 0.000000e+00
    outer loop
      vertex   5.921414e+01 6.300000e-01 -1.939626e+01
      vertex   5.574635e+01 6.300000e-01 -1.965314e+01
      vertex   5.908411e+01 6.300000e-01 -1.985131e+01
    endloop
  endfacet
  facet normal -0.000000e+00 -1.000000e+00 0.000000e+00
    outer loop
      vertex   5.908411e+01 6.300000e-01 -1.985131e+01
      vertex   5.574635e+01 6.300000e-01 -1.965314e+01
      vertex   5.583127e+01 6.300000e-01 -1.985815e+01
    endloop
  endfacet
  facet normal 0.000000e+00 -1.000000e+00 0.000000e+00
    outer loop
      vertex   5.908411e+01 6.300000e-01 -1.985131e+01
      vertex   5.583127e+01 6.300000e-01 -1.985815e+01
      vertex   5.887927e+01 6.300000e-01 -2.035596e+01
    endloop
  endfacet
  facet normal 0.000000e+00 -1.000000e+00 0.000000e+00
    outer loop
      vertex   5.887927e+01 6.300000e-01 -2.035596e+01
      vertex   5.583127e+01 6.300000e-01 -1.985815e+01
      vertex   5.586023e+01 6.300000e-01 -2.007814e+01
    endloop
  endfacet
  facet normal 0.000000e+00 -1.000000e+00 0.000000e+00
    outer loop
      vertex   5.887927e+01 6.300000e-01 -2.035596e+01
      vertex   5.586023e+01 6.300000e-01 -2.007814e+01
      vertex   5.583127e+01 6.300000e-01 -2.029814e+01
    endloop
  endfacet
  facet normal -0.000000e+00 -1.000000e+00 0.000000e+00
    outer loop
      vertex   5.887927e+01 6.300000e-01 -2.035596e+01
      vertex   5.583127e+01 6.300000e-01 -2.029814e+01
      vertex   5.861294e+01 6.300000e-01 -2.088540e+01
    endloop
  endfacet
  facet normal 0.000000e+00 -1.000000e+00 0.000000e+00
    outer loop
      vertex   5.861294e+01 6.300000e-01 -2.088540e+01
      vertex   5.583127e+01 6.300000e-01 -2.029814e+01
      vertex   5.574635e+01 6.300000e-01 -2.050314e+01
    endloop
  endfacet
  facet normal -0.000000e+00 -1.000000e+00 0.000000e+00
    outer loop
      vertex   5.861294e+01 6.300000e-01 -2.088540e+01
      vertex   5.574635e+01 6.300000e-01 -2.050314e+01
      vertex   5.830693e+01 6.300000e-01 -2.140216e+01
    endloop
  endfacet
  facet normal 0.000000e+00 -1.000000e+00 0.000000e+00
    outer loop
      vertex   5.830693e+01 6.300000e-01 -2.140216e+01
      vertex   5.574635e+01 6.300000e-01 -2.050314e+01
      vertex   5.561127e+01 6.300000e-01 -2.067919e+01
    endloop
  endfacet
  facet normal -0.000000e+00 -1.000000e+00 0.000000e+00
    outer loop
      vertex   5.830693e+01 6.300000e-01 -2.140216e+01
      vertex   5.561127e+01 6.300000e-01 -2.067919e+01
      vertex   5.798345e+01 6.300000e-01 -2.187385e+01
    endloop
  endfacet
  facet normal 0.000000e+00 -1.000000e+00 0.000000e+00
    outer loop
      vertex   5.798345e+01 6.300000e-01 -2.187385e+01
      vertex   5.561127e+01 6.300000e-01 -2.067919e+01
      vertex   5.543523e+01 6.300000e-01 -2.081427e+01
    endloop
  endfacet
  facet normal 0.000000e+00 -1.000000e+00 0.000000e+00
    outer loop
      vertex   5.798345e+01 6.300000e-01 -2.187385e+01
      vertex   5.543523e+01 6.300000e-01 -2.081427e+01
      vertex   5.523023e+01 6.300000e-01 -2.089918e+01
    endloop
  endfacet
  facet normal -0.000000e+00 -1.000000e+00 0.000000e+00
    outer loop
      vertex   5.798345e+01 6.300000e-01 -2.187385e+01
      vertex   5.523023e+01 6.300000e-01 -2.089918e+01
      vertex   5.732350e+01 6.300000e-01 -2.268169e+01
    endloop
  endfacet
  facet normal 0.000000e+00 -1.000000e+00 0.000000e+00
    outer loop
      vertex   5.732350e+01 6.300000e-01 -2.268169e+01
      vertex   5.523023e+01 6.300000e-01 -2.089918e+01
      vertex   5.501023e+01 6.300000e-01 -2.092814e+01
    endloop
  endfacet
  facet normal -0.000000e+00 -1.000000e+00 0.000000e+00
    outer loop
      vertex   5.732350e+01 6.300000e-01 -2.268169e+01
      vertex   5.501023e+01 6.300000e-01 -2.092814e+01
      vertex   5.697262e+01 6.300000e-01 -2.306867e+01
    endloop
  endfacet
  facet normal -0.000000e+00 -1.000000e+00 0.000000e+00
    outer loop
      vertex   5.697262e+01 6.300000e-01 -2.306867e+01
      vertex   5.501023e+01 6.300000e-01 -2.092814e+01
      vertex   5.657966e+01 6.300000e-01 -2.346248e+01
    endloop
  endfacet
  facet normal 0.000000e+00 -1.000000e+00 0.000000e+00
    outer loop
      vertex   5.657966e+01 6.300000e-01 -2.346248e+01
      vertex   5.501023e+01 6.300000e-01 -2.092814e+01
      vertex   5.479023e+01 6.300000e-01 -2.089918e+01
    endloop
  endfacet
  facet normal -0.000000e+00 -1.000000e+00 0.000000e+00
    outer loop
      vertex   5.657966e+01 6.300000e-01 -2.346248e+01
      vertex   5.479023e+01 6.300000e-01 -2.089918e+01
      vertex   5.611533e+01 6.300000e-01 -2.384128e+01
    endloop
  endfacet
  facet normal -0.000000e+00 -1.000000e+00 0.000000e+00
    outer loop
      vertex   5.611533e+01 6.300000e-01 -2.384128e+01
      vertex   5.479023e+01 6.300000e-01 -2.089918e+01
      vertex   5.584720e+01 6.300000e-01 -2.401335e+01
    endloop
  endfacet
  facet normal -0.000000e+00 -1.000000e+00 0.000000e+00
    outer loop
      vertex   5.584720e+01 6.300000e-01 -2.401335e+01
      vertex   5.479023e+01 6.300000e-01 -2.089918e+01
      vertex   5.555083e+01 6.300000e-01 -2.416733e+01
    endloop
  endfacet
  facet normal -0.000000e+00 -1.000000e+00 0.000000e+00
    outer loop
      vertex   5.555083e+01 6.300000e-01 -2.416733e+01
      vertex   5.479023e+01 6.300000e-01 -2.089918e+01
      vertex   5.522379e+01 6.300000e-01 -2.429914e+01
    endloop
  endfacet
  facet normal -0.000000e+00 -1.000000e+00 0.000000e+00
    outer loop
      vertex   5.522379e+01 6.300000e-01 -2.429914e+01
      vertex   5.479023e+01 6.300000e-01 -2.089918e+01
      vertex   5.486434e+01 6.300000e-01 -2.440573e+01
    endloop
  endfacet
  facet normal -0.000000e+00 -1.000000e+00 0.000000e+00
    outer loop
      vertex   5.486434e+01 6.300000e-01 -2.440573e+01
      vertex   5.479023e+01 6.300000e-01 -2.089918e+01
      vertex   5.447136e+01 6.300000e-01 -2.448497e+01
    endloop
  endfacet
  facet normal -0.000000e+00 -1.000000e+00 0.000000e+00
    outer loop
      vertex   5.447136e+01 6.300000e-01 -2.448497e+01
      vertex   5.479023e+01 6.300000e-01 -2.089918e+01
      vertex   5.404420e+01 6.300000e-01 -2.453546e+01
    endloop
  endfacet
  facet normal -0.000000e+00 -1.000000e+00 0.000000e+00
    outer loop
      vertex   5.404420e+01 6.300000e-01 -2.453546e+01
      vertex   5.479023e+01 6.300000e-01 -2.089918e+01
      vertex   5.358258e+01 6.300000e-01 -2.455640e+01
    endloop
  endfacet
  facet normal 4.490537e-15 -1.000000e+00 3.446054e-15
    outer loop
      vertex   5.418919e+01 6.300000e-01 2.021346e+01
      vertex   4.733306e+01 6.300000e-01 2.914765e+01
      vertex   5.416023e+01 6.300000e-01 1.999346e+01
    endloop
  endfacet
  facet normal 5.206771e-17 -1.000000e+00 1.358562e-16
    outer loop
      vertex   5.416023e+01 6.300000e-01 1.999346e+01
      vertex   4.733306e+01 6.300000e-01 2.914765e+01
      vertex   4.618237e+01 6.300000e-01 2.958866e+01
    endloop
  endfacet
  facet normal 4.530818e-17 -1.000000e+00 1.302361e-16
    outer loop
      vertex   5.416023e+01 6.300000e-01 1.999346e+01
      vertex   4.618237e+01 6.300000e-01 2.958866e+01
      vertex   4.500000e+01 6.300000e-01 3.000000e+01
    endloop
  endfacet
  facet normal -0.000000e+00 -1.000000e+00 0.000000e+00
    outer loop
      vertex   5.427411e+01 6.300000e-01 2.041846e+01
      vertex   5.058348e+01 6.300000e-01 2.763572e+01
      vertex   5.418919e+01 6.300000e-01 2.021346e+01
    endloop
  endfacet
  facet normal 0.000000e+00 -1.000000e+00 0.000000e+00
    outer loop
      vertex   5.418919e+01 6.300000e-01 2.021346e+01
      vertex   5.058348e+01 6.300000e-01 2.763572e+01
      vertex   4.953525e+01 6.300000e-01 2.817271e+01
    endloop
  endfacet
  facet normal 0.000000e+00 -1.000000e+00 0.000000e+00
    outer loop
      vertex   5.418919e+01 6.300000e-01 2.021346e+01
      vertex   4.953525e+01 6.300000e-01 2.817271e+01
      vertex   4.845117e+01 6.300000e-01 2.867612e+01
    endloop
  endfacet
  facet normal -0.000000e+00 -1.000000e+00 0.000000e+00
    outer loop
      vertex   5.440919e+01 6.300000e-01 2.059451e+01
      vertex   5.349365e+01 6.300000e-01 2.580508e+01
      vertex   5.427411e+01 6.300000e-01 2.041846e+01
    endloop
  endfacet
  facet normal 0.000000e+00 -1.000000e+00 0.000000e+00
    outer loop
      vertex   5.427411e+01 6.300000e-01 2.041846e+01
      vertex   5.349365e+01 6.300000e-01 2.580508e+01
      vertex   5.256440e+01 6.300000e-01 2.645352e+01
    endloop
  endfacet
  facet normal 0.000000e+00 -1.000000e+00 0.000000e+00
    outer loop
      vertex   5.427411e+01 6.300000e-01 2.041846e+01
      vertex   5.256440e+01 6.300000e-01 2.645352e+01
      vertex   5.159384e+01 6.300000e-01 2.706326e+01
    endloop
  endfacet
  facet normal 0.000000e+00 -1.000000e+00 0.000000e+00
    outer loop
      vertex   5.349365e+01 6.300000e-01 2.580508e+01
      vertex   5.440919e+01 6.300000e-01 2.059451e+01
      vertex   5.490418e+01 6.300000e-01 2.467666e+01
    endloop
  endfacet
  facet normal 0.000000e+00 -1.000000e+00 0.000000e+00
    outer loop
      vertex   5.490418e+01 6.300000e-01 2.467666e+01
      vertex   5.440919e+01 6.300000e-01 2.059451e+01
      vertex   5.458523e+01 6.300000e-01 2.072959e+01
    endloop
  endfacet
  facet normal 0.000000e+00 -1.000000e+00 -0.000000e+00
    outer loop
      vertex   5.490418e+01 6.300000e-01 2.467666e+01
      vertex   5.458523e+01 6.300000e-01 2.072959e+01
      vertex   5.604743e+01 6.300000e-01 2.361207e+01
    endloop
  endfacet
  facet normal 0.000000e+00 -1.000000e+00 0.000000e+00
    outer loop
      vertex   5.604743e+01 6.300000e-01 2.361207e+01
      vertex   5.458523e+01 6.300000e-01 2.072959e+01
      vertex   5.479023e+01 6.300000e-01 2.081450e+01
    endloop
  endfacet
  facet normal 0.000000e+00 -1.000000e+00 0.000000e+00
    outer loop
      vertex   5.604743e+01 6.300000e-01 2.361207e+01
      vertex   5.479023e+01 6.300000e-01 2.081450e+01
      vertex   5.501023e+01 6.300000e-01 2.084346e+01
    endloop
  endfacet
  facet normal 0.000000e+00 -1.000000e+00 -0.000000e+00
    outer loop
      vertex   5.604743e+01 6.300000e-01 2.361207e+01
      vertex   5.501023e+01 6.300000e-01 2.084346e+01
      vertex   5.711514e+01 6.300000e-01 2.247672e+01
    endloop
  endfacet
  facet normal 0.000000e+00 -1.000000e+00 0.000000e+00
    outer loop
      vertex   5.711514e+01 6.300000e-01 2.247672e+01
      vertex   5.501023e+01 6.300000e-01 2.084346e+01
      vertex   5.523023e+01 6.300000e-01 2.081450e+01
    endloop
  endfacet
  facet normal 0.000000e+00 -1.000000e+00 0.000000e+00
    outer loop
      vertex   5.711514e+01 6.300000e-01 2.247672e+01
      vertex   5.523023e+01 6.300000e-01 2.081450e+01
      vertex   5.543523e+01 6.300000e-01 2.072959e+01
    endloop
  endfacet
  facet normal 0.000000e+00 -1.000000e+00 -0.000000e+00
    outer loop
      vertex   5.711514e+01 6.300000e-01 2.247672e+01
      vertex   5.543523e+01 6.300000e-01 2.072959e+01
      vertex   5.811232e+01 6.300000e-01 2.127529e+01
    endloop
  endfacet
  facet normal 0.000000e+00 -1.000000e+00 0.000000e+00
    outer loop
      vertex   5.811232e+01 6.300000e-01 2.127529e+01
      vertex   5.543523e+01 6.300000e-01 2.072959e+01
      vertex   5.561127e+01 6.300000e-01 2.059451e+01
    endloop
  endfacet
  facet normal 0.000000e+00 -1.000000e+00 0.000000e+00
    outer loop
      vertex   5.811232e+01 6.300000e-01 2.127529e+01
      vertex   5.561127e+01 6.300000e-01 2.059451e+01
      vertex   5.574635e+01 6.300000e-01 2.041846e+01
    endloop
  endfacet
  facet normal 0.000000e+00 -1.000000e+00 0.000000e+00
    outer loop
      vertex   5.574635e+01 6.300000e-01 2.041846e+01
      vertex   5.583127e+01 6.300000e-01 2.021346e+01
      vertex   5.811232e+01 6.300000e-01 2.127529e+01
    endloop
  endfacet
  facet normal 0.000000e+00 -1.000000e+00 -0.000000e+00
    outer loop
      vertex   5.811232e+01 6.300000e-01 2.127529e+01
      vertex   5.583127e+01 6.300000e-01 2.021346e+01
      vertex   5.904282e+01 6.300000e-01 2.001141e+01
    endloop
  endfacet
  facet normal -0.000000e+00 -1.000000e+00 0.000000e+00
    outer loop
      vertex   5.904282e+01 6.300000e-01 2.001141e+01
      vertex   5.583127e+01 6.300000e-01 2.021346e+01
      vertex   5.586023e+01 6.300000e-01 1.999346e+01
    endloop
  endfacet
  facet normal 0.000000e+00 -1.000000e+00 0.000000e+00
    outer loop
      vertex   5.904282e+01 6.300000e-01 2.001141e+01
      vertex   5.586023e+01 6.300000e-01 1.999346e+01
      vertex   5.583127e+01 6.300000e-01 1.977347e+01
    endloop
  endfacet
  facet normal 0.000000e+00 -1.000000e+00 -0.000000e+00
    outer loop
      vertex   5.904282e+01 6.300000e-01 2.001141e+01
      vertex   5.583127e+01 6.300000e-01 1.977347e+01
      vertex   5.926493e+01 6.300000e-01 1.968646e+01
    endloop
  endfacet
  facet normal -0.000000e+00 -1.000000e+00 0.000000e+00
    outer loop
      vertex   5.926493e+01 6.300000e-01 1.968646e+01
      vertex   5.583127e+01 6.300000e-01 1.977347e+01
      vertex   5.574635e+01 6.300000e-01 1.956846e+01
    endloop
  endfacet
  facet normal 0.000000e+00 -1.000000e+00 0.000000e+00
    outer loop
      vertex   5.926493e+01 6.300000e-01 1.968646e+01
      vertex   5.574635e+01 6.300000e-01 1.956846e+01
      vertex   5.561127e+01 6.300000e-01 1.939242e+01
    endloop
  endfacet
  facet normal 0.000000e+00 -1.000000e+00 -0.000000e+00
    outer loop
      vertex   5.561127e+01 6.300000e-01 1.939242e+01
      vertex   5.543523e+01 6.300000e-01 1.925734e+01
      vertex   5.926493e+01 6.300000e-01 1.968646e+01
    endloop
  endfacet
  facet normal 0.000000e+00 -1.000000e+00 0.000000e+00
    outer loop
      vertex   5.926493e+01 6.300000e-01 1.968646e+01
      vertex   5.543523e+01 6.300000e-01 1.925734e+01
      vertex   5.523023e+01 6.300000e-01 1.917243e+01
    endloop
  endfacet
  facet normal 0.000000e+00 -1.000000e+00 -0.000000e+00
    outer loop
      vertex   5.926493e+01 6.300000e-01 1.968646e+01
      vertex   5.523023e+01 6.300000e-01 1.917243e+01
      vertex   5.926493e+01 6.300000e-01 1.200000e+01
    endloop
  endfacet
  facet normal 0.000000e+00 -1.000000e+00 0.000000e+00
    outer loop
      vertex   5.926493e+01 6.300000e-01 1.200000e+01
      vertex   5.523023e+01 6.300000e-01 1.917243e+01
      vertex   5.501023e+01 6.300000e-01 1.914346e+01
    endloop
  endfacet
  facet normal 0.000000e+00 -1.000000e+00 0.000000e+00
    outer loop
      vertex   5.926493e+01 6.300000e-01 1.200000e+01
      vertex   5.501023e+01 6.300000e-01 1.914346e+01
      vertex   4.800000e+01 6.300000e-01 1.200000e+01
    endloop
  endfacet
  facet normal 0.000000e+00 -1.000000e+00 0.000000e+00
    outer loop
      vertex   4.800000e+01 6.300000e-01 1.200000e+01
      vertex   5.501023e+01 6.300000e-01 1.914346e+01
      vertex   5.479023e+01 6.300000e-01 1.917243e+01
    endloop
  endfacet
  facet normal 0.000000e+00 -1.000000e+00 0.000000e+00
    outer loop
      vertex   4.800000e+01 6.300000e-01 1.200000e+01
      vertex   5.479023e+01 6.300000e-01 1.917243e+01
      vertex   5.458523e+01 6.300000e-01 1.925734e+01
    endloop
  endfacet
  facet normal -0.000000e+00 -1.000000e+00 0.000000e+00
    outer loop
      vertex   5.458523e+01 6.300000e-01 1.925734e+01
      vertex   5.440919e+01 6.300000e-01 1.939242e+01
      vertex   4.800000e+01 6.300000e-01 1.200000e+01
    endloop
  endfacet
  facet normal 0.000000e+00 -1.000000e+00 0.000000e+00
    outer loop
      vertex   4.800000e+01 6.300000e-01 1.200000e+01
      vertex   5.440919e+01 6.300000e-01 1.939242e+01
      vertex   5.427411e+01 6.300000e-01 1.956846e+01
    endloop
  endfacet
  facet normal 0.000000e+00 -1.000000e+00 0.000000e+00
    outer loop
      vertex   4.800000e+01 6.300000e-01 1.200000e+01
      vertex   5.427411e+01 6.300000e-01 1.956846e+01
      vertex   5.418919e+01 6.300000e-01 1.977347e+01
    endloop
  endfacet
  facet normal 4.351197e-15 -1.000000e+00 -3.464399e-15
    outer loop
      vertex   5.418919e+01 6.300000e-01 1.977347e+01
      vertex   5.416023e+01 6.300000e-01 1.999346e+01
      vertex   4.800000e+01 6.300000e-01 1.200000e+01
    endloop
  endfacet
  facet normal -1.185428e-16 -1.000000e+00 -1.975713e-17
    outer loop
      vertex   4.800000e+01 6.300000e-01 1.200000e+01
      vertex   5.416023e+01 6.300000e-01 1.999346e+01
      vertex   4.500000e+01 6.300000e-01 3.000000e+01
    endloop
  endfacet
  facet normal 0.000000e+00 -1.000000e+00 0.000000e+00
    outer loop
      vertex   4.800000e+01 6.300000e-01 1.200000e+01
      vertex   4.500000e+01 6.300000e-01 3.000000e+01
      vertex   -2.500000e+01 6.300000e-01 3.000000e+01
    endloop
  endfacet
  facet normal 0.000000e+00 -1.000000e+00 0.000000e+00
    outer loop
      vertex   -1.400000e+01 6.300000e-01 -1.500000e+01
      vertex   -1.100000e+01 6.300000e-01 -1.300000e+01
      vertex   -2.500000e+01 6.300000e-01 -1.500000e+01
    endloop
  endfacet
  facet normal 0.000000e+00 -1.000000e+00 0.000000e+00
    outer loop
      vertex   -2.500000e+01 6.300000e-01 -1.500000e+01
      vertex   -1.100000e+01 6.300000e-01 -1.300000e+01
      vertex   -2.500000e+01 6.300000e-01 3.000000e+01
    endloop
  endfacet
  facet normal 0.000000e+00 -1.000000e+00 0.000000e+00
    outer loop
      vertex   -2.500000e+01 6.300000e-01 3.000000e+01
      vertex   -1.100000e+01 6.300000e-01 -1.300000e+01
      vertex   1.300000e+01 6.300000e-01 -1.300000e+01
    endloop
  endfacet
  facet normal 0.000000e+00 -1.000000e+00 0.000000e+00
    outer loop
      vertex   -2.500000e+01 6.300000e-01 3.000000e+01
      vertex   1.300000e+01 6.300000e-01 -1.300000e+01
      vertex   4.800000e+01 6.300000e-01 1.200000e+01
    endloop
  endfacet
  facet normal 0.000000e+00 -1.000000e+00 0.000000e+00
    outer loop
      vertex   4.800000e+01 6.300000e-01 1.200000e+01
      vertex   1.300000e+01 6.300000e-01 -1.300000e+01
      vertex   3.500000e+01 6.300000e-01 -1.500000e+01
    endloop
  endfacet
  facet normal 0.000000e+00 -1.000000e+00 -0.000000e+00
    outer loop
      vertex   4.800000e+01 6.300000e-01 1.200000e+01
      vertex   3.500000e+01 6.300000e-01 -1.500000e+01
      vertex   4.800000e+01 6.300000e-01 -1.300000e+01
    endloop
  endfacet
  facet normal 0.000000e+00 -1.000000e+00 0.000000e+00
    outer loop
      vertex   1.300000e+01 6.300000e-01 -1.300000e+01
      vertex   1.600000e+01 6.300000e-01 -1.500000e+01
      vertex   3.500000e+01 6.300000e-01 -1.500000e+01
    endloop
  endfacet
  facet normal -0.000000e+00 -1.000000e+00 -0.000000e+00
    outer loop
      vertex   5.159384e+01 6.300000e-01 2.706326e+01
      vertex   5.058348e+01 6.300000e-01 2.763572e+01
      vertex   5.427411e+01 6.300000e-01 2.041846e+01
    endloop
  endfacet
  facet normal -0.000000e+00 -1.000000e+00 -0.000000e+00
    outer loop
      vertex   4.845117e+01 6.300000e-01 2.867612e+01
      vertex   4.733306e+01 6.300000e-01 2.914765e+01
      vertex   5.418919e+01 6.300000e-01 2.021346e+01
    endloop
  endfacet
  facet normal -0.000000e+00 1.000000e+00 0.000000e+00
    outer loop
      vertex   2.240000e+01 1.630000e+00 3.000000e+01
      vertex   4.500000e+01 1.630000e+00 3.000000e+01
      vertex   2.240000e+01 1.630000e+00 2.837780e+01
    endloop
  endfacet
  facet normal -0.000000e+00 1.000000e+00 0.000000e+00
    outer loop
      vertex   2.240000e+01 1.630000e+00 2.837780e+01
      vertex   4.500000e+01 1.630000e+00 3.000000e+01
      vertex   5.416023e+01 1.630000e+00 1.999346e+01
    endloop
  endfacet
  facet normal 0.000000e+00 1.000000e+00 0.000000e+00
    outer loop
      vertex   2.240000e+01 1.630000e+00 2.837780e+01
      vertex   5.416023e+01 1.630000e+00 1.999346e+01
      vertex   4.800000e+01 1.630000e+00 1.200000e+01
    endloop
  endfacet
  facet normal 0.000000e+00 1.000000e+00 0.000000e+00
    outer loop
      vertex   4.800000e+01 1.630000e+00 1.200000e+01
      vertex   5.416023e+01 1.630000e+00 1.999346e+01
      vertex   5.418919e+01 1.630000e+00 1.977347e+01
    endloop
  endfacet
  facet normal 0.000000e+00 1.000000e+00 0.000000e+00
    outer loop
      vertex   4.800000e+01 1.630000e+00 1.200000e+01
      vertex   5.418919e+01 1.630000e+00 1.977347e+01
      vertex   5.427411e+01 1.630000e+00 1.956846e+01
    endloop
  endfacet
  facet normal 0.000000e+00 1.000000e+00 0.000000e+00
    outer loop
      vertex   4.500000e+01 1.630000e+00 3.000000e+01
      vertex   4.618237e+01 1.630000e+00 2.958866e+01
      vertex   5.416023e+01 1.630000e+00 1.999346e+01
    endloop
  endfacet
  facet normal 0.000000e+00 1.000000e+00 0.000000e+00
    outer loop
      vertex   5.416023e+01 1.630000e+00 1.999346e+01
      vertex   4.618237e+01 1.630000e+00 2.958866e+01
      vertex   4.733306e+01 1.630000e+00 2.914765e+01
    endloop
  endfacet
  facet normal 0.000000e+00 1.000000e+00 -0.000000e+00
    outer loop
      vertex   5.416023e+01 1.630000e+00 1.999346e+01
      vertex   4.733306e+01 1.630000e+00 2.914765e+01
      vertex   5.418919e+01 1.630000e+00 2.021346e+01
    endloop
  endfacet
  facet normal 0.000000e+00 1.000000e+00 0.000000e+00
    outer loop
      vertex   5.418919e+01 1.630000e+00 2.021346e+01
      vertex   4.733306e+01 1.630000e+00 2.914765e+01
      vertex   4.845117e+01 1.630000e+00 2.867612e+01
    endloop
  endfacet
  facet normal 0.000000e+00 1.000000e+00 0.000000e+00
    outer loop
      vertex   5.418919e+01 1.630000e+00 2.021346e+01
      vertex   4.845117e+01 1.630000e+00 2.867612e+01
      vertex   4.953525e+01 1.630000e+00 2.817271e+01
    endloop
  endfacet
  facet normal 0.000000e+00 1.000000e+00 0.000000e+00
    outer loop
      vertex   4.953525e+01 1.630000e+00 2.817271e+01
      vertex   5.058348e+01 1.630000e+00 2.763572e+01
      vertex   5.418919e+01 1.630000e+00 2.021346e+01
    endloop
  endfacet
  facet normal 0.000000e+00 1.000000e+00 -0.000000e+00
    outer loop
      vertex   5.418919e+01 1.630000e+00 2.021346e+01
      vertex   5.058348e+01 1.630000e+00 2.763572e+01
      vertex   5.427411e+01 1.630000e+00 2.041846e+01
    endloop
  endfacet
  facet normal -3.094140e-16 1.000000e+00 -1.582226e-16
    outer loop
      vertex   5.427411e+01 1.630000e+00 2.041846e+01
      vertex   5.058348e+01 1.630000e+00 2.763572e+01
      vertex   5.159384e+01 1.630000e+00 2.706326e+01
    endloop
  endfacet
  facet normal 2.783118e-16 1.000000e+00 7.884450e-17
    outer loop
      vertex   5.427411e+01 1.630000e+00 2.041846e+01
      vertex   5.159384e+01 1.630000e+00 2.706326e+01
      vertex   5.256440e+01 1.630000e+00 2.645352e+01
    endloop
  endfacet
  facet normal 0.000000e+00 1.000000e+00 0.000000e+00
    outer loop
      vertex   5.256440e+01 1.630000e+00 2.645352e+01
      vertex   5.349365e+01 1.630000e+00 2.580508e+01
      vertex   5.427411e+01 1.630000e+00 2.041846e+01
    endloop
  endfacet
  facet normal 0.000000e+00 1.000000e+00 -0.000000e+00
    outer loop
      vertex   5.427411e+01 1.630000e+00 2.041846e+01
      vertex   5.349365e+01 1.630000e+00 2.580508e+01
      vertex   5.440919e+01 1.630000e+00 2.059451e+01
    endloop
  endfacet
  facet normal 0.000000e+00 1.000000e+00 -0.000000e+00
    outer loop
      vertex   5.440919e+01 1.630000e+00 2.059451e+01
      vertex   5.349365e+01 1.630000e+00 2.580508e+01
      vertex   5.490418e+01 1.630000e+00 2.467666e+01
    endloop
  endfacet
  facet normal 0.000000e+00 1.000000e+00 0.000000e+00
    outer loop
      vertex   5.440919e+01 1.630000e+00 2.059451e+01
      vertex   5.490418e+01 1.630000e+00 2.467666e+01
      vertex   5.458523e+01 1.630000e+00 2.072959e+01
    endloop
  endfacet
  facet normal 0.000000e+00 1.000000e+00 0.000000e+00
    outer loop
      vertex   5.458523e+01 1.630000e+00 2.072959e+01
      vertex   5.490418e+01 1.630000e+00 2.467666e+01
      vertex   5.604743e+01 1.630000e+00 2.361207e+01
    endloop
  endfacet
  facet normal 0.000000e+00 1.000000e+00 0.000000e+00
    outer loop
      vertex   5.458523e+01 1.630000e+00 2.072959e+01
      vertex   5.604743e+01 1.630000e+00 2.361207e+01
      vertex   5.479023e+01 1.630000e+00 2.081450e+01
    endloop
  endfacet
  facet normal 0.000000e+00 1.000000e+00 0.000000e+00
    outer loop
      vertex   5.479023e+01 1.630000e+00 2.081450e+01
      vertex   5.604743e+01 1.630000e+00 2.361207e+01
      vertex   5.501023e+01 1.630000e+00 2.084346e+01
    endloop
  endfacet
  facet normal 0.000000e+00 1.000000e+00 0.000000e+00
    outer loop
      vertex   5.501023e+01 1.630000e+00 2.084346e+01
      vertex   5.604743e+01 1.630000e+00 2.361207e+01
      vertex   5.711514e+01 1.630000e+00 2.247672e+01
    endloop
  endfacet
  facet normal -0.000000e+00 1.000000e+00 0.000000e+00
    outer loop
      vertex   5.501023e+01 1.630000e+00 2.084346e+01
      vertex   5.711514e+01 1.630000e+00 2.247672e+01
      vertex   5.523023e+01 1.630000e+00 2.081450e+01
    endloop
  endfacet
  facet normal -0.000000e+00 1.000000e+00 0.000000e+00
    outer loop
      vertex   5.523023e+01 1.630000e+00 2.081450e+01
      vertex   5.711514e+01 1.630000e+00 2.247672e+01
      vertex   5.543523e+01 1.630000e+00 2.072959e+01
    endloop
  endfacet
  facet normal 0.000000e+00 1.000000e+00 0.000000e+00
    outer loop
      vertex   5.543523e+01 1.630000e+00 2.072959e+01
      vertex   5.711514e+01 1.630000e+00 2.247672e+01
      vertex   5.811232e+01 1.630000e+00 2.127529e+01
    endloop
  endfacet
  facet normal -0.000000e+00 1.000000e+00 0.000000e+00
    outer loop
      vertex   5.543523e+01 1.630000e+00 2.072959e+01
      vertex   5.811232e+01 1.630000e+00 2.127529e+01
      vertex   5.561127e+01 1.630000e+00 2.059451e+01
    endloop
  endfacet
  facet normal -0.000000e+00 1.000000e+00 0.000000e+00
    outer loop
      vertex   5.561127e+01 1.630000e+00 2.059451e+01
      vertex   5.811232e+01 1.630000e+00 2.127529e+01
      vertex   5.574635e+01 1.630000e+00 2.041846e+01
    endloop
  endfacet
  facet normal -0.000000e+00 1.000000e+00 0.000000e+00
    outer loop
      vertex   5.574635e+01 1.630000e+00 2.041846e+01
      vertex   5.811232e+01 1.630000e+00 2.127529e+01
      vertex   5.583127e+01 1.630000e+00 2.021346e+01
    endloop
  endfacet
  facet normal -0.000000e+00 1.000000e+00 0.000000e+00
    outer loop
      vertex   5.583127e+01 1.630000e+00 2.021346e+01
      vertex   5.811232e+01 1.630000e+00 2.127529e+01
      vertex   5.904282e+01 1.630000e+00 2.001141e+01
    endloop
  endfacet
  facet normal 0.000000e+00 1.000000e+00 0.000000e+00
    outer loop
      vertex   5.583127e+01 1.630000e+00 2.021346e+01
      vertex   5.904282e+01 1.630000e+00 2.001141e+01
      vertex   5.586023e+01 1.630000e+00 1.999346e+01
    endloop
  endfacet
  facet normal -0.000000e+00 1.000000e+00 0.000000e+00
    outer loop
      vertex   5.586023e+01 1.630000e+00 1.999346e+01
      vertex   5.904282e+01 1.630000e+00 2.001141e+01
      vertex   5.583127e+01 1.630000e+00 1.977347e+01
    endloop
  endfacet
  facet normal -0.000000e+00 1.000000e+00 0.000000e+00
    outer loop
      vertex   5.583127e+01 1.630000e+00 1.977347e+01
      vertex   5.904282e+01 1.630000e+00 2.001141e+01
      vertex   5.926493e+01 1.630000e+00 1.968646e+01
    endloop
  endfacet
  facet normal 0.000000e+00 1.000000e+00 0.000000e+00
    outer loop
      vertex   5.583127e+01 1.630000e+00 1.977347e+01
      vertex   5.926493e+01 1.630000e+00 1.968646e+01
      vertex   5.574635e+01 1.630000e+00 1.956846e+01
    endloop
  endfacet
  facet normal -0.000000e+00 1.000000e+00 0.000000e+00
    outer loop
      vertex   5.574635e+01 1.630000e+00 1.956846e+01
      vertex   5.926493e+01 1.630000e+00 1.968646e+01
      vertex   5.561127e+01 1.630000e+00 1.939242e+01
    endloop
  endfacet
  facet normal -0.000000e+00 1.000000e+00 0.000000e+00
    outer loop
      vertex   5.561127e+01 1.630000e+00 1.939242e+01
      vertex   5.926493e+01 1.630000e+00 1.968646e+01
      vertex   5.543523e+01 1.630000e+00 1.925734e+01
    endloop
  endfacet
  facet normal -0.000000e+00 1.000000e+00 0.000000e+00
    outer loop
      vertex   5.543523e+01 1.630000e+00 1.925734e+01
      vertex   5.926493e+01 1.630000e+00 1.968646e+01
      vertex   5.523023e+01 1.630000e+00 1.917243e+01
    endloop
  endfacet
  facet normal -0.000000e+00 1.000000e+00 0.000000e+00
    outer loop
      vertex   5.523023e+01 1.630000e+00 1.917243e+01
      vertex   5.926493e+01 1.630000e+00 1.968646e+01
      vertex   5.926493e+01 1.630000e+00 1.200000e+01
    endloop
  endfacet
  facet normal 0.000000e+00 1.000000e+00 0.000000e+00
    outer loop
      vertex   5.523023e+01 1.630000e+00 1.917243e+01
      vertex   5.926493e+01 1.630000e+00 1.200000e+01
      vertex   5.501023e+01 1.630000e+00 1.914346e+01
    endloop
  endfacet
  facet normal 0.000000e+00 1.000000e+00 0.000000e+00
    outer loop
      vertex   5.501023e+01 1.630000e+00 1.914346e+01
      vertex   5.926493e+01 1.630000e+00 1.200000e+01
      vertex   4.800000e+01 1.630000e+00 1.200000e+01
    endloop
  endfacet
  facet normal 0.000000e+00 1.000000e+00 0.000000e+00
    outer loop
      vertex   5.501023e+01 1.630000e+00 1.914346e+01
      vertex   4.800000e+01 1.630000e+00 1.200000e+01
      vertex   5.479023e+01 1.630000e+00 1.917243e+01
    endloop
  endfacet
  facet normal 0.000000e+00 1.000000e+00 0.000000e+00
    outer loop
      vertex   5.479023e+01 1.630000e+00 1.917243e+01
      vertex   4.800000e+01 1.630000e+00 1.200000e+01
      vertex   5.458523e+01 1.630000e+00 1.925734e+01
    endloop
  endfacet
  facet normal 0.000000e+00 1.000000e+00 0.000000e+00
    outer loop
      vertex   5.458523e+01 1.630000e+00 1.925734e+01
      vertex   4.800000e+01 1.630000e+00 1.200000e+01
      vertex   5.440919e+01 1.630000e+00 1.939242e+01
    endloop
  endfacet
  facet normal 0.000000e+00 1.000000e+00 0.000000e+00
    outer loop
      vertex   5.440919e+01 1.630000e+00 1.939242e+01
      vertex   4.800000e+01 1.630000e+00 1.200000e+01
      vertex   5.427411e+01 1.630000e+00 1.956846e+01
    endloop
  endfacet
  facet normal 0.000000e+00 1.000000e+00 -0.000000e+00
    outer loop
      vertex   4.800000e+01 1.630000e+00 -1.300000e+01
      vertex   1.895458e+01 1.630000e+00 5.441276e+00
      vertex   4.800000e+01 1.630000e+00 1.200000e+01
    endloop
  endfacet
  facet normal 0.000000e+00 1.000000e+00 0.000000e+00
    outer loop
      vertex   4.800000e+01 1.630000e+00 1.200000e+01
      vertex   1.895458e+01 1.630000e+00 5.441276e+00
      vertex   1.925242e+01 1.630000e+00 5.915291e+00
    endloop
  endfacet
  facet normal 0.000000e+00 1.000000e+00 0.000000e+00
    outer loop
      vertex   4.800000e+01 1.630000e+00 1.200000e+01
      vertex   1.925242e+01 1.630000e+00 5.915291e+00
      vertex   1.943732e+01 1.630000e+00 6.443698e+00
    endloop
  endfacet
  facet normal 0.000000e+00 1.000000e+00 0.000000e+00
    outer loop
      vertex   5.926493e+01 1.630000e+00 -1.300000e+01
      vertex   5.501023e+01 1.630000e+00 -1.922814e+01
      vertex   4.800000e+01 1.630000e+00 -1.300000e+01
    endloop
  endfacet
  facet normal 0.000000e+00 1.000000e+00 0.000000e+00
    outer loop
      vertex   4.800000e+01 1.630000e+00 -1.300000e+01
      vertex   5.501023e+01 1.630000e+00 -1.922814e+01
      vertex   5.479023e+01 1.630000e+00 -1.925711e+01
    endloop
  endfacet
  facet normal 0.000000e+00 1.000000e+00 0.000000e+00
    outer loop
      vertex   4.800000e+01 1.630000e+00 -1.300000e+01
      vertex   5.479023e+01 1.630000e+00 -1.925711e+01
      vertex   5.458523e+01 1.630000e+00 -1.934202e+01
    endloop
  endfacet
  facet normal -0.000000e+00 1.000000e+00 0.000000e+00
    outer loop
      vertex   5.501023e+01 1.630000e+00 -1.922814e+01
      vertex   5.926493e+01 1.630000e+00 -1.300000e+01
      vertex   5.523023e+01 1.630000e+00 -1.925711e+01
    endloop
  endfacet
  facet normal 0.000000e+00 1.000000e+00 0.000000e+00
    outer loop
      vertex   5.523023e+01 1.630000e+00 -1.925711e+01
      vertex   5.926493e+01 1.630000e+00 -1.300000e+01
      vertex   5.926493e+01 1.630000e+00 -1.900000e+01
    endloop
  endfacet
  facet normal -0.000000e+00 1.000000e+00 0.000000e+00
    outer loop
      vertex   5.523023e+01 1.630000e+00 -1.925711e+01
      vertex   5.926493e+01 1.630000e+00 -1.900000e+01
      vertex   5.543523e+01 1.630000e+00 -1.934202e+01
    endloop
  endfacet
  facet normal -0.000000e+00 1.000000e+00 0.000000e+00
    outer loop
      vertex   5.543523e+01 1.630000e+00 -1.934202e+01
      vertex   5.926493e+01 1.630000e+00 -1.900000e+01
      vertex   5.561127e+01 1.630000e+00 -1.947710e+01
    endloop
  endfacet
  facet normal -0.000000e+00 1.000000e+00 0.000000e+00
    outer loop
      vertex   5.561127e+01 1.630000e+00 -1.947710e+01
      vertex   5.926493e+01 1.630000e+00 -1.900000e+01
      vertex   5.574635e+01 1.630000e+00 -1.965314e+01
    endloop
  endfacet
  facet normal 0.000000e+00 1.000000e+00 0.000000e+00
    outer loop
      vertex   5.574635e+01 1.630000e+00 -1.965314e+01
      vertex   5.926493e+01 1.630000e+00 -1.900000e+01
      vertex   5.921414e+01 1.630000e+00 -1.939626e+01
    endloop
  endfacet
  facet normal -0.000000e+00 1.000000e+00 0.000000e+00
    outer loop
      vertex   5.574635e+01 1.630000e+00 -1.965314e+01
      vertex   5.921414e+01 1.630000e+00 -1.939626e+01
      vertex   5.908411e+01 1.630000e+00 -1.985131e+01
    endloop
  endfacet
  facet normal 0.000000e+00 1.000000e+00 0.000000e+00
    outer loop
      vertex   5.574635e+01 1.630000e+00 -1.965314e+01
      vertex   5.908411e+01 1.630000e+00 -1.985131e+01
      vertex   5.583127e+01 1.630000e+00 -1.985815e+01
    endloop
  endfacet
  facet normal -0.000000e+00 1.000000e+00 0.000000e+00
    outer loop
      vertex   5.583127e+01 1.630000e+00 -1.985815e+01
      vertex   5.908411e+01 1.630000e+00 -1.985131e+01
      vertex   5.887927e+01 1.630000e+00 -2.035596e+01
    endloop
  endfacet
  facet normal 0.000000e+00 1.000000e+00 0.000000e+00
    outer loop
      vertex   5.583127e+01 1.630000e+00 -1.985815e+01
      vertex   5.887927e+01 1.630000e+00 -2.035596e+01
      vertex   5.586023e+01 1.630000e+00 -2.007814e+01
    endloop
  endfacet
  facet normal 0.000000e+00 1.000000e+00 0.000000e+00
    outer loop
      vertex   5.586023e+01 1.630000e+00 -2.007814e+01
      vertex   5.887927e+01 1.630000e+00 -2.035596e+01
      vertex   5.583127e+01 1.630000e+00 -2.029814e+01
    endloop
  endfacet
  facet normal 0.000000e+00 1.000000e+00 0.000000e+00
    outer loop
      vertex   5.583127e+01 1.630000e+00 -2.029814e+01
      vertex   5.887927e+01 1.630000e+00 -2.035596e+01
      vertex   5.861294e+01 1.630000e+00 -2.088540e+01
    endloop
  endfacet
  facet normal 0.000000e+00 1.000000e+00 0.000000e+00
    outer loop
      vertex   5.583127e+01 1.630000e+00 -2.029814e+01
      vertex   5.861294e+01 1.630000e+00 -2.088540e+01
      vertex   5.574635e+01 1.630000e+00 -2.050314e+01
    endloop
  endfacet
  facet normal 0.000000e+00 1.000000e+00 0.000000e+00
    outer loop
      vertex   5.574635e+01 1.630000e+00 -2.050314e+01
      vertex   5.861294e+01 1.630000e+00 -2.088540e+01
      vertex   5.830693e+01 1.630000e+00 -2.140216e+01
    endloop
  endfacet
  facet normal 0.000000e+00 1.000000e+00 0.000000e+00
    outer loop
      vertex   5.574635e+01 1.630000e+00 -2.050314e+01
      vertex   5.830693e+01 1.630000e+00 -2.140216e+01
      vertex   5.561127e+01 1.630000e+00 -2.067919e+01
    endloop
  endfacet
  facet normal 0.000000e+00 1.000000e+00 0.000000e+00
    outer loop
      vertex   5.561127e+01 1.630000e+00 -2.067919e+01
      vertex   5.830693e+01 1.630000e+00 -2.140216e+01
      vertex   5.798345e+01 1.630000e+00 -2.187385e+01
    endloop
  endfacet
  facet normal 0.000000e+00 1.000000e+00 0.000000e+00
    outer loop
      vertex   5.561127e+01 1.630000e+00 -2.067919e+01
      vertex   5.798345e+01 1.630000e+00 -2.187385e+01
      vertex   5.543523e+01 1.630000e+00 -2.081427e+01
    endloop
  endfacet
  facet normal 0.000000e+00 1.000000e+00 0.000000e+00
    outer loop
      vertex   5.543523e+01 1.630000e+00 -2.081427e+01
      vertex   5.798345e+01 1.630000e+00 -2.187385e+01
      vertex   5.523023e+01 1.630000e+00 -2.089918e+01
    endloop
  endfacet
  facet normal 0.000000e+00 1.000000e+00 0.000000e+00
    outer loop
      vertex   5.523023e+01 1.630000e+00 -2.089918e+01
      vertex   5.798345e+01 1.630000e+00 -2.187385e+01
      vertex   5.732350e+01 1.630000e+00 -2.268169e+01
    endloop
  endfacet
  facet normal 0.000000e+00 1.000000e+00 0.000000e+00
    outer loop
      vertex   5.523023e+01 1.630000e+00 -2.089918e+01
      vertex   5.732350e+01 1.630000e+00 -2.268169e+01
      vertex   5.501023e+01 1.630000e+00 -2.092814e+01
    endloop
  endfacet
  facet normal 2.577756e-16 1.000000e+00 3.400572e-16
    outer loop
      vertex   5.501023e+01 1.630000e+00 -2.092814e+01
      vertex   5.732350e+01 1.630000e+00 -2.268169e+01
      vertex   5.697262e+01 1.630000e+00 -2.306867e+01
    endloop
  endfacet
  facet normal -3.486693e-16 1.000000e+00 -2.159195e-16
    outer loop
      vertex   5.501023e+01 1.630000e+00 -2.092814e+01
      vertex   5.697262e+01 1.630000e+00 -2.306867e+01
      vertex   5.657966e+01 1.630000e+00 -2.346248e+01
    endloop
  endfacet
  facet normal 0.000000e+00 1.000000e+00 0.000000e+00
    outer loop
      vertex   5.501023e+01 1.630000e+00 -2.092814e+01
      vertex   5.657966e+01 1.630000e+00 -2.346248e+01
      vertex   5.479023e+01 1.630000e+00 -2.089918e+01
    endloop
  endfacet
  facet normal -3.046853e-16 1.000000e+00 -2.126994e-16
    outer loop
      vertex   5.479023e+01 1.630000e+00 -2.089918e+01
      vertex   5.657966e+01 1.630000e+00 -2.346248e+01
      vertex   5.611533e+01 1.630000e+00 -2.384128e+01
    endloop
  endfacet
  facet normal 3.757340e-17 1.000000e+00 -5.854871e-17
    outer loop
      vertex   5.479023e+01 1.630000e+00 -2.089918e+01
      vertex   5.611533e+01 1.630000e+00 -2.384128e+01
      vertex   5.584720e+01 1.630000e+00 -2.401335e+01
    endloop
  endfacet
  facet normal 6.683952e-16 1.000000e+00 1.555561e-16
    outer loop
      vertex   5.584720e+01 1.630000e+00 -2.401335e+01
      vertex   5.555083e+01 1.630000e+00 -2.416733e+01
      vertex   5.479023e+01 1.630000e+00 -2.089918e+01
    endloop
  endfacet
  facet normal 0.000000e+00 1.000000e+00 0.000000e+00
    outer loop
      vertex   5.479023e+01 1.630000e+00 -2.089918e+01
      vertex   5.555083e+01 1.630000e+00 -2.416733e+01
      vertex   5.522379e+01 1.630000e+00 -2.429914e+01
    endloop
  endfacet
  facet normal 0.000000e+00 1.000000e+00 0.000000e+00
    outer loop
      vertex   5.479023e+01 1.630000e+00 -2.089918e+01
      vertex   5.522379e+01 1.630000e+00 -2.429914e+01
      vertex   5.486434e+01 1.630000e+00 -2.440573e+01
    endloop
  endfacet
  facet normal 0.000000e+00 1.000000e+00 0.000000e+00
    outer loop
      vertex   5.486434e+01 1.630000e+00 -2.440573e+01
      vertex   5.447136e+01 1.630000e+00 -2.448497e+01
      vertex   5.479023e+01 1.630000e+00 -2.089918e+01
    endloop
  endfacet
  facet normal 0.000000e+00 1.000000e+00 0.000000e+00
    outer loop
      vertex   5.479023e+01 1.630000e+00 -2.089918e+01
      vertex   5.447136e+01 1.630000e+00 -2.448497e+01
      vertex   5.404420e+01 1.630000e+00 -2.453546e+01
    endloop
  endfacet
  facet normal 0.000000e+00 1.000000e+00 0.000000e+00
    outer loop
      vertex   5.479023e+01 1.630000e+00 -2.089918e+01
      vertex   5.404420e+01 1.630000e+00 -2.453546e+01
      vertex   5.358258e+01 1.630000e+00 -2.455640e+01
    endloop
  endfacet
  facet normal 0.000000e+00 1.000000e+00 -0.000000e+00
    outer loop
      vertex   5.358258e+01 1.630000e+00 -2.455640e+01
      vertex   5.308644e+01 1.630000e+00 -2.454742e+01
      vertex   5.479023e+01 1.630000e+00 -2.089918e+01
    endloop
  endfacet
  facet normal 0.000000e+00 1.000000e+00 0.000000e+00
    outer loop
      vertex   5.479023e+01 1.630000e+00 -2.089918e+01
      vertex   5.308644e+01 1.630000e+00 -2.454742e+01
      vertex   5.255589e+01 1.630000e+00 -2.450843e+01
    endloop
  endfacet
  facet normal 0.000000e+00 1.000000e+00 0.000000e+00
    outer loop
      vertex   5.479023e+01 1.630000e+00 -2.089918e+01
      vertex   5.255589e+01 1.630000e+00 -2.450843e+01
      vertex   5.458523e+01 1.630000e+00 -2.081427e+01
    endloop
  endfacet
  facet normal 0.000000e+00 1.000000e+00 0.000000e+00
    outer loop
      vertex   5.458523e+01 1.630000e+00 -2.081427e+01
      vertex   5.255589e+01 1.630000e+00 -2.450843e+01
      vertex   5.199105e+01 1.630000e+00 -2.443947e+01
    endloop
  endfacet
  facet normal 0.000000e+00 1.000000e+00 0.000000e+00
    outer loop
      vertex   5.458523e+01 1.630000e+00 -2.081427e+01
      vertex   5.199105e+01 1.630000e+00 -2.443947e+01
      vertex   5.440919e+01 1.630000e+00 -2.067919e+01
    endloop
  endfacet
  facet normal 0.000000e+00 1.000000e+00 0.000000e+00
    outer loop
      vertex   5.440919e+01 1.630000e+00 -2.067919e+01
      vertex   5.199105e+01 1.630000e+00 -2.443947e+01
      vertex   5.427411e+01 1.630000e+00 -2.050314e+01
    endloop
  endfacet
  facet normal 0.000000e+00 1.000000e+00 0.000000e+00
    outer loop
      vertex   5.427411e+01 1.630000e+00 -2.050314e+01
      vertex   5.199105e+01 1.630000e+00 -2.443947e+01
      vertex   5.418919e+01 1.630000e+00 -2.029814e+01
    endloop
  endfacet
  facet normal 0.000000e+00 1.000000e+00 0.000000e+00
    outer loop
      vertex   5.418919e+01 1.630000e+00 -2.029814e+01
      vertex   5.199105e+01 1.630000e+00 -2.443947e+01
      vertex   5.416023e+01 1.630000e+00 -2.007814e+01
    endloop
  endfacet
  facet normal 0.000000e+00 1.000000e+00 0.000000e+00
    outer loop
      vertex   5.416023e+01 1.630000e+00 -2.007814e+01
      vertex   5.199105e+01 1.630000e+00 -2.443947e+01
      vertex   3.500000e+01 1.630000e+00 -1.500000e+01
    endloop
  endfacet
  facet normal 0.000000e+00 1.000000e+00 -0.000000e+00
    outer loop
      vertex   5.416023e+01 1.630000e+00 -2.007814e+01
      vertex   3.500000e+01 1.630000e+00 -1.500000e+01
      vertex   5.418919e+01 1.630000e+00 -1.985815e+01
    endloop
  endfacet
  facet normal 0.000000e+00 1.000000e+00 0.000000e+00
    outer loop
      vertex   5.418919e+01 1.630000e+00 -1.985815e+01
      vertex   3.500000e+01 1.630000e+00 -1.500000e+01
      vertex   4.800000e+01 1.630000e+00 -1.300000e+01
    endloop
  endfacet
  facet normal 0.000000e+00 1.000000e+00 -0.000000e+00
    outer loop
      vertex   5.418919e+01 1.630000e+00 -1.985815e+01
      vertex   4.800000e+01 1.630000e+00 -1.300000e+01
      vertex   5.427411e+01 1.630000e+00 -1.965314e+01
    endloop
  endfacet
  facet normal 0.000000e+00 1.000000e+00 -0.000000e+00
    outer loop
      vertex   5.427411e+01 1.630000e+00 -1.965314e+01
      vertex   4.800000e+01 1.630000e+00 -1.300000e+01
      vertex   5.440919e+01 1.630000e+00 -1.947710e+01
    endloop
  endfacet
  facet normal 0.000000e+00 1.000000e+00 -0.000000e+00
    outer loop
      vertex   5.440919e+01 1.630000e+00 -1.947710e+01
      vertex   4.800000e+01 1.630000e+00 -1.300000e+01
      vertex   5.458523e+01 1.630000e+00 -1.934202e+01
    endloop
  endfacet
  facet normal 0.000000e+00 1.000000e+00 -0.000000e+00
    outer loop
      vertex   1.600000e+01 1.630000e+00 -1.500000e+01
      vertex   1.300000e+01 1.630000e+00 -1.300000e+01
      vertex   3.500000e+01 1.630000e+00 -1.500000e+01
    endloop
  endfacet
  facet normal 0.000000e+00 1.000000e+00 0.000000e+00
    outer loop
      vertex   3.500000e+01 1.630000e+00 -1.500000e+01
      vertex   1.300000e+01 1.630000e+00 -1.300000e+01
      vertex   1.755630e+01 1.630000e+00 4.562680e+00
    endloop
  endfacet
  facet normal 0.000000e+00 1.000000e+00 0.000000e+00
    outer loop
      vertex   3.500000e+01 1.630000e+00 -1.500000e+01
      vertex   1.755630e+01 1.630000e+00 4.562680e+00
      vertex   1.808471e+01 1.630000e+00 4.747578e+00
    endloop
  endfacet
  facet normal 0.000000e+00 1.000000e+00 0.000000e+00
    outer loop
      vertex   -1.100000e+01 1.630000e+00 -1.300000e+01
      vertex   4.952656e+00 1.630000e+00 -3.681938e-01
      vertex   1.300000e+01 1.630000e+00 -1.300000e+01
    endloop
  endfacet
  facet normal 0.000000e+00 1.000000e+00 0.000000e+00
    outer loop
      vertex   1.300000e+01 1.630000e+00 -1.300000e+01
      vertex   4.952656e+00 1.630000e+00 -3.681938e-01
      vertex   5.508958e+00 1.630000e+00 -4.308740e-01
    endloop
  endfacet
  facet normal 0.000000e+00 1.000000e+00 0.000000e+00
    outer loop
      vertex   1.300000e+01 1.630000e+00 -1.300000e+01
      vertex   5.508958e+00 1.630000e+00 -4.308740e-01
      vertex   6.065261e+00 1.630000e+00 -3.681938e-01
    endloop
  endfacet
  facet normal 0.000000e+00 1.000000e+00 -0.000000e+00
    outer loop
      vertex   -1.400000e+01 1.630000e+00 -1.500000e+01
      vertex   -2.500000e+01 1.630000e+00 -1.500000e+01
      vertex   -1.100000e+01 1.630000e+00 -1.300000e+01
    endloop
  endfacet
  facet normal 0.000000e+00 1.000000e+00 0.000000e+00
    outer loop
      vertex   -1.100000e+01 1.630000e+00 -1.300000e+01
      vertex   -2.500000e+01 1.630000e+00 -1.500000e+01
      vertex   -2.100000e+01 1.630000e+00 2.500000e+00
    endloop
  endfacet
  facet normal 0.000000e+00 1.000000e+00 0.000000e+00
    outer loop
      vertex   -1.100000e+01 1.630000e+00 -1.300000e+01
      vertex   -2.100000e+01 1.630000e+00 2.500000e+00
      vertex   -2.044370e+01 1.630000e+00 2.562680e+00
    endloop
  endfacet
  facet normal 0.000000e+00 1.000000e+00 0.000000e+00
    outer loop
      vertex   -2.500000e+01 1.630000e+00 3.000000e+01
      vertex   -2.350000e+01 1.630000e+00 5.000000e+00
      vertex   -2.500000e+01 1.630000e+00 -1.500000e+01
    endloop
  endfacet
  facet normal 0.000000e+00 1.000000e+00 0.000000e+00
    outer loop
      vertex   -2.500000e+01 1.630000e+00 -1.500000e+01
      vertex   -2.350000e+01 1.630000e+00 5.000000e+00
      vertex   -2.343732e+01 1.630000e+00 4.443698e+00
    endloop
  endfacet
  facet normal 0.000000e+00 1.000000e+00 0.000000e+00
    outer loop
      vertex   -2.500000e+01 1.630000e+00 -1.500000e+01
      vertex   -2.343732e+01 1.630000e+00 4.443698e+00
      vertex   -2.325242e+01 1.630000e+00 3.915291e+00
    endloop
  endfacet
  facet normal 0.000000e+00 1.000000e+00 0.000000e+00
    outer loop
      vertex   1.290000e+01 1.630000e+00 3.000000e+01
      vertex   1.290000e+01 1.630000e+00 2.837780e+01
      vertex   -2.500000e+01 1.630000e+00 3.000000e+01
    endloop
  endfacet
  facet normal 0.000000e+00 1.000000e+00 0.000000e+00
    outer loop
      vertex   -2.500000e+01 1.630000e+00 3.000000e+01
      vertex   1.290000e+01 1.630000e+00 2.837780e+01
      vertex   -1.991529e+01 1.630000e+00 7.252422e+00
    endloop
  endfacet
  facet normal 0.000000e+00 1.000000e+00 0.000000e+00
    outer loop
      vertex   -2.500000e+01 1.630000e+00 3.000000e+01
      vertex   -1.991529e+01 1.630000e+00 7.252422e+00
      vertex   -2.044370e+01 1.630000e+00 7.437320e+00
    endloop
  endfacet
  facet normal 0.000000e+00 1.000000e+00 0.000000e+00
    outer loop
      vertex   2.240000e+01 1.630000e+00 2.837780e+01
      vertex   1.700000e+01 1.630000e+00 9.500000e+00
      vertex   1.290000e+01 1.630000e+00 2.837780e+01
    endloop
  endfacet
  facet normal 0.000000e+00 1.000000e+00 0.000000e+00
    outer loop
      vertex   1.290000e+01 1.630000e+00 2.837780e+01
      vertex   1.700000e+01 1.630000e+00 9.500000e+00
      vertex   1.644370e+01 1.630000e+00 9.437320e+00
    endloop
  endfacet
  facet normal 0.000000e+00 1.000000e+00 0.000000e+00
    outer loop
      vertex   1.290000e+01 1.630000e+00 2.837780e+01
      vertex   1.644370e+01 1.630000e+00 9.437320e+00
      vertex   1.591529e+01 1.630000e+00 9.252422e+00
    endloop
  endfacet
  facet normal 0.000000e+00 1.000000e+00 0.000000e+00
    outer loop
      vertex   -2.325242e+01 1.630000e+00 3.915291e+00
      vertex   -2.295458e+01 1.630000e+00 3.441276e+00
      vertex   -2.500000e+01 1.630000e+00 -1.500000e+01
    endloop
  endfacet
  facet normal 0.000000e+00 1.000000e+00 0.000000e+00
    outer loop
      vertex   -2.500000e+01 1.630000e+00 -1.500000e+01
      vertex   -2.295458e+01 1.630000e+00 3.441276e+00
      vertex   -2.255872e+01 1.630000e+00 3.045421e+00
    endloop
  endfacet
  facet normal 0.000000e+00 1.000000e+00 0.000000e+00
    outer loop
      vertex   -2.500000e+01 1.630000e+00 -1.500000e+01
      vertex   -2.255872e+01 1.630000e+00 3.045421e+00
      vertex   -2.208471e+01 1.630000e+00 2.747578e+00
    endloop
  endfacet
  facet normal 0.000000e+00 1.000000e+00 0.000000e+00
    outer loop
      vertex   -2.208471e+01 1.630000e+00 2.747578e+00
      vertex   -2.155630e+01 1.630000e+00 2.562680e+00
      vertex   -2.500000e+01 1.630000e+00 -1.500000e+01
    endloop
  endfacet
  facet normal 0.000000e+00 1.000000e+00 0.000000e+00
    outer loop
      vertex   -2.500000e+01 1.630000e+00 -1.500000e+01
      vertex   -2.155630e+01 1.630000e+00 2.562680e+00
      vertex   -2.100000e+01 1.630000e+00 2.500000e+00
    endloop
  endfacet
  facet normal -0.000000e+00 1.000000e+00 0.000000e+00
    outer loop
      vertex   -2.044370e+01 1.630000e+00 2.562680e+00
      vertex   -1.991529e+01 1.630000e+00 2.747578e+00
      vertex   -1.100000e+01 1.630000e+00 -1.300000e+01
    endloop
  endfacet
  facet normal 0.000000e+00 1.000000e+00 0.000000e+00
    outer loop
      vertex   -1.100000e+01 1.630000e+00 -1.300000e+01
      vertex   -1.991529e+01 1.630000e+00 2.747578e+00
      vertex   -1.944128e+01 1.630000e+00 3.045421e+00
    endloop
  endfacet
  facet normal 0.000000e+00 1.000000e+00 -0.000000e+00
    outer loop
      vertex   -1.100000e+01 1.630000e+00 -1.300000e+01
      vertex   -1.944128e+01 1.630000e+00 3.045421e+00
      vertex   3.554380e+00 1.630000e+00 5.104015e-01
    endloop
  endfacet
  facet normal 0.000000e+00 1.000000e+00 0.000000e+00
    outer loop
      vertex   3.554380e+00 1.630000e+00 5.104015e-01
      vertex   -1.944128e+01 1.630000e+00 3.045421e+00
      vertex   3.256536e+00 1.630000e+00 9.844166e-01
    endloop
  endfacet
  facet normal 0.000000e+00 1.000000e+00 0.000000e+00
    outer loop
      vertex   3.256536e+00 1.630000e+00 9.844166e-01
      vertex   -1.944128e+01 1.630000e+00 3.045421e+00
      vertex   -1.904542e+01 1.630000e+00 3.441276e+00
    endloop
  endfacet
  facet normal 0.000000e+00 1.000000e+00 0.000000e+00
    outer loop
      vertex   3.256536e+00 1.630000e+00 9.844166e-01
      vertex   -1.904542e+01 1.630000e+00 3.441276e+00
      vertex   3.071638e+00 1.630000e+00 1.512824e+00
    endloop
  endfacet
  facet normal 0.000000e+00 1.000000e+00 0.000000e+00
    outer loop
      vertex   3.071638e+00 1.630000e+00 1.512824e+00
      vertex   -1.904542e+01 1.630000e+00 3.441276e+00
      vertex   -1.874758e+01 1.630000e+00 3.915291e+00
    endloop
  endfacet
  facet normal 0.000000e+00 1.000000e+00 0.000000e+00
    outer loop
      vertex   3.071638e+00 1.630000e+00 1.512824e+00
      vertex   -1.874758e+01 1.630000e+00 3.915291e+00
      vertex   3.008958e+00 1.630000e+00 2.069126e+00
    endloop
  endfacet
  facet normal 0.000000e+00 1.000000e+00 0.000000e+00
    outer loop
      vertex   3.008958e+00 1.630000e+00 2.069126e+00
      vertex   -1.874758e+01 1.630000e+00 3.915291e+00
      vertex   -1.856268e+01 1.630000e+00 4.443698e+00
    endloop
  endfacet
  facet normal 0.000000e+00 1.000000e+00 -0.000000e+00
    outer loop
      vertex   3.008958e+00 1.630000e+00 2.069126e+00
      vertex   -1.856268e+01 1.630000e+00 4.443698e+00
      vertex   3.071638e+00 1.630000e+00 2.625428e+00
    endloop
  endfacet
  facet normal 0.000000e+00 1.000000e+00 0.000000e+00
    outer loop
      vertex   3.071638e+00 1.630000e+00 2.625428e+00
      vertex   -1.856268e+01 1.630000e+00 4.443698e+00
      vertex   -1.850000e+01 1.630000e+00 5.000000e+00
    endloop
  endfacet
  facet normal 0.000000e+00 1.000000e+00 -0.000000e+00
    outer loop
      vertex   3.071638e+00 1.630000e+00 2.625428e+00
      vertex   -1.850000e+01 1.630000e+00 5.000000e+00
      vertex   3.256536e+00 1.630000e+00 3.153835e+00
    endloop
  endfacet
  facet normal 0.000000e+00 1.000000e+00 0.000000e+00
    outer loop
      vertex   3.256536e+00 1.630000e+00 3.153835e+00
      vertex   -1.850000e+01 1.630000e+00 5.000000e+00
      vertex   -1.856268e+01 1.630000e+00 5.556302e+00
    endloop
  endfacet
  facet normal 0.000000e+00 1.000000e+00 -0.000000e+00
    outer loop
      vertex   3.256536e+00 1.630000e+00 3.153835e+00
      vertex   -1.856268e+01 1.630000e+00 5.556302e+00
      vertex   3.554380e+00 1.630000e+00 3.627850e+00
    endloop
  endfacet
  facet normal 0.000000e+00 1.000000e+00 0.000000e+00
    outer loop
      vertex   3.554380e+00 1.630000e+00 3.627850e+00
      vertex   -1.856268e+01 1.630000e+00 5.556302e+00
      vertex   -1.874758e+01 1.630000e+00 6.084709e+00
    endloop
  endfacet
  facet normal 0.000000e+00 1.000000e+00 -0.000000e+00
    outer loop
      vertex   3.554380e+00 1.630000e+00 3.627850e+00
      vertex   -1.874758e+01 1.630000e+00 6.084709e+00
      vertex   3.950234e+00 1.630000e+00 4.023705e+00
    endloop
  endfacet
  facet normal 0.000000e+00 1.000000e+00 0.000000e+00
    outer loop
      vertex   3.950234e+00 1.630000e+00 4.023705e+00
      vertex   -1.874758e+01 1.630000e+00 6.084709e+00
      vertex   -1.904542e+01 1.630000e+00 6.558725e+00
    endloop
  endfacet
  facet normal 0.000000e+00 1.000000e+00 -0.000000e+00
    outer loop
      vertex   3.950234e+00 1.630000e+00 4.023705e+00
      vertex   -1.904542e+01 1.630000e+00 6.558725e+00
      vertex   4.424249e+00 1.630000e+00 4.321548e+00
    endloop
  endfacet
  facet normal 0.000000e+00 1.000000e+00 0.000000e+00
    outer loop
      vertex   4.424249e+00 1.630000e+00 4.321548e+00
      vertex   -1.904542e+01 1.630000e+00 6.558725e+00
      vertex   -1.944128e+01 1.630000e+00 6.954579e+00
    endloop
  endfacet
  facet normal 0.000000e+00 1.000000e+00 -0.000000e+00
    outer loop
      vertex   4.424249e+00 1.630000e+00 4.321548e+00
      vertex   -1.944128e+01 1.630000e+00 6.954579e+00
      vertex   4.952656e+00 1.630000e+00 4.506446e+00
    endloop
  endfacet
  facet normal 0.000000e+00 1.000000e+00 0.000000e+00
    outer loop
      vertex   4.952656e+00 1.630000e+00 4.506446e+00
      vertex   -1.944128e+01 1.630000e+00 6.954579e+00
      vertex   -1.991529e+01 1.630000e+00 7.252422e+00
    endloop
  endfacet
  facet normal 0.000000e+00 1.000000e+00 -0.000000e+00
    outer loop
      vertex   4.952656e+00 1.630000e+00 4.506446e+00
      vertex   -1.991529e+01 1.630000e+00 7.252422e+00
      vertex   1.290000e+01 1.630000e+00 2.837780e+01
    endloop
  endfacet
  facet normal 0.000000e+00 1.000000e+00 0.000000e+00
    outer loop
      vertex   -2.044370e+01 1.630000e+00 7.437320e+00
      vertex   -2.100000e+01 1.630000e+00 7.500000e+00
      vertex   -2.500000e+01 1.630000e+00 3.000000e+01
    endloop
  endfacet
  facet normal 0.000000e+00 1.000000e+00 0.000000e+00
    outer loop
      vertex   -2.500000e+01 1.630000e+00 3.000000e+01
      vertex   -2.100000e+01 1.630000e+00 7.500000e+00
      vertex   -2.155630e+01 1.630000e+00 7.437320e+00
    endloop
  endfacet
  facet normal 0.000000e+00 1.000000e+00 0.000000e+00
    outer loop
      vertex   -2.500000e+01 1.630000e+00 3.000000e+01
      vertex   -2.155630e+01 1.630000e+00 7.437320e+00
      vertex   -2.208471e+01 1.630000e+00 7.252422e+00
    endloop
  endfacet
  facet normal 0.000000e+00 1.000000e+00 0.000000e+00
    outer loop
      vertex   -2.208471e+01 1.630000e+00 7.252422e+00
      vertex   -2.255872e+01 1.630000e+00 6.954579e+00
      vertex   -2.500000e+01 1.630000e+00 3.000000e+01
    endloop
  endfacet
  facet normal 0.000000e+00 1.000000e+00 0.000000e+00
    outer loop
      vertex   -2.500000e+01 1.630000e+00 3.000000e+01
      vertex   -2.255872e+01 1.630000e+00 6.954579e+00
      vertex   -2.295458e+01 1.630000e+00 6.558725e+00
    endloop
  endfacet
  facet normal 0.000000e+00 1.000000e+00 0.000000e+00
    outer loop
      vertex   -2.500000e+01 1.630000e+00 3.000000e+01
      vertex   -2.295458e+01 1.630000e+00 6.558725e+00
      vertex   -2.325242e+01 1.630000e+00 6.084709e+00
    endloop
  endfacet
  facet normal 0.000000e+00 1.000000e+00 0.000000e+00
    outer loop
      vertex   -2.325242e+01 1.630000e+00 6.084709e+00
      vertex   -2.343732e+01 1.630000e+00 5.556302e+00
      vertex   -2.500000e+01 1.630000e+00 3.000000e+01
    endloop
  endfacet
  facet normal 0.000000e+00 1.000000e+00 0.000000e+00
    outer loop
      vertex   -2.500000e+01 1.630000e+00 3.000000e+01
      vertex   -2.343732e+01 1.630000e+00 5.556302e+00
      vertex   -2.350000e+01 1.630000e+00 5.000000e+00
    endloop
  endfacet
  facet normal 0.000000e+00 1.000000e+00 0.000000e+00
    outer loop
      vertex   3.554380e+00 1.630000e+00 5.104015e-01
      vertex   3.950234e+00 1.630000e+00 1.145473e-01
      vertex   -1.100000e+01 1.630000e+00 -1.300000e+01
    endloop
  endfacet
  facet normal 0.000000e+00 1.000000e+00 0.000000e+00
    outer loop
      vertex   -1.100000e+01 1.630000e+00 -1.300000e+01
      vertex   3.950234e+00 1.630000e+00 1.145473e-01
      vertex   4.424249e+00 1.630000e+00 -1.832962e-01
    endloop
  endfacet
  facet normal 0.000000e+00 1.000000e+00 0.000000e+00
    outer loop
      vertex   -1.100000e+01 1.630000e+00 -1.300000e+01
      vertex   4.424249e+00 1.630000e+00 -1.832962e-01
      vertex   4.952656e+00 1.630000e+00 -3.681938e-01
    endloop
  endfacet
  facet normal -0.000000e+00 1.000000e+00 0.000000e+00
    outer loop
      vertex   6.065261e+00 1.630000e+00 -3.681938e-01
      vertex   6.593668e+00 1.630000e+00 -1.832962e-01
      vertex   1.300000e+01 1.630000e+00 -1.300000e+01
    endloop
  endfacet
  facet normal 0.000000e+00 1.000000e+00 0.000000e+00
    outer loop
      vertex   1.300000e+01 1.630000e+00 -1.300000e+01
      vertex   6.593668e+00 1.630000e+00 -1.832962e-01
      vertex   7.067683e+00 1.630000e+00 1.145473e-01
    endloop
  endfacet
  facet normal 0.000000e+00 1.000000e+00 0.000000e+00
    outer loop
      vertex   1.300000e+01 1.630000e+00 -1.300000e+01
      vertex   7.067683e+00 1.630000e+00 1.145473e-01
      vertex   7.463537e+00 1.630000e+00 5.104015e-01
    endloop
  endfacet
  facet normal 0.000000e+00 1.000000e+00 -0.000000e+00
    outer loop
      vertex   1.300000e+01 1.630000e+00 -1.300000e+01
      vertex   7.463537e+00 1.630000e+00 5.104015e-01
      vertex   1.700000e+01 1.630000e+00 4.500000e+00
    endloop
  endfacet
  facet normal 0.000000e+00 1.000000e+00 0.000000e+00
    outer loop
      vertex   1.700000e+01 1.630000e+00 4.500000e+00
      vertex   7.463537e+00 1.630000e+00 5.104015e-01
      vertex   7.761380e+00 1.630000e+00 9.844166e-01
    endloop
  endfacet
  facet normal 0.000000e+00 1.000000e+00 0.000000e+00
    outer loop
      vertex   1.700000e+01 1.630000e+00 4.500000e+00
      vertex   7.761380e+00 1.630000e+00 9.844166e-01
      vertex   1.644370e+01 1.630000e+00 4.562680e+00
    endloop
  endfacet
  facet normal 0.000000e+00 1.000000e+00 0.000000e+00
    outer loop
      vertex   1.644370e+01 1.630000e+00 4.562680e+00
      vertex   7.761380e+00 1.630000e+00 9.844166e-01
      vertex   7.946278e+00 1.630000e+00 1.512824e+00
    endloop
  endfacet
  facet normal 0.000000e+00 1.000000e+00 0.000000e+00
    outer loop
      vertex   1.644370e+01 1.630000e+00 4.562680e+00
      vertex   7.946278e+00 1.630000e+00 1.512824e+00
      vertex   1.591529e+01 1.630000e+00 4.747578e+00
    endloop
  endfacet
  facet normal 0.000000e+00 1.000000e+00 0.000000e+00
    outer loop
      vertex   1.591529e+01 1.630000e+00 4.747578e+00
      vertex   7.946278e+00 1.630000e+00 1.512824e+00
      vertex   8.008958e+00 1.630000e+00 2.069126e+00
    endloop
  endfacet
  facet normal 0.000000e+00 1.000000e+00 0.000000e+00
    outer loop
      vertex   1.591529e+01 1.630000e+00 4.747578e+00
      vertex   8.008958e+00 1.630000e+00 2.069126e+00
      vertex   7.946278e+00 1.630000e+00 2.625428e+00
    endloop
  endfacet
  facet normal 0.000000e+00 1.000000e+00 0.000000e+00
    outer loop
      vertex   1.591529e+01 1.630000e+00 4.747578e+00
      vertex   7.946278e+00 1.630000e+00 2.625428e+00
      vertex   1.544128e+01 1.630000e+00 5.045421e+00
    endloop
  endfacet
  facet normal 0.000000e+00 1.000000e+00 0.000000e+00
    outer loop
      vertex   1.544128e+01 1.630000e+00 5.045421e+00
      vertex   7.946278e+00 1.630000e+00 2.625428e+00
      vertex   7.761380e+00 1.630000e+00 3.153835e+00
    endloop
  endfacet
  facet normal 0.000000e+00 1.000000e+00 0.000000e+00
    outer loop
      vertex   1.544128e+01 1.630000e+00 5.045421e+00
      vertex   7.761380e+00 1.630000e+00 3.153835e+00
      vertex   1.504542e+01 1.630000e+00 5.441276e+00
    endloop
  endfacet
  facet normal 0.000000e+00 1.000000e+00 0.000000e+00
    outer loop
      vertex   1.504542e+01 1.630000e+00 5.441276e+00
      vertex   7.761380e+00 1.630000e+00 3.153835e+00
      vertex   7.463537e+00 1.630000e+00 3.627850e+00
    endloop
  endfacet
  facet normal 0.000000e+00 1.000000e+00 0.000000e+00
    outer loop
      vertex   1.504542e+01 1.630000e+00 5.441276e+00
      vertex   7.463537e+00 1.630000e+00 3.627850e+00
      vertex   1.474758e+01 1.630000e+00 5.915291e+00
    endloop
  endfacet
  facet normal 0.000000e+00 1.000000e+00 0.000000e+00
    outer loop
      vertex   1.474758e+01 1.630000e+00 5.915291e+00
      vertex   7.463537e+00 1.630000e+00 3.627850e+00
      vertex   7.067683e+00 1.630000e+00 4.023705e+00
    endloop
  endfacet
  facet normal 0.000000e+00 1.000000e+00 0.000000e+00
    outer loop
      vertex   1.474758e+01 1.630000e+00 5.915291e+00
      vertex   7.067683e+00 1.630000e+00 4.023705e+00
      vertex   1.456268e+01 1.630000e+00 6.443698e+00
    endloop
  endfacet
  facet normal 0.000000e+00 1.000000e+00 0.000000e+00
    outer loop
      vertex   1.456268e+01 1.630000e+00 6.443698e+00
      vertex   7.067683e+00 1.630000e+00 4.023705e+00
      vertex   6.593668e+00 1.630000e+00 4.321548e+00
    endloop
  endfacet
  facet normal 0.000000e+00 1.000000e+00 0.000000e+00
    outer loop
      vertex   1.456268e+01 1.630000e+00 6.443698e+00
      vertex   6.593668e+00 1.630000e+00 4.321548e+00
      vertex   1.450000e+01 1.630000e+00 7.000000e+00
    endloop
  endfacet
  facet normal 0.000000e+00 1.000000e+00 -0.000000e+00
    outer loop
      vertex   1.450000e+01 1.630000e+00 7.000000e+00
      vertex   6.593668e+00 1.630000e+00 4.321548e+00
      vertex   1.456268e+01 1.630000e+00 7.556302e+00
    endloop
  endfacet
  facet normal 0.000000e+00 1.000000e+00 0.000000e+00
    outer loop
      vertex   1.456268e+01 1.630000e+00 7.556302e+00
      vertex   6.593668e+00 1.630000e+00 4.321548e+00
      vertex   6.065261e+00 1.630000e+00 4.506446e+00
    endloop
  endfacet
  facet normal 0.000000e+00 1.000000e+00 -0.000000e+00
    outer loop
      vertex   1.456268e+01 1.630000e+00 7.556302e+00
      vertex   6.065261e+00 1.630000e+00 4.506446e+00
      vertex   1.474758e+01 1.630000e+00 8.084709e+00
    endloop
  endfacet
  facet normal 0.000000e+00 1.000000e+00 0.000000e+00
    outer loop
      vertex   1.474758e+01 1.630000e+00 8.084709e+00
      vertex   6.065261e+00 1.630000e+00 4.506446e+00
      vertex   5.508958e+00 1.630000e+00 4.569126e+00
    endloop
  endfacet
  facet normal 0.000000e+00 1.000000e+00 -0.000000e+00
    outer loop
      vertex   1.474758e+01 1.630000e+00 8.084709e+00
      vertex   5.508958e+00 1.630000e+00 4.569126e+00
      vertex   1.504542e+01 1.630000e+00 8.558725e+00
    endloop
  endfacet
  facet normal 0.000000e+00 1.000000e+00 -0.000000e+00
    outer loop
      vertex   1.504542e+01 1.630000e+00 8.558725e+00
      vertex   5.508958e+00 1.630000e+00 4.569126e+00
      vertex   1.544128e+01 1.630000e+00 8.954579e+00
    endloop
  endfacet
  facet normal 0.000000e+00 1.000000e+00 0.000000e+00
    outer loop
      vertex   1.544128e+01 1.630000e+00 8.954579e+00
      vertex   5.508958e+00 1.630000e+00 4.569126e+00
      vertex   4.952656e+00 1.630000e+00 4.506446e+00
    endloop
  endfacet
  facet normal 0.000000e+00 1.000000e+00 0.000000e+00
    outer loop
      vertex   1.544128e+01 1.630000e+00 8.954579e+00
      vertex   4.952656e+00 1.630000e+00 4.506446e+00
      vertex   1.290000e+01 1.630000e+00 2.837780e+01
    endloop
  endfacet
  facet normal -0.000000e+00 1.000000e+00 0.000000e+00
    outer loop
      vertex   1.700000e+01 1.630000e+00 4.500000e+00
      vertex   1.755630e+01 1.630000e+00 4.562680e+00
      vertex   1.300000e+01 1.630000e+00 -1.300000e+01
    endloop
  endfacet
  facet normal -0.000000e+00 1.000000e+00 0.000000e+00
    outer loop
      vertex   1.808471e+01 1.630000e+00 4.747578e+00
      vertex   1.855872e+01 1.630000e+00 5.045421e+00
      vertex   3.500000e+01 1.630000e+00 -1.500000e+01
    endloop
  endfacet
  facet normal 0.000000e+00 1.000000e+00 0.000000e+00
    outer loop
      vertex   3.500000e+01 1.630000e+00 -1.500000e+01
      vertex   1.855872e+01 1.630000e+00 5.045421e+00
      vertex   1.895458e+01 1.630000e+00 5.441276e+00
    endloop
  endfacet
  facet normal 0.000000e+00 1.000000e+00 -0.000000e+00
    outer loop
      vertex   3.500000e+01 1.630000e+00 -1.500000e+01
      vertex   1.895458e+01 1.630000e+00 5.441276e+00
      vertex   4.800000e+01 1.630000e+00 -1.300000e+01
    endloop
  endfacet
  facet normal 0.000000e+00 1.000000e+00 0.000000e+00
    outer loop
      vertex   1.943732e+01 1.630000e+00 6.443698e+00
      vertex   1.950000e+01 1.630000e+00 7.000000e+00
      vertex   4.800000e+01 1.630000e+00 1.200000e+01
    endloop
  endfacet
  facet normal 0.000000e+00 1.000000e+00 0.000000e+00
    outer loop
      vertex   4.800000e+01 1.630000e+00 1.200000e+01
      vertex   1.950000e+01 1.630000e+00 7.000000e+00
      vertex   1.943732e+01 1.630000e+00 7.556302e+00
    endloop
  endfacet
  facet normal 0.000000e+00 1.000000e+00 0.000000e+00
    outer loop
      vertex   4.800000e+01 1.630000e+00 1.200000e+01
      vertex   1.943732e+01 1.630000e+00 7.556302e+00
      vertex   1.925242e+01 1.630000e+00 8.084709e+00
    endloop
  endfacet
  facet normal 0.000000e+00 1.000000e+00 -0.000000e+00
    outer loop
      vertex   1.925242e+01 1.630000e+00 8.084709e+00
      vertex   1.895458e+01 1.630000e+00 8.558725e+00
      vertex   4.800000e+01 1.630000e+00 1.200000e+01
    endloop
  endfacet
  facet normal 0.000000e+00 1.000000e+00 0.000000e+00
    outer loop
      vertex   4.800000e+01 1.630000e+00 1.200000e+01
      vertex   1.895458e+01 1.630000e+00 8.558725e+00
      vertex   1.855872e+01 1.630000e+00 8.954579e+00
    endloop
  endfacet
  facet normal 0.000000e+00 1.000000e+00 0.000000e+00
    outer loop
      vertex   4.800000e+01 1.630000e+00 1.200000e+01
      vertex   1.855872e+01 1.630000e+00 8.954579e+00
      vertex   2.240000e+01 1.630000e+00 2.837780e+01
    endloop
  endfacet
  facet normal 0.000000e+00 1.000000e+00 0.000000e+00
    outer loop
      vertex   2.240000e+01 1.630000e+00 2.837780e+01
      vertex   1.855872e+01 1.630000e+00 8.954579e+00
      vertex   1.808471e+01 1.630000e+00 9.252422e+00
    endloop
  endfacet
  facet normal 0.000000e+00 1.000000e+00 0.000000e+00
    outer loop
      vertex   2.240000e+01 1.630000e+00 2.837780e+01
      vertex   1.808471e+01 1.630000e+00 9.252422e+00
      vertex   1.755630e+01 1.630000e+00 9.437320e+00
    endloop
  endfacet
  facet normal 0.000000e+00 1.000000e+00 -0.000000e+00
    outer loop
      vertex   1.755630e+01 1.630000e+00 9.437320e+00
      vertex   1.700000e+01 1.630000e+00 9.500000e+00
      vertex   2.240000e+01 1.630000e+00 2.837780e+01
    endloop
  endfacet
  facet normal 0.000000e+00 1.000000e+00 0.000000e+00
    outer loop
      vertex   1.591529e+01 1.630000e+00 9.252422e+00
      vertex   1.544128e+01 1.630000e+00 8.954579e+00
      vertex   1.290000e+01 1.630000e+00 2.837780e+01
    endloop
  endfacet
endsolid
