solid ASCII
  facet normal 7.628289e-16 -1.000000e+00 -1.004283e-16
    outer loop
      vertex   -4.832103e+01 -6.670000e+00 -1.578000e+01
      vertex   -4.946593e+01 -6.670000e+00 -1.563250e+01
      vertex   -4.834999e+01 -6.670000e+00 -1.600000e+01
    endloop
  endfacet
  facet normal -0.000000e+00 -1.000000e+00 -2.416826e-15
    outer loop
      vertex   -4.834999e+01 -6.670000e+00 -1.600000e+01
      vertex   -4.946593e+01 -6.670000e+00 -1.563250e+01
      vertex   -4.949999e+01 -6.670000e+00 -1.600000e+01
    endloop
  endfacet
  facet normal 0.000000e+00 -1.000000e+00 2.416826e-15
    outer loop
      vertex   -4.834999e+01 -6.670000e+00 -1.600000e+01
      vertex   -4.949999e+01 -6.670000e+00 -1.600000e+01
      vertex   -4.946593e+01 -6.670000e+00 -1.636750e+01
    endloop
  endfacet
  facet normal 7.483362e-16 -1.000000e+00 -2.129200e-16
    outer loop
      vertex   -4.946593e+01 -6.670000e+00 -1.563250e+01
      vertex   -4.832103e+01 -6.670000e+00 -1.578000e+01
      vertex   -4.936493e+01 -6.670000e+00 -1.527752e+01
    endloop
  endfacet
  facet normal 7.093863e-16 -1.000000e+00 -2.938374e-16
    outer loop
      vertex   -4.936493e+01 -6.670000e+00 -1.527752e+01
      vertex   -4.832103e+01 -6.670000e+00 -1.578000e+01
      vertex   -4.823612e+01 -6.670000e+00 -1.557500e+01
    endloop
  endfacet
  facet normal 6.955495e-16 -1.000000e+00 -3.463425e-16
    outer loop
      vertex   -4.936493e+01 -6.670000e+00 -1.527752e+01
      vertex   -4.823612e+01 -6.670000e+00 -1.557500e+01
      vertex   -4.920042e+01 -6.670000e+00 -1.494714e+01
    endloop
  endfacet
  facet normal 6.174569e-16 -1.000000e+00 -4.662818e-16
    outer loop
      vertex   -4.920042e+01 -6.670000e+00 -1.494714e+01
      vertex   -4.823612e+01 -6.670000e+00 -1.557500e+01
      vertex   -4.897801e+01 -6.670000e+00 -1.465261e+01
    endloop
  endfacet
  facet normal 6.126788e-16 -1.000000e+00 -4.701250e-16
    outer loop
      vertex   -4.897801e+01 -6.670000e+00 -1.465261e+01
      vertex   -4.823612e+01 -6.670000e+00 -1.557500e+01
      vertex   -4.810104e+01 -6.670000e+00 -1.539896e+01
    endloop
  endfacet
  facet normal 5.237904e-16 -1.000000e+00 -5.745707e-16
    outer loop
      vertex   -4.897801e+01 -6.670000e+00 -1.465261e+01
      vertex   -4.810104e+01 -6.670000e+00 -1.539896e+01
      vertex   -4.870526e+01 -6.670000e+00 -1.440397e+01
    endloop
  endfacet
  facet normal 4.672363e-16 -1.000000e+00 -6.089142e-16
    outer loop
      vertex   -4.870526e+01 -6.670000e+00 -1.440397e+01
      vertex   -4.810104e+01 -6.670000e+00 -1.539896e+01
      vertex   -4.792499e+01 -6.670000e+00 -1.526388e+01
    endloop
  endfacet
  facet normal 4.094754e-16 -1.000000e+00 -6.613254e-16
    outer loop
      vertex   -4.870526e+01 -6.670000e+00 -1.440397e+01
      vertex   -4.792499e+01 -6.670000e+00 -1.526388e+01
      vertex   -4.839147e+01 -6.670000e+00 -1.420968e+01
    endloop
  endfacet
  facet normal 2.949254e-16 -1.000000e+00 -7.120128e-16
    outer loop
      vertex   -4.839147e+01 -6.670000e+00 -1.420968e+01
      vertex   -4.792499e+01 -6.670000e+00 -1.526388e+01
      vertex   -4.771999e+01 -6.670000e+00 -1.517896e+01
    endloop
  endfacet
  facet normal 2.798745e-16 -1.000000e+00 -7.224394e-16
    outer loop
      vertex   -4.839147e+01 -6.670000e+00 -1.420968e+01
      vertex   -4.771999e+01 -6.670000e+00 -1.517896e+01
      vertex   -4.804732e+01 -6.670000e+00 -1.407636e+01
    endloop
  endfacet
  facet normal 1.426618e-16 -1.000000e+00 -7.631733e-16
    outer loop
      vertex   -4.804732e+01 -6.670000e+00 -1.407636e+01
      vertex   -4.771999e+01 -6.670000e+00 -1.517896e+01
      vertex   -4.768453e+01 -6.670000e+00 -1.400854e+01
    endloop
  endfacet
  facet normal 1.003047e-16 -1.000000e+00 -7.618900e-16
    outer loop
      vertex   -4.768453e+01 -6.670000e+00 -1.400854e+01
      vertex   -4.771999e+01 -6.670000e+00 -1.517896e+01
      vertex   -4.749999e+01 -6.670000e+00 -1.515000e+01
    endloop
  endfacet
  facet normal 0.000000e+00 -1.000000e+00 -7.781059e-16
    outer loop
      vertex   -4.768453e+01 -6.670000e+00 -1.400854e+01
      vertex   -4.749999e+01 -6.670000e+00 -1.515000e+01
      vertex   -4.731546e+01 -6.670000e+00 -1.400854e+01
    endloop
  endfacet
  facet normal -1.003047e-16 -1.000000e+00 -7.618900e-16
    outer loop
      vertex   -4.731546e+01 -6.670000e+00 -1.400854e+01
      vertex   -4.749999e+01 -6.670000e+00 -1.515000e+01
      vertex   -4.728000e+01 -6.670000e+00 -1.517896e+01
    endloop
  endfacet
  facet normal -1.426618e-16 -1.000000e+00 -7.631733e-16
    outer loop
      vertex   -4.731546e+01 -6.670000e+00 -1.400854e+01
      vertex   -4.728000e+01 -6.670000e+00 -1.517896e+01
      vertex   -4.695267e+01 -6.670000e+00 -1.407636e+01
    endloop
  endfacet
  facet normal -2.798745e-16 -1.000000e+00 -7.224394e-16
    outer loop
      vertex   -4.695267e+01 -6.670000e+00 -1.407636e+01
      vertex   -4.728000e+01 -6.670000e+00 -1.517896e+01
      vertex   -4.660852e+01 -6.670000e+00 -1.420968e+01
    endloop
  endfacet
  facet normal -2.949254e-16 -1.000000e+00 -7.120128e-16
    outer loop
      vertex   -4.660852e+01 -6.670000e+00 -1.420968e+01
      vertex   -4.728000e+01 -6.670000e+00 -1.517896e+01
      vertex   -4.707499e+01 -6.670000e+00 -1.526388e+01
    endloop
  endfacet
  facet normal -4.094754e-16 -1.000000e+00 -6.613254e-16
    outer loop
      vertex   -4.660852e+01 -6.670000e+00 -1.420968e+01
      vertex   -4.707499e+01 -6.670000e+00 -1.526388e+01
      vertex   -4.629473e+01 -6.670000e+00 -1.440397e+01
    endloop
  endfacet
  facet normal -4.672363e-16 -1.000000e+00 -6.089142e-16
    outer loop
      vertex   -4.629473e+01 -6.670000e+00 -1.440397e+01
      vertex   -4.707499e+01 -6.670000e+00 -1.526388e+01
      vertex   -4.689895e+01 -6.670000e+00 -1.539896e+01
    endloop
  endfacet
  facet normal -5.237904e-16 -1.000000e+00 -5.745707e-16
    outer loop
      vertex   -4.629473e+01 -6.670000e+00 -1.440397e+01
      vertex   -4.689895e+01 -6.670000e+00 -1.539896e+01
      vertex   -4.602198e+01 -6.670000e+00 -1.465261e+01
    endloop
  endfacet
  facet normal -6.126788e-16 -1.000000e+00 -4.701250e-16
    outer loop
      vertex   -4.602198e+01 -6.670000e+00 -1.465261e+01
      vertex   -4.689895e+01 -6.670000e+00 -1.539896e+01
      vertex   -4.676387e+01 -6.670000e+00 -1.557500e+01
    endloop
  endfacet
  facet normal -6.174569e-16 -1.000000e+00 -4.662818e-16
    outer loop
      vertex   -4.602198e+01 -6.670000e+00 -1.465261e+01
      vertex   -4.676387e+01 -6.670000e+00 -1.557500e+01
      vertex   -4.579957e+01 -6.670000e+00 -1.494714e+01
    endloop
  endfacet
  facet normal -6.955495e-16 -1.000000e+00 -3.463425e-16
    outer loop
      vertex   -4.579957e+01 -6.670000e+00 -1.494714e+01
      vertex   -4.676387e+01 -6.670000e+00 -1.557500e+01
      vertex   -4.563506e+01 -6.670000e+00 -1.527752e+01
    endloop
  endfacet
  facet normal -7.093863e-16 -1.000000e+00 -2.938374e-16
    outer loop
      vertex   -4.563506e+01 -6.670000e+00 -1.527752e+01
      vertex   -4.676387e+01 -6.670000e+00 -1.557500e+01
      vertex   -4.667896e+01 -6.670000e+00 -1.578000e+01
    endloop
  endfacet
  facet normal -7.483362e-16 -1.000000e+00 -2.129200e-16
    outer loop
      vertex   -4.563506e+01 -6.670000e+00 -1.527752e+01
      vertex   -4.667896e+01 -6.670000e+00 -1.578000e+01
      vertex   -4.553405e+01 -6.670000e+00 -1.563250e+01
    endloop
  endfacet
  facet normal -7.628289e-16 -1.000000e+00 -1.004283e-16
    outer loop
      vertex   -4.553405e+01 -6.670000e+00 -1.563250e+01
      vertex   -4.667896e+01 -6.670000e+00 -1.578000e+01
      vertex   -4.664999e+01 -6.670000e+00 -1.600000e+01
    endloop
  endfacet
  facet normal -7.723333e-16 -1.000000e+00 -7.156722e-17
    outer loop
      vertex   -4.553405e+01 -6.670000e+00 -1.563250e+01
      vertex   -4.664999e+01 -6.670000e+00 -1.600000e+01
      vertex   -4.550000e+01 -6.670000e+00 -1.600000e+01
    endloop
  endfacet
  facet normal -7.723333e-16 -1.000000e+00 7.156722e-17
    outer loop
      vertex   -4.550000e+01 -6.670000e+00 -1.600000e+01
      vertex   -4.664999e+01 -6.670000e+00 -1.600000e+01
      vertex   -4.553405e+01 -6.670000e+00 -1.636750e+01
    endloop
  endfacet
  facet normal -7.628289e-16 -1.000000e+00 1.004283e-16
    outer loop
      vertex   -4.553405e+01 -6.670000e+00 -1.636750e+01
      vertex   -4.664999e+01 -6.670000e+00 -1.600000e+01
      vertex   -4.667896e+01 -6.670000e+00 -1.622000e+01
    endloop
  endfacet
  facet normal -7.483362e-16 -1.000000e+00 2.129200e-16
    outer loop
      vertex   -4.553405e+01 -6.670000e+00 -1.636750e+01
      vertex   -4.667896e+01 -6.670000e+00 -1.622000e+01
      vertex   -4.563506e+01 -6.670000e+00 -1.672248e+01
    endloop
  endfacet
  facet normal -7.093863e-16 -1.000000e+00 2.938374e-16
    outer loop
      vertex   -4.563506e+01 -6.670000e+00 -1.672248e+01
      vertex   -4.667896e+01 -6.670000e+00 -1.622000e+01
      vertex   -4.676387e+01 -6.670000e+00 -1.642500e+01
    endloop
  endfacet
  facet normal -6.955495e-16 -1.000000e+00 3.463425e-16
    outer loop
      vertex   -4.563506e+01 -6.670000e+00 -1.672248e+01
      vertex   -4.676387e+01 -6.670000e+00 -1.642500e+01
      vertex   -4.579957e+01 -6.670000e+00 -1.705286e+01
    endloop
  endfacet
  facet normal -6.174569e-16 -1.000000e+00 4.662818e-16
    outer loop
      vertex   -4.579957e+01 -6.670000e+00 -1.705286e+01
      vertex   -4.676387e+01 -6.670000e+00 -1.642500e+01
      vertex   -4.602198e+01 -6.670000e+00 -1.734739e+01
    endloop
  endfacet
  facet normal -6.126788e-16 -1.000000e+00 4.701250e-16
    outer loop
      vertex   -4.602198e+01 -6.670000e+00 -1.734739e+01
      vertex   -4.676387e+01 -6.670000e+00 -1.642500e+01
      vertex   -4.689895e+01 -6.670000e+00 -1.660104e+01
    endloop
  endfacet
  facet normal -5.237904e-16 -1.000000e+00 5.745707e-16
    outer loop
      vertex   -4.602198e+01 -6.670000e+00 -1.734739e+01
      vertex   -4.689895e+01 -6.670000e+00 -1.660104e+01
      vertex   -4.629473e+01 -6.670000e+00 -1.759603e+01
    endloop
  endfacet
  facet normal -4.672363e-16 -1.000000e+00 6.089142e-16
    outer loop
      vertex   -4.629473e+01 -6.670000e+00 -1.759603e+01
      vertex   -4.689895e+01 -6.670000e+00 -1.660104e+01
      vertex   -4.707499e+01 -6.670000e+00 -1.673612e+01
    endloop
  endfacet
  facet normal -4.094754e-16 -1.000000e+00 6.613254e-16
    outer loop
      vertex   -4.629473e+01 -6.670000e+00 -1.759603e+01
      vertex   -4.707499e+01 -6.670000e+00 -1.673612e+01
      vertex   -4.660852e+01 -6.670000e+00 -1.779032e+01
    endloop
  endfacet
  facet normal -2.949254e-16 -1.000000e+00 7.120128e-16
    outer loop
      vertex   -4.660852e+01 -6.670000e+00 -1.779032e+01
      vertex   -4.707499e+01 -6.670000e+00 -1.673612e+01
      vertex   -4.728000e+01 -6.670000e+00 -1.682104e+01
    endloop
  endfacet
  facet normal -2.798745e-16 -1.000000e+00 7.224394e-16
    outer loop
      vertex   -4.660852e+01 -6.670000e+00 -1.779032e+01
      vertex   -4.728000e+01 -6.670000e+00 -1.682104e+01
      vertex   -4.695267e+01 -6.670000e+00 -1.792365e+01
    endloop
  endfacet
  facet normal -1.426618e-16 -1.000000e+00 7.631733e-16
    outer loop
      vertex   -4.695267e+01 -6.670000e+00 -1.792365e+01
      vertex   -4.728000e+01 -6.670000e+00 -1.682104e+01
      vertex   -4.731546e+01 -6.670000e+00 -1.799146e+01
    endloop
  endfacet
  facet normal -1.003047e-16 -1.000000e+00 7.618900e-16
    outer loop
      vertex   -4.731546e+01 -6.670000e+00 -1.799146e+01
      vertex   -4.728000e+01 -6.670000e+00 -1.682104e+01
      vertex   -4.749999e+01 -6.670000e+00 -1.685000e+01
    endloop
  endfacet
  facet normal 0.000000e+00 -1.000000e+00 7.781059e-16
    outer loop
      vertex   -4.731546e+01 -6.670000e+00 -1.799146e+01
      vertex   -4.749999e+01 -6.670000e+00 -1.685000e+01
      vertex   -4.768453e+01 -6.670000e+00 -1.799146e+01
    endloop
  endfacet
  facet normal 1.003047e-16 -1.000000e+00 7.618900e-16
    outer loop
      vertex   -4.768453e+01 -6.670000e+00 -1.799146e+01
      vertex   -4.749999e+01 -6.670000e+00 -1.685000e+01
      vertex   -4.771999e+01 -6.670000e+00 -1.682104e+01
    endloop
  endfacet
  facet normal 1.426618e-16 -1.000000e+00 7.631733e-16
    outer loop
      vertex   -4.768453e+01 -6.670000e+00 -1.799146e+01
      vertex   -4.771999e+01 -6.670000e+00 -1.682104e+01
      vertex   -4.804732e+01 -6.670000e+00 -1.792365e+01
    endloop
  endfacet
  facet normal 2.798745e-16 -1.000000e+00 7.224394e-16
    outer loop
      vertex   -4.804732e+01 -6.670000e+00 -1.792365e+01
      vertex   -4.771999e+01 -6.670000e+00 -1.682104e+01
      vertex   -4.839147e+01 -6.670000e+00 -1.779032e+01
    endloop
  endfacet
  facet normal 2.949254e-16 -1.000000e+00 7.120128e-16
    outer loop
      vertex   -4.839147e+01 -6.670000e+00 -1.779032e+01
      vertex   -4.771999e+01 -6.670000e+00 -1.682104e+01
      vertex   -4.792499e+01 -6.670000e+00 -1.673612e+01
    endloop
  endfacet
  facet normal 4.094754e-16 -1.000000e+00 6.613254e-16
    outer loop
      vertex   -4.839147e+01 -6.670000e+00 -1.779032e+01
      vertex   -4.792499e+01 -6.670000e+00 -1.673612e+01
      vertex   -4.870526e+01 -6.670000e+00 -1.759603e+01
    endloop
  endfacet
  facet normal 4.672363e-16 -1.000000e+00 6.089142e-16
    outer loop
      vertex   -4.870526e+01 -6.670000e+00 -1.759603e+01
      vertex   -4.792499e+01 -6.670000e+00 -1.673612e+01
      vertex   -4.810104e+01 -6.670000e+00 -1.660104e+01
    endloop
  endfacet
  facet normal 5.237904e-16 -1.000000e+00 5.745707e-16
    outer loop
      vertex   -4.870526e+01 -6.670000e+00 -1.759603e+01
      vertex   -4.810104e+01 -6.670000e+00 -1.660104e+01
      vertex   -4.897801e+01 -6.670000e+00 -1.734739e+01
    endloop
  endfacet
  facet normal 6.126788e-16 -1.000000e+00 4.701250e-16
    outer loop
      vertex   -4.897801e+01 -6.670000e+00 -1.734739e+01
      vertex   -4.810104e+01 -6.670000e+00 -1.660104e+01
      vertex   -4.823612e+01 -6.670000e+00 -1.642500e+01
    endloop
  endfacet
  facet normal 6.174569e-16 -1.000000e+00 4.662818e-16
    outer loop
      vertex   -4.897801e+01 -6.670000e+00 -1.734739e+01
      vertex   -4.823612e+01 -6.670000e+00 -1.642500e+01
      vertex   -4.920042e+01 -6.670000e+00 -1.705286e+01
    endloop
  endfacet
  facet normal 6.955495e-16 -1.000000e+00 3.463425e-16
    outer loop
      vertex   -4.920042e+01 -6.670000e+00 -1.705286e+01
      vertex   -4.823612e+01 -6.670000e+00 -1.642500e+01
      vertex   -4.936493e+01 -6.670000e+00 -1.672248e+01
    endloop
  endfacet
  facet normal 7.093863e-16 -1.000000e+00 2.938374e-16
    outer loop
      vertex   -4.936493e+01 -6.670000e+00 -1.672248e+01
      vertex   -4.823612e+01 -6.670000e+00 -1.642500e+01
      vertex   -4.832103e+01 -6.670000e+00 -1.622000e+01
    endloop
  endfacet
  facet normal 7.483362e-16 -1.000000e+00 2.129200e-16
    outer loop
      vertex   -4.936493e+01 -6.670000e+00 -1.672248e+01
      vertex   -4.832103e+01 -6.670000e+00 -1.622000e+01
      vertex   -4.946593e+01 -6.670000e+00 -1.636750e+01
    endloop
  endfacet
  facet normal 7.628289e-16 -1.000000e+00 1.004283e-16
    outer loop
      vertex   -4.946593e+01 -6.670000e+00 -1.636750e+01
      vertex   -4.832103e+01 -6.670000e+00 -1.622000e+01
      vertex   -4.834999e+01 -6.670000e+00 -1.600000e+01
    endloop
  endfacet
  facet normal 7.628289e-16 -1.000000e+00 -1.004283e-16
    outer loop
      vertex   -4.832103e+01 -6.670000e+00 1.622000e+01
      vertex   -4.946593e+01 -6.670000e+00 1.636750e+01
      vertex   -4.834999e+01 -6.670000e+00 1.600000e+01
    endloop
  endfacet
  facet normal -0.000000e+00 -1.000000e+00 -2.416826e-15
    outer loop
      vertex   -4.834999e+01 -6.670000e+00 1.600000e+01
      vertex   -4.946593e+01 -6.670000e+00 1.636750e+01
      vertex   -4.949999e+01 -6.670000e+00 1.600000e+01
    endloop
  endfacet
  facet normal 0.000000e+00 -1.000000e+00 2.416826e-15
    outer loop
      vertex   -4.834999e+01 -6.670000e+00 1.600000e+01
      vertex   -4.949999e+01 -6.670000e+00 1.600000e+01
      vertex   -4.946593e+01 -6.670000e+00 1.563250e+01
    endloop
  endfacet
  facet normal 7.483362e-16 -1.000000e+00 -2.129200e-16
    outer loop
      vertex   -4.946593e+01 -6.670000e+00 1.636750e+01
      vertex   -4.832103e+01 -6.670000e+00 1.622000e+01
      vertex   -4.936493e+01 -6.670000e+00 1.672248e+01
    endloop
  endfacet
  facet normal 7.093863e-16 -1.000000e+00 -2.938374e-16
    outer loop
      vertex   -4.936493e+01 -6.670000e+00 1.672248e+01
      vertex   -4.832103e+01 -6.670000e+00 1.622000e+01
      vertex   -4.823612e+01 -6.670000e+00 1.642500e+01
    endloop
  endfacet
  facet normal 6.955495e-16 -1.000000e+00 -3.463425e-16
    outer loop
      vertex   -4.936493e+01 -6.670000e+00 1.672248e+01
      vertex   -4.823612e+01 -6.670000e+00 1.642500e+01
      vertex   -4.920042e+01 -6.670000e+00 1.705286e+01
    endloop
  endfacet
  facet normal 6.174569e-16 -1.000000e+00 -4.662818e-16
    outer loop
      vertex   -4.920042e+01 -6.670000e+00 1.705286e+01
      vertex   -4.823612e+01 -6.670000e+00 1.642500e+01
      vertex   -4.897801e+01 -6.670000e+00 1.734739e+01
    endloop
  endfacet
  facet normal 6.126788e-16 -1.000000e+00 -4.701250e-16
    outer loop
      vertex   -4.897801e+01 -6.670000e+00 1.734739e+01
      vertex   -4.823612e+01 -6.670000e+00 1.642500e+01
      vertex   -4.810104e+01 -6.670000e+00 1.660104e+01
    endloop
  endfacet
  facet normal 5.237904e-16 -1.000000e+00 -5.745707e-16
    outer loop
      vertex   -4.897801e+01 -6.670000e+00 1.734739e+01
      vertex   -4.810104e+01 -6.670000e+00 1.660104e+01
      vertex   -4.870526e+01 -6.670000e+00 1.759603e+01
    endloop
  endfacet
  facet normal 4.672363e-16 -1.000000e+00 -6.089142e-16
    outer loop
      vertex   -4.870526e+01 -6.670000e+00 1.759603e+01
      vertex   -4.810104e+01 -6.670000e+00 1.660104e+01
      vertex   -4.792499e+01 -6.670000e+00 1.673612e+01
    endloop
  endfacet
  facet normal 4.094754e-16 -1.000000e+00 -6.613254e-16
    outer loop
      vertex   -4.870526e+01 -6.670000e+00 1.759603e+01
      vertex   -4.792499e+01 -6.670000e+00 1.673612e+01
      vertex   -4.839147e+01 -6.670000e+00 1.779032e+01
    endloop
  endfacet
  facet normal 2.949254e-16 -1.000000e+00 -7.120128e-16
    outer loop
      vertex   -4.839147e+01 -6.670000e+00 1.779032e+01
      vertex   -4.792499e+01 -6.670000e+00 1.673612e+01
      vertex   -4.771999e+01 -6.670000e+00 1.682104e+01
    endloop
  endfacet
  facet normal 2.798745e-16 -1.000000e+00 -7.224394e-16
    outer loop
      vertex   -4.839147e+01 -6.670000e+00 1.779032e+01
      vertex   -4.771999e+01 -6.670000e+00 1.682104e+01
      vertex   -4.804732e+01 -6.670000e+00 1.792365e+01
    endloop
  endfacet
  facet normal 1.426618e-16 -1.000000e+00 -7.631733e-16
    outer loop
      vertex   -4.804732e+01 -6.670000e+00 1.792365e+01
      vertex   -4.771999e+01 -6.670000e+00 1.682104e+01
      vertex   -4.768453e+01 -6.670000e+00 1.799146e+01
    endloop
  endfacet
  facet normal 1.003047e-16 -1.000000e+00 -7.618900e-16
    outer loop
      vertex   -4.768453e+01 -6.670000e+00 1.799146e+01
      vertex   -4.771999e+01 -6.670000e+00 1.682104e+01
      vertex   -4.749999e+01 -6.670000e+00 1.685000e+01
    endloop
  endfacet
  facet normal 0.000000e+00 -1.000000e+00 -7.781059e-16
    outer loop
      vertex   -4.768453e+01 -6.670000e+00 1.799146e+01
      vertex   -4.749999e+01 -6.670000e+00 1.685000e+01
      vertex   -4.731546e+01 -6.670000e+00 1.799146e+01
    endloop
  endfacet
  facet normal -1.003047e-16 -1.000000e+00 -7.618900e-16
    outer loop
      vertex   -4.731546e+01 -6.670000e+00 1.799146e+01
      vertex   -4.749999e+01 -6.670000e+00 1.685000e+01
      vertex   -4.728000e+01 -6.670000e+00 1.682104e+01
    endloop
  endfacet
  facet normal -1.426618e-16 -1.000000e+00 -7.631733e-16
    outer loop
      vertex   -4.731546e+01 -6.670000e+00 1.799146e+01
      vertex   -4.728000e+01 -6.670000e+00 1.682104e+01
      vertex   -4.695267e+01 -6.670000e+00 1.792365e+01
    endloop
  endfacet
  facet normal -2.798745e-16 -1.000000e+00 -7.224394e-16
    outer loop
      vertex   -4.695267e+01 -6.670000e+00 1.792365e+01
      vertex   -4.728000e+01 -6.670000e+00 1.682104e+01
      vertex   -4.660852e+01 -6.670000e+00 1.779032e+01
    endloop
  endfacet
  facet normal -2.949254e-16 -1.000000e+00 -7.120128e-16
    outer loop
      vertex   -4.660852e+01 -6.670000e+00 1.779032e+01
      vertex   -4.728000e+01 -6.670000e+00 1.682104e+01
      vertex   -4.707499e+01 -6.670000e+00 1.673612e+01
    endloop
  endfacet
  facet normal -4.094754e-16 -1.000000e+00 -6.613254e-16
    outer loop
      vertex   -4.660852e+01 -6.670000e+00 1.779032e+01
      vertex   -4.707499e+01 -6.670000e+00 1.673612e+01
      vertex   -4.629473e+01 -6.670000e+00 1.759603e+01
    endloop
  endfacet
  facet normal -4.672363e-16 -1.000000e+00 -6.089142e-16
    outer loop
      vertex   -4.629473e+01 -6.670000e+00 1.759603e+01
      vertex   -4.707499e+01 -6.670000e+00 1.673612e+01
      vertex   -4.689895e+01 -6.670000e+00 1.660104e+01
    endloop
  endfacet
  facet normal -5.237904e-16 -1.000000e+00 -5.745707e-16
    outer loop
      vertex   -4.629473e+01 -6.670000e+00 1.759603e+01
      vertex   -4.689895e+01 -6.670000e+00 1.660104e+01
      vertex   -4.602198e+01 -6.670000e+00 1.734739e+01
    endloop
  endfacet
  facet normal -6.126788e-16 -1.000000e+00 -4.701250e-16
    outer loop
      vertex   -4.602198e+01 -6.670000e+00 1.734739e+01
      vertex   -4.689895e+01 -6.670000e+00 1.660104e+01
      vertex   -4.676387e+01 -6.670000e+00 1.642500e+01
    endloop
  endfacet
  facet normal -6.174569e-16 -1.000000e+00 -4.662818e-16
    outer loop
      vertex   -4.602198e+01 -6.670000e+00 1.734739e+01
      vertex   -4.676387e+01 -6.670000e+00 1.642500e+01
      vertex   -4.579957e+01 -6.670000e+00 1.705286e+01
    endloop
  endfacet
  facet normal -6.955495e-16 -1.000000e+00 -3.463425e-16
    outer loop
      vertex   -4.579957e+01 -6.670000e+00 1.705286e+01
      vertex   -4.676387e+01 -6.670000e+00 1.642500e+01
      vertex   -4.563506e+01 -6.670000e+00 1.672248e+01
    endloop
  endfacet
  facet normal -7.093863e-16 -1.000000e+00 -2.938374e-16
    outer loop
      vertex   -4.563506e+01 -6.670000e+00 1.672248e+01
      vertex   -4.676387e+01 -6.670000e+00 1.642500e+01
      vertex   -4.667896e+01 -6.670000e+00 1.622000e+01
    endloop
  endfacet
  facet normal -7.483362e-16 -1.000000e+00 -2.129200e-16
    outer loop
      vertex   -4.563506e+01 -6.670000e+00 1.672248e+01
      vertex   -4.667896e+01 -6.670000e+00 1.622000e+01
      vertex   -4.553405e+01 -6.670000e+00 1.636750e+01
    endloop
  endfacet
  facet normal -7.628289e-16 -1.000000e+00 -1.004283e-16
    outer loop
      vertex   -4.553405e+01 -6.670000e+00 1.636750e+01
      vertex   -4.667896e+01 -6.670000e+00 1.622000e+01
      vertex   -4.664999e+01 -6.670000e+00 1.600000e+01
    endloop
  endfacet
  facet normal -7.723333e-16 -1.000000e+00 -7.156722e-17
    outer loop
      vertex   -4.553405e+01 -6.670000e+00 1.636750e+01
      vertex   -4.664999e+01 -6.670000e+00 1.600000e+01
      vertex   -4.550000e+01 -6.670000e+00 1.600000e+01
    endloop
  endfacet
  facet normal -7.723333e-16 -1.000000e+00 7.156722e-17
    outer loop
      vertex   -4.550000e+01 -6.670000e+00 1.600000e+01
      vertex   -4.664999e+01 -6.670000e+00 1.600000e+01
      vertex   -4.553405e+01 -6.670000e+00 1.563250e+01
    endloop
  endfacet
  facet normal -7.628289e-16 -1.000000e+00 1.004283e-16
    outer loop
      vertex   -4.553405e+01 -6.670000e+00 1.563250e+01
      vertex   -4.664999e+01 -6.670000e+00 1.600000e+01
      vertex   -4.667896e+01 -6.670000e+00 1.578000e+01
    endloop
  endfacet
  facet normal -7.483362e-16 -1.000000e+00 2.129200e-16
    outer loop
      vertex   -4.553405e+01 -6.670000e+00 1.563250e+01
      vertex   -4.667896e+01 -6.670000e+00 1.578000e+01
      vertex   -4.563506e+01 -6.670000e+00 1.527752e+01
    endloop
  endfacet
  facet normal -7.093863e-16 -1.000000e+00 2.938374e-16
    outer loop
      vertex   -4.563506e+01 -6.670000e+00 1.527752e+01
      vertex   -4.667896e+01 -6.670000e+00 1.578000e+01
      vertex   -4.676387e+01 -6.670000e+00 1.557500e+01
    endloop
  endfacet
  facet normal -6.955495e-16 -1.000000e+00 3.463425e-16
    outer loop
      vertex   -4.563506e+01 -6.670000e+00 1.527752e+01
      vertex   -4.676387e+01 -6.670000e+00 1.557500e+01
      vertex   -4.579957e+01 -6.670000e+00 1.494714e+01
    endloop
  endfacet
  facet normal -6.174569e-16 -1.000000e+00 4.662818e-16
    outer loop
      vertex   -4.579957e+01 -6.670000e+00 1.494714e+01
      vertex   -4.676387e+01 -6.670000e+00 1.557500e+01
      vertex   -4.602198e+01 -6.670000e+00 1.465261e+01
    endloop
  endfacet
  facet normal -6.126788e-16 -1.000000e+00 4.701250e-16
    outer loop
      vertex   -4.602198e+01 -6.670000e+00 1.465261e+01
      vertex   -4.676387e+01 -6.670000e+00 1.557500e+01
      vertex   -4.689895e+01 -6.670000e+00 1.539896e+01
    endloop
  endfacet
  facet normal -5.237904e-16 -1.000000e+00 5.745707e-16
    outer loop
      vertex   -4.602198e+01 -6.670000e+00 1.465261e+01
      vertex   -4.689895e+01 -6.670000e+00 1.539896e+01
      vertex   -4.629473e+01 -6.670000e+00 1.440397e+01
    endloop
  endfacet
  facet normal -4.672363e-16 -1.000000e+00 6.089142e-16
    outer loop
      vertex   -4.629473e+01 -6.670000e+00 1.440397e+01
      vertex   -4.689895e+01 -6.670000e+00 1.539896e+01
      vertex   -4.707499e+01 -6.670000e+00 1.526388e+01
    endloop
  endfacet
  facet normal -4.094754e-16 -1.000000e+00 6.613254e-16
    outer loop
      vertex   -4.629473e+01 -6.670000e+00 1.440397e+01
      vertex   -4.707499e+01 -6.670000e+00 1.526388e+01
      vertex   -4.660852e+01 -6.670000e+00 1.420968e+01
    endloop
  endfacet
  facet normal -2.949254e-16 -1.000000e+00 7.120128e-16
    outer loop
      vertex   -4.660852e+01 -6.670000e+00 1.420968e+01
      vertex   -4.707499e+01 -6.670000e+00 1.526388e+01
      vertex   -4.728000e+01 -6.670000e+00 1.517896e+01
    endloop
  endfacet
  facet normal -2.798745e-16 -1.000000e+00 7.224394e-16
    outer loop
      vertex   -4.660852e+01 -6.670000e+00 1.420968e+01
      vertex   -4.728000e+01 -6.670000e+00 1.517896e+01
      vertex   -4.695267e+01 -6.670000e+00 1.407635e+01
    endloop
  endfacet
  facet normal -1.426618e-16 -1.000000e+00 7.631733e-16
    outer loop
      vertex   -4.695267e+01 -6.670000e+00 1.407635e+01
      vertex   -4.728000e+01 -6.670000e+00 1.517896e+01
      vertex   -4.731546e+01 -6.670000e+00 1.400854e+01
    endloop
  endfacet
  facet normal -1.003047e-16 -1.000000e+00 7.618900e-16
    outer loop
      vertex   -4.731546e+01 -6.670000e+00 1.400854e+01
      vertex   -4.728000e+01 -6.670000e+00 1.517896e+01
      vertex   -4.749999e+01 -6.670000e+00 1.515000e+01
    endloop
  endfacet
  facet normal 0.000000e+00 -1.000000e+00 7.781059e-16
    outer loop
      vertex   -4.731546e+01 -6.670000e+00 1.400854e+01
      vertex   -4.749999e+01 -6.670000e+00 1.515000e+01
      vertex   -4.768453e+01 -6.670000e+00 1.400854e+01
    endloop
  endfacet
  facet normal 1.003047e-16 -1.000000e+00 7.618900e-16
    outer loop
      vertex   -4.768453e+01 -6.670000e+00 1.400854e+01
      vertex   -4.749999e+01 -6.670000e+00 1.515000e+01
      vertex   -4.771999e+01 -6.670000e+00 1.517896e+01
    endloop
  endfacet
  facet normal 1.426618e-16 -1.000000e+00 7.631733e-16
    outer loop
      vertex   -4.768453e+01 -6.670000e+00 1.400854e+01
      vertex   -4.771999e+01 -6.670000e+00 1.517896e+01
      vertex   -4.804732e+01 -6.670000e+00 1.407635e+01
    endloop
  endfacet
  facet normal 2.798745e-16 -1.000000e+00 7.224394e-16
    outer loop
      vertex   -4.804732e+01 -6.670000e+00 1.407635e+01
      vertex   -4.771999e+01 -6.670000e+00 1.517896e+01
      vertex   -4.839147e+01 -6.670000e+00 1.420968e+01
    endloop
  endfacet
  facet normal 2.949254e-16 -1.000000e+00 7.120128e-16
    outer loop
      vertex   -4.839147e+01 -6.670000e+00 1.420968e+01
      vertex   -4.771999e+01 -6.670000e+00 1.517896e+01
      vertex   -4.792499e+01 -6.670000e+00 1.526388e+01
    endloop
  endfacet
  facet normal 4.094754e-16 -1.000000e+00 6.613254e-16
    outer loop
      vertex   -4.839147e+01 -6.670000e+00 1.420968e+01
      vertex   -4.792499e+01 -6.670000e+00 1.526388e+01
      vertex   -4.870526e+01 -6.670000e+00 1.440397e+01
    endloop
  endfacet
  facet normal 4.672363e-16 -1.000000e+00 6.089142e-16
    outer loop
      vertex   -4.870526e+01 -6.670000e+00 1.440397e+01
      vertex   -4.792499e+01 -6.670000e+00 1.526388e+01
      vertex   -4.810104e+01 -6.670000e+00 1.539896e+01
    endloop
  endfacet
  facet normal 5.237904e-16 -1.000000e+00 5.745707e-16
    outer loop
      vertex   -4.870526e+01 -6.670000e+00 1.440397e+01
      vertex   -4.810104e+01 -6.670000e+00 1.539896e+01
      vertex   -4.897801e+01 -6.670000e+00 1.465261e+01
    endloop
  endfacet
  facet normal 6.126788e-16 -1.000000e+00 4.701250e-16
    outer loop
      vertex   -4.897801e+01 -6.670000e+00 1.465261e+01
      vertex   -4.810104e+01 -6.670000e+00 1.539896e+01
      vertex   -4.823612e+01 -6.670000e+00 1.557500e+01
    endloop
  endfacet
  facet normal 6.174569e-16 -1.000000e+00 4.662818e-16
    outer loop
      vertex   -4.897801e+01 -6.670000e+00 1.465261e+01
      vertex   -4.823612e+01 -6.670000e+00 1.557500e+01
      vertex   -4.920042e+01 -6.670000e+00 1.494714e+01
    endloop
  endfacet
  facet normal 6.955495e-16 -1.000000e+00 3.463425e-16
    outer loop
      vertex   -4.920042e+01 -6.670000e+00 1.494714e+01
      vertex   -4.823612e+01 -6.670000e+00 1.557500e+01
      vertex   -4.936493e+01 -6.670000e+00 1.527752e+01
    endloop
  endfacet
  facet normal 7.093863e-16 -1.000000e+00 2.938374e-16
    outer loop
      vertex   -4.936493e+01 -6.670000e+00 1.527752e+01
      vertex   -4.823612e+01 -6.670000e+00 1.557500e+01
      vertex   -4.832103e+01 -6.670000e+00 1.578000e+01
    endloop
  endfacet
  facet normal 7.483362e-16 -1.000000e+00 2.129200e-16
    outer loop
      vertex   -4.936493e+01 -6.670000e+00 1.527752e+01
      vertex   -4.832103e+01 -6.670000e+00 1.578000e+01
      vertex   -4.946593e+01 -6.670000e+00 1.563250e+01
    endloop
  endfacet
  facet normal 7.628289e-16 -1.000000e+00 1.004283e-16
    outer loop
      vertex   -4.946593e+01 -6.670000e+00 1.563250e+01
      vertex   -4.832103e+01 -6.670000e+00 1.578000e+01
      vertex   -4.834999e+01 -6.670000e+00 1.600000e+01
    endloop
  endfacet
  facet normal 9.914449e-01 -0.000000e+00 1.305262e-01
    outer loop
      vertex   -4.832103e+01 -6.670000e+00 1.578000e+01
      vertex   -4.832103e+01 -1.670000e+00 1.578000e+01
      vertex   -4.834999e+01 -6.670000e+00 1.600000e+01
    endloop
  endfacet
  facet normal 9.914449e-01 -0.000000e+00 1.305262e-01
    outer loop
      vertex   -4.834999e+01 -6.670000e+00 1.600000e+01
      vertex   -4.832103e+01 -1.670000e+00 1.578000e+01
      vertex   -4.834999e+01 -1.670000e+00 1.600000e+01
    endloop
  endfacet
  facet normal 9.914449e-01 0.000000e+00 -1.305262e-01
    outer loop
      vertex   -4.834999e+01 -6.670000e+00 1.600000e+01
      vertex   -4.834999e+01 -1.670000e+00 1.600000e+01
      vertex   -4.832103e+01 -6.670000e+00 1.622000e+01
    endloop
  endfacet
  facet normal 9.914449e-01 0.000000e+00 -1.305262e-01
    outer loop
      vertex   -4.832103e+01 -6.670000e+00 1.622000e+01
      vertex   -4.834999e+01 -1.670000e+00 1.600000e+01
      vertex   -4.832103e+01 -1.670000e+00 1.622000e+01
    endloop
  endfacet
  facet normal 9.238795e-01 0.000000e+00 -3.826834e-01
    outer loop
      vertex   -4.832103e+01 -6.670000e+00 1.622000e+01
      vertex   -4.832103e+01 -1.670000e+00 1.622000e+01
      vertex   -4.823612e+01 -6.670000e+00 1.642500e+01
    endloop
  endfacet
  facet normal 9.238795e-01 0.000000e+00 -3.826834e-01
    outer loop
      vertex   -4.823612e+01 -6.670000e+00 1.642500e+01
      vertex   -4.832103e+01 -1.670000e+00 1.622000e+01
      vertex   -4.823612e+01 -1.670000e+00 1.642500e+01
    endloop
  endfacet
  facet normal 7.933533e-01 0.000000e+00 -6.087614e-01
    outer loop
      vertex   -4.823612e+01 -6.670000e+00 1.642500e+01
      vertex   -4.823612e+01 -1.670000e+00 1.642500e+01
      vertex   -4.810104e+01 -6.670000e+00 1.660104e+01
    endloop
  endfacet
  facet normal 7.933533e-01 0.000000e+00 -6.087614e-01
    outer loop
      vertex   -4.810104e+01 -6.670000e+00 1.660104e+01
      vertex   -4.823612e+01 -1.670000e+00 1.642500e+01
      vertex   -4.810104e+01 -1.670000e+00 1.660104e+01
    endloop
  endfacet
  facet normal 6.087614e-01 0.000000e+00 -7.933533e-01
    outer loop
      vertex   -4.810104e+01 -6.670000e+00 1.660104e+01
      vertex   -4.810104e+01 -1.670000e+00 1.660104e+01
      vertex   -4.792499e+01 -6.670000e+00 1.673612e+01
    endloop
  endfacet
  facet normal 6.087614e-01 8.651020e-16 -7.933533e-01
    outer loop
      vertex   -4.792499e+01 -6.670000e+00 1.673612e+01
      vertex   -4.810104e+01 -1.670000e+00 1.660104e+01
      vertex   -4.792499e+01 -1.670000e+00 1.673612e+01
    endloop
  endfacet
  facet normal 3.826834e-01 5.438259e-16 -9.238795e-01
    outer loop
      vertex   -4.792499e+01 -6.670000e+00 1.673612e+01
      vertex   -4.792499e+01 -1.670000e+00 1.673612e+01
      vertex   -4.771999e+01 -6.670000e+00 1.682104e+01
    endloop
  endfacet
  facet normal 3.826834e-01 0.000000e+00 -9.238795e-01
    outer loop
      vertex   -4.771999e+01 -6.670000e+00 1.682104e+01
      vertex   -4.792499e+01 -1.670000e+00 1.673612e+01
      vertex   -4.771999e+01 -1.670000e+00 1.682104e+01
    endloop
  endfacet
  facet normal 1.305262e-01 0.000000e+00 -9.914449e-01
    outer loop
      vertex   -4.771999e+01 -6.670000e+00 1.682104e+01
      vertex   -4.771999e+01 -1.670000e+00 1.682104e+01
      vertex   -4.749999e+01 -6.670000e+00 1.685000e+01
    endloop
  endfacet
  facet normal 1.305262e-01 0.000000e+00 -9.914449e-01
    outer loop
      vertex   -4.749999e+01 -6.670000e+00 1.685000e+01
      vertex   -4.771999e+01 -1.670000e+00 1.682104e+01
      vertex   -4.749999e+01 -1.670000e+00 1.685000e+01
    endloop
  endfacet
  facet normal -1.305262e-01 0.000000e+00 -9.914449e-01
    outer loop
      vertex   -4.749999e+01 -6.670000e+00 1.685000e+01
      vertex   -4.749999e+01 -1.670000e+00 1.685000e+01
      vertex   -4.728000e+01 -6.670000e+00 1.682104e+01
    endloop
  endfacet
  facet normal -1.305262e-01 0.000000e+00 -9.914449e-01
    outer loop
      vertex   -4.728000e+01 -6.670000e+00 1.682104e+01
      vertex   -4.749999e+01 -1.670000e+00 1.685000e+01
      vertex   -4.728000e+01 -1.670000e+00 1.682104e+01
    endloop
  endfacet
  facet normal -3.826834e-01 0.000000e+00 -9.238795e-01
    outer loop
      vertex   -4.728000e+01 -6.670000e+00 1.682104e+01
      vertex   -4.728000e+01 -1.670000e+00 1.682104e+01
      vertex   -4.707499e+01 -6.670000e+00 1.673612e+01
    endloop
  endfacet
  facet normal -3.826834e-01 -5.438259e-16 -9.238795e-01
    outer loop
      vertex   -4.707499e+01 -6.670000e+00 1.673612e+01
      vertex   -4.728000e+01 -1.670000e+00 1.682104e+01
      vertex   -4.707499e+01 -1.670000e+00 1.673612e+01
    endloop
  endfacet
  facet normal -6.087614e-01 -8.651020e-16 -7.933533e-01
    outer loop
      vertex   -4.707499e+01 -6.670000e+00 1.673612e+01
      vertex   -4.707499e+01 -1.670000e+00 1.673612e+01
      vertex   -4.689895e+01 -6.670000e+00 1.660104e+01
    endloop
  endfacet
  facet normal -6.087614e-01 0.000000e+00 -7.933533e-01
    outer loop
      vertex   -4.689895e+01 -6.670000e+00 1.660104e+01
      vertex   -4.707499e+01 -1.670000e+00 1.673612e+01
      vertex   -4.689895e+01 -1.670000e+00 1.660104e+01
    endloop
  endfacet
  facet normal -7.933533e-01 0.000000e+00 -6.087614e-01
    outer loop
      vertex   -4.689895e+01 -6.670000e+00 1.660104e+01
      vertex   -4.689895e+01 -1.670000e+00 1.660104e+01
      vertex   -4.676387e+01 -6.670000e+00 1.642500e+01
    endloop
  endfacet
  facet normal -7.933533e-01 0.000000e+00 -6.087614e-01
    outer loop
      vertex   -4.676387e+01 -6.670000e+00 1.642500e+01
      vertex   -4.689895e+01 -1.670000e+00 1.660104e+01
      vertex   -4.676387e+01 -1.670000e+00 1.642500e+01
    endloop
  endfacet
  facet normal -9.238795e-01 0.000000e+00 -3.826834e-01
    outer loop
      vertex   -4.676387e+01 -6.670000e+00 1.642500e+01
      vertex   -4.676387e+01 -1.670000e+00 1.642500e+01
      vertex   -4.667896e+01 -6.670000e+00 1.622000e+01
    endloop
  endfacet
  facet normal -9.238795e-01 0.000000e+00 -3.826834e-01
    outer loop
      vertex   -4.667896e+01 -6.670000e+00 1.622000e+01
      vertex   -4.676387e+01 -1.670000e+00 1.642500e+01
      vertex   -4.667896e+01 -1.670000e+00 1.622000e+01
    endloop
  endfacet
  facet normal -9.914449e-01 0.000000e+00 -1.305262e-01
    outer loop
      vertex   -4.667896e+01 -6.670000e+00 1.622000e+01
      vertex   -4.667896e+01 -1.670000e+00 1.622000e+01
      vertex   -4.664999e+01 -6.670000e+00 1.600000e+01
    endloop
  endfacet
  facet normal -9.914449e-01 0.000000e+00 -1.305262e-01
    outer loop
      vertex   -4.664999e+01 -6.670000e+00 1.600000e+01
      vertex   -4.667896e+01 -1.670000e+00 1.622000e+01
      vertex   -4.664999e+01 -1.670000e+00 1.600000e+01
    endloop
  endfacet
  facet normal -9.914449e-01 0.000000e+00 1.305262e-01
    outer loop
      vertex   -4.664999e+01 -6.670000e+00 1.600000e+01
      vertex   -4.664999e+01 -1.670000e+00 1.600000e+01
      vertex   -4.667896e+01 -6.670000e+00 1.578000e+01
    endloop
  endfacet
  facet normal -9.914449e-01 -9.274444e-17 1.305262e-01
    outer loop
      vertex   -4.667896e+01 -6.670000e+00 1.578000e+01
      vertex   -4.664999e+01 -1.670000e+00 1.600000e+01
      vertex   -4.667896e+01 -1.670000e+00 1.578000e+01
    endloop
  endfacet
  facet normal -9.238795e-01 -2.719129e-16 3.826834e-01
    outer loop
      vertex   -4.667896e+01 -6.670000e+00 1.578000e+01
      vertex   -4.667896e+01 -1.670000e+00 1.578000e+01
      vertex   -4.676387e+01 -6.670000e+00 1.557500e+01
    endloop
  endfacet
  facet normal -9.238795e-01 0.000000e+00 3.826834e-01
    outer loop
      vertex   -4.676387e+01 -6.670000e+00 1.557500e+01
      vertex   -4.667896e+01 -1.670000e+00 1.578000e+01
      vertex   -4.676387e+01 -1.670000e+00 1.557500e+01
    endloop
  endfacet
  facet normal -7.933533e-01 0.000000e+00 6.087614e-01
    outer loop
      vertex   -4.676387e+01 -6.670000e+00 1.557500e+01
      vertex   -4.676387e+01 -1.670000e+00 1.557500e+01
      vertex   -4.689895e+01 -6.670000e+00 1.539896e+01
    endloop
  endfacet
  facet normal -7.933533e-01 0.000000e+00 6.087614e-01
    outer loop
      vertex   -4.689895e+01 -6.670000e+00 1.539896e+01
      vertex   -4.676387e+01 -1.670000e+00 1.557500e+01
      vertex   -4.689895e+01 -1.670000e+00 1.539896e+01
    endloop
  endfacet
  facet normal -6.087614e-01 0.000000e+00 7.933533e-01
    outer loop
      vertex   -4.689895e+01 -6.670000e+00 1.539896e+01
      vertex   -4.689895e+01 -1.670000e+00 1.539896e+01
      vertex   -4.707499e+01 -6.670000e+00 1.526388e+01
    endloop
  endfacet
  facet normal -6.087614e-01 8.651020e-16 7.933533e-01
    outer loop
      vertex   -4.707499e+01 -6.670000e+00 1.526388e+01
      vertex   -4.689895e+01 -1.670000e+00 1.539896e+01
      vertex   -4.707499e+01 -1.670000e+00 1.526388e+01
    endloop
  endfacet
  facet normal -3.826834e-01 5.438259e-16 9.238795e-01
    outer loop
      vertex   -4.707499e+01 -6.670000e+00 1.526388e+01
      vertex   -4.707499e+01 -1.670000e+00 1.526388e+01
      vertex   -4.728000e+01 -6.670000e+00 1.517896e+01
    endloop
  endfacet
  facet normal -3.826834e-01 0.000000e+00 9.238795e-01
    outer loop
      vertex   -4.728000e+01 -6.670000e+00 1.517896e+01
      vertex   -4.707499e+01 -1.670000e+00 1.526388e+01
      vertex   -4.728000e+01 -1.670000e+00 1.517896e+01
    endloop
  endfacet
  facet normal -1.305262e-01 0.000000e+00 9.914449e-01
    outer loop
      vertex   -4.728000e+01 -6.670000e+00 1.517896e+01
      vertex   -4.728000e+01 -1.670000e+00 1.517896e+01
      vertex   -4.749999e+01 -6.670000e+00 1.515000e+01
    endloop
  endfacet
  facet normal -1.305262e-01 0.000000e+00 9.914449e-01
    outer loop
      vertex   -4.749999e+01 -6.670000e+00 1.515000e+01
      vertex   -4.728000e+01 -1.670000e+00 1.517896e+01
      vertex   -4.749999e+01 -1.670000e+00 1.515000e+01
    endloop
  endfacet
  facet normal 1.305262e-01 -0.000000e+00 9.914449e-01
    outer loop
      vertex   -4.749999e+01 -6.670000e+00 1.515000e+01
      vertex   -4.749999e+01 -1.670000e+00 1.515000e+01
      vertex   -4.771999e+01 -6.670000e+00 1.517896e+01
    endloop
  endfacet
  facet normal 1.305262e-01 -0.000000e+00 9.914449e-01
    outer loop
      vertex   -4.771999e+01 -6.670000e+00 1.517896e+01
      vertex   -4.749999e+01 -1.670000e+00 1.515000e+01
      vertex   -4.771999e+01 -1.670000e+00 1.517896e+01
    endloop
  endfacet
  facet normal 3.826834e-01 -0.000000e+00 9.238795e-01
    outer loop
      vertex   -4.771999e+01 -6.670000e+00 1.517896e+01
      vertex   -4.771999e+01 -1.670000e+00 1.517896e+01
      vertex   -4.792499e+01 -6.670000e+00 1.526388e+01
    endloop
  endfacet
  facet normal 3.826834e-01 -5.438259e-16 9.238795e-01
    outer loop
      vertex   -4.792499e+01 -6.670000e+00 1.526388e+01
      vertex   -4.771999e+01 -1.670000e+00 1.517896e+01
      vertex   -4.792499e+01 -1.670000e+00 1.526388e+01
    endloop
  endfacet
  facet normal 6.087614e-01 -8.651020e-16 7.933533e-01
    outer loop
      vertex   -4.792499e+01 -6.670000e+00 1.526388e+01
      vertex   -4.792499e+01 -1.670000e+00 1.526388e+01
      vertex   -4.810104e+01 -6.670000e+00 1.539896e+01
    endloop
  endfacet
  facet normal 6.087614e-01 -0.000000e+00 7.933533e-01
    outer loop
      vertex   -4.810104e+01 -6.670000e+00 1.539896e+01
      vertex   -4.792499e+01 -1.670000e+00 1.526388e+01
      vertex   -4.810104e+01 -1.670000e+00 1.539896e+01
    endloop
  endfacet
  facet normal 7.933533e-01 -0.000000e+00 6.087614e-01
    outer loop
      vertex   -4.810104e+01 -6.670000e+00 1.539896e+01
      vertex   -4.810104e+01 -1.670000e+00 1.539896e+01
      vertex   -4.823612e+01 -6.670000e+00 1.557500e+01
    endloop
  endfacet
  facet normal 7.933533e-01 -0.000000e+00 6.087614e-01
    outer loop
      vertex   -4.823612e+01 -6.670000e+00 1.557500e+01
      vertex   -4.810104e+01 -1.670000e+00 1.539896e+01
      vertex   -4.823612e+01 -1.670000e+00 1.557500e+01
    endloop
  endfacet
  facet normal 9.238795e-01 -0.000000e+00 3.826834e-01
    outer loop
      vertex   -4.823612e+01 -6.670000e+00 1.557500e+01
      vertex   -4.823612e+01 -1.670000e+00 1.557500e+01
      vertex   -4.832103e+01 -6.670000e+00 1.578000e+01
    endloop
  endfacet
  facet normal 9.238795e-01 -0.000000e+00 3.826834e-01
    outer loop
      vertex   -4.832103e+01 -6.670000e+00 1.578000e+01
      vertex   -4.823612e+01 -1.670000e+00 1.557500e+01
      vertex   -4.832103e+01 -1.670000e+00 1.578000e+01
    endloop
  endfacet
  facet normal 0.000000e+00 -1.000000e+00 0.000000e+00
    outer loop
      vertex   -4.834999e+01 -1.670000e+00 1.600000e+01
      vertex   -4.832103e+01 -1.670000e+00 1.578000e+01
      vertex   -4.832103e+01 -1.670000e+00 1.622000e+01
    endloop
  endfacet
  facet normal 0.000000e+00 -1.000000e+00 0.000000e+00
    outer loop
      vertex   -4.832103e+01 -1.670000e+00 1.622000e+01
      vertex   -4.832103e+01 -1.670000e+00 1.578000e+01
      vertex   -4.823612e+01 -1.670000e+00 1.642500e+01
    endloop
  endfacet
  facet normal 0.000000e+00 -1.000000e+00 -0.000000e+00
    outer loop
      vertex   -4.823612e+01 -1.670000e+00 1.642500e+01
      vertex   -4.832103e+01 -1.670000e+00 1.578000e+01
      vertex   -4.823612e+01 -1.670000e+00 1.557500e+01
    endloop
  endfacet
  facet normal 0.000000e+00 -1.000000e+00 0.000000e+00
    outer loop
      vertex   -4.823612e+01 -1.670000e+00 1.642500e+01
      vertex   -4.823612e+01 -1.670000e+00 1.557500e+01
      vertex   -4.810104e+01 -1.670000e+00 1.660104e+01
    endloop
  endfacet
  facet normal 0.000000e+00 -1.000000e+00 -0.000000e+00
    outer loop
      vertex   -4.810104e+01 -1.670000e+00 1.660104e+01
      vertex   -4.823612e+01 -1.670000e+00 1.557500e+01
      vertex   -4.810104e+01 -1.670000e+00 1.539896e+01
    endloop
  endfacet
  facet normal 0.000000e+00 -1.000000e+00 0.000000e+00
    outer loop
      vertex   -4.810104e+01 -1.670000e+00 1.660104e+01
      vertex   -4.810104e+01 -1.670000e+00 1.539896e+01
      vertex   -4.792499e+01 -1.670000e+00 1.673612e+01
    endloop
  endfacet
  facet normal 0.000000e+00 -1.000000e+00 -0.000000e+00
    outer loop
      vertex   -4.792499e+01 -1.670000e+00 1.673612e+01
      vertex   -4.810104e+01 -1.670000e+00 1.539896e+01
      vertex   -4.792499e+01 -1.670000e+00 1.526388e+01
    endloop
  endfacet
  facet normal 0.000000e+00 -1.000000e+00 0.000000e+00
    outer loop
      vertex   -4.792499e+01 -1.670000e+00 1.673612e+01
      vertex   -4.792499e+01 -1.670000e+00 1.526388e+01
      vertex   -4.771999e+01 -1.670000e+00 1.682104e+01
    endloop
  endfacet
  facet normal 0.000000e+00 -1.000000e+00 -0.000000e+00
    outer loop
      vertex   -4.771999e+01 -1.670000e+00 1.682104e+01
      vertex   -4.792499e+01 -1.670000e+00 1.526388e+01
      vertex   -4.771999e+01 -1.670000e+00 1.517896e+01
    endloop
  endfacet
  facet normal 0.000000e+00 -1.000000e+00 0.000000e+00
    outer loop
      vertex   -4.771999e+01 -1.670000e+00 1.682104e+01
      vertex   -4.771999e+01 -1.670000e+00 1.517896e+01
      vertex   -4.749999e+01 -1.670000e+00 1.685000e+01
    endloop
  endfacet
  facet normal 0.000000e+00 -1.000000e+00 -0.000000e+00
    outer loop
      vertex   -4.749999e+01 -1.670000e+00 1.685000e+01
      vertex   -4.771999e+01 -1.670000e+00 1.517896e+01
      vertex   -4.749999e+01 -1.670000e+00 1.515000e+01
    endloop
  endfacet
  facet normal 0.000000e+00 -1.000000e+00 0.000000e+00
    outer loop
      vertex   -4.749999e+01 -1.670000e+00 1.685000e+01
      vertex   -4.749999e+01 -1.670000e+00 1.515000e+01
      vertex   -4.728000e+01 -1.670000e+00 1.682104e+01
    endloop
  endfacet
  facet normal 0.000000e+00 -1.000000e+00 -0.000000e+00
    outer loop
      vertex   -4.728000e+01 -1.670000e+00 1.682104e+01
      vertex   -4.749999e+01 -1.670000e+00 1.515000e+01
      vertex   -4.728000e+01 -1.670000e+00 1.517896e+01
    endloop
  endfacet
  facet normal 0.000000e+00 -1.000000e+00 0.000000e+00
    outer loop
      vertex   -4.728000e+01 -1.670000e+00 1.682104e+01
      vertex   -4.728000e+01 -1.670000e+00 1.517896e+01
      vertex   -4.707499e+01 -1.670000e+00 1.673612e+01
    endloop
  endfacet
  facet normal 0.000000e+00 -1.000000e+00 -0.000000e+00
    outer loop
      vertex   -4.707499e+01 -1.670000e+00 1.673612e+01
      vertex   -4.728000e+01 -1.670000e+00 1.517896e+01
      vertex   -4.707499e+01 -1.670000e+00 1.526388e+01
    endloop
  endfacet
  facet normal 0.000000e+00 -1.000000e+00 0.000000e+00
    outer loop
      vertex   -4.707499e+01 -1.670000e+00 1.673612e+01
      vertex   -4.707499e+01 -1.670000e+00 1.526388e+01
      vertex   -4.689895e+01 -1.670000e+00 1.660104e+01
    endloop
  endfacet
  facet normal 0.000000e+00 -1.000000e+00 -0.000000e+00
    outer loop
      vertex   -4.689895e+01 -1.670000e+00 1.660104e+01
      vertex   -4.707499e+01 -1.670000e+00 1.526388e+01
      vertex   -4.689895e+01 -1.670000e+00 1.539896e+01
    endloop
  endfacet
  facet normal 0.000000e+00 -1.000000e+00 0.000000e+00
    outer loop
      vertex   -4.689895e+01 -1.670000e+00 1.660104e+01
      vertex   -4.689895e+01 -1.670000e+00 1.539896e+01
      vertex   -4.676387e+01 -1.670000e+00 1.642500e+01
    endloop
  endfacet
  facet normal 0.000000e+00 -1.000000e+00 -0.000000e+00
    outer loop
      vertex   -4.676387e+01 -1.670000e+00 1.642500e+01
      vertex   -4.689895e+01 -1.670000e+00 1.539896e+01
      vertex   -4.676387e+01 -1.670000e+00 1.557500e+01
    endloop
  endfacet
  facet normal 0.000000e+00 -1.000000e+00 0.000000e+00
    outer loop
      vertex   -4.676387e+01 -1.670000e+00 1.642500e+01
      vertex   -4.676387e+01 -1.670000e+00 1.557500e+01
      vertex   -4.667896e+01 -1.670000e+00 1.622000e+01
    endloop
  endfacet
  facet normal 0.000000e+00 -1.000000e+00 -0.000000e+00
    outer loop
      vertex   -4.667896e+01 -1.670000e+00 1.622000e+01
      vertex   -4.676387e+01 -1.670000e+00 1.557500e+01
      vertex   -4.667896e+01 -1.670000e+00 1.578000e+01
    endloop
  endfacet
  facet normal 0.000000e+00 -1.000000e+00 0.000000e+00
    outer loop
      vertex   -4.667896e+01 -1.670000e+00 1.622000e+01
      vertex   -4.667896e+01 -1.670000e+00 1.578000e+01
      vertex   -4.664999e+01 -1.670000e+00 1.600000e+01
    endloop
  endfacet
  facet normal 9.914449e-01 -0.000000e+00 1.305262e-01
    outer loop
      vertex   -4.832103e+01 -6.670000e+00 -1.622000e+01
      vertex   -4.832103e+01 -1.670000e+00 -1.622000e+01
      vertex   -4.834999e+01 -6.670000e+00 -1.600000e+01
    endloop
  endfacet
  facet normal 9.914449e-01 -0.000000e+00 1.305262e-01
    outer loop
      vertex   -4.834999e+01 -6.670000e+00 -1.600000e+01
      vertex   -4.832103e+01 -1.670000e+00 -1.622000e+01
      vertex   -4.834999e+01 -1.670000e+00 -1.600000e+01
    endloop
  endfacet
  facet normal 9.914449e-01 0.000000e+00 -1.305262e-01
    outer loop
      vertex   -4.834999e+01 -6.670000e+00 -1.600000e+01
      vertex   -4.834999e+01 -1.670000e+00 -1.600000e+01
      vertex   -4.832103e+01 -6.670000e+00 -1.578000e+01
    endloop
  endfacet
  facet normal 9.914449e-01 0.000000e+00 -1.305262e-01
    outer loop
      vertex   -4.832103e+01 -6.670000e+00 -1.578000e+01
      vertex   -4.834999e+01 -1.670000e+00 -1.600000e+01
      vertex   -4.832103e+01 -1.670000e+00 -1.578000e+01
    endloop
  endfacet
  facet normal 9.238795e-01 0.000000e+00 -3.826834e-01
    outer loop
      vertex   -4.832103e+01 -6.670000e+00 -1.578000e+01
      vertex   -4.832103e+01 -1.670000e+00 -1.578000e+01
      vertex   -4.823612e+01 -6.670000e+00 -1.557500e+01
    endloop
  endfacet
  facet normal 9.238795e-01 0.000000e+00 -3.826834e-01
    outer loop
      vertex   -4.823612e+01 -6.670000e+00 -1.557500e+01
      vertex   -4.832103e+01 -1.670000e+00 -1.578000e+01
      vertex   -4.823612e+01 -1.670000e+00 -1.557500e+01
    endloop
  endfacet
  facet normal 7.933533e-01 0.000000e+00 -6.087614e-01
    outer loop
      vertex   -4.823612e+01 -6.670000e+00 -1.557500e+01
      vertex   -4.823612e+01 -1.670000e+00 -1.557500e+01
      vertex   -4.810104e+01 -6.670000e+00 -1.539896e+01
    endloop
  endfacet
  facet normal 7.933533e-01 0.000000e+00 -6.087614e-01
    outer loop
      vertex   -4.810104e+01 -6.670000e+00 -1.539896e+01
      vertex   -4.823612e+01 -1.670000e+00 -1.557500e+01
      vertex   -4.810104e+01 -1.670000e+00 -1.539896e+01
    endloop
  endfacet
  facet normal 6.087614e-01 0.000000e+00 -7.933533e-01
    outer loop
      vertex   -4.810104e+01 -6.670000e+00 -1.539896e+01
      vertex   -4.810104e+01 -1.670000e+00 -1.539896e+01
      vertex   -4.792499e+01 -6.670000e+00 -1.526388e+01
    endloop
  endfacet
  facet normal 6.087614e-01 8.651020e-16 -7.933533e-01
    outer loop
      vertex   -4.792499e+01 -6.670000e+00 -1.526388e+01
      vertex   -4.810104e+01 -1.670000e+00 -1.539896e+01
      vertex   -4.792499e+01 -1.670000e+00 -1.526388e+01
    endloop
  endfacet
  facet normal 3.826834e-01 5.438259e-16 -9.238795e-01
    outer loop
      vertex   -4.792499e+01 -6.670000e+00 -1.526388e+01
      vertex   -4.792499e+01 -1.670000e+00 -1.526388e+01
      vertex   -4.771999e+01 -6.670000e+00 -1.517896e+01
    endloop
  endfacet
  facet normal 3.826834e-01 0.000000e+00 -9.238795e-01
    outer loop
      vertex   -4.771999e+01 -6.670000e+00 -1.517896e+01
      vertex   -4.792499e+01 -1.670000e+00 -1.526388e+01
      vertex   -4.771999e+01 -1.670000e+00 -1.517896e+01
    endloop
  endfacet
  facet normal 1.305262e-01 0.000000e+00 -9.914449e-01
    outer loop
      vertex   -4.771999e+01 -6.670000e+00 -1.517896e+01
      vertex   -4.771999e+01 -1.670000e+00 -1.517896e+01
      vertex   -4.749999e+01 -6.670000e+00 -1.515000e+01
    endloop
  endfacet
  facet normal 1.305262e-01 0.000000e+00 -9.914449e-01
    outer loop
      vertex   -4.749999e+01 -6.670000e+00 -1.515000e+01
      vertex   -4.771999e+01 -1.670000e+00 -1.517896e+01
      vertex   -4.749999e+01 -1.670000e+00 -1.515000e+01
    endloop
  endfacet
  facet normal -1.305262e-01 0.000000e+00 -9.914449e-01
    outer loop
      vertex   -4.749999e+01 -6.670000e+00 -1.515000e+01
      vertex   -4.749999e+01 -1.670000e+00 -1.515000e+01
      vertex   -4.728000e+01 -6.670000e+00 -1.517896e+01
    endloop
  endfacet
  facet normal -1.305262e-01 0.000000e+00 -9.914449e-01
    outer loop
      vertex   -4.728000e+01 -6.670000e+00 -1.517896e+01
      vertex   -4.749999e+01 -1.670000e+00 -1.515000e+01
      vertex   -4.728000e+01 -1.670000e+00 -1.517896e+01
    endloop
  endfacet
  facet normal -3.826834e-01 0.000000e+00 -9.238795e-01
    outer loop
      vertex   -4.728000e+01 -6.670000e+00 -1.517896e+01
      vertex   -4.728000e+01 -1.670000e+00 -1.517896e+01
      vertex   -4.707499e+01 -6.670000e+00 -1.526388e+01
    endloop
  endfacet
  facet normal -3.826834e-01 -5.438259e-16 -9.238795e-01
    outer loop
      vertex   -4.707499e+01 -6.670000e+00 -1.526388e+01
      vertex   -4.728000e+01 -1.670000e+00 -1.517896e+01
      vertex   -4.707499e+01 -1.670000e+00 -1.526388e+01
    endloop
  endfacet
  facet normal -6.087614e-01 -8.651020e-16 -7.933533e-01
    outer loop
      vertex   -4.707499e+01 -6.670000e+00 -1.526388e+01
      vertex   -4.707499e+01 -1.670000e+00 -1.526388e+01
      vertex   -4.689895e+01 -6.670000e+00 -1.539896e+01
    endloop
  endfacet
  facet normal -6.087614e-01 0.000000e+00 -7.933533e-01
    outer loop
      vertex   -4.689895e+01 -6.670000e+00 -1.539896e+01
      vertex   -4.707499e+01 -1.670000e+00 -1.526388e+01
      vertex   -4.689895e+01 -1.670000e+00 -1.539896e+01
    endloop
  endfacet
  facet normal -7.933533e-01 0.000000e+00 -6.087614e-01
    outer loop
      vertex   -4.689895e+01 -6.670000e+00 -1.539896e+01
      vertex   -4.689895e+01 -1.670000e+00 -1.539896e+01
      vertex   -4.676387e+01 -6.670000e+00 -1.557500e+01
    endloop
  endfacet
  facet normal -7.933533e-01 0.000000e+00 -6.087614e-01
    outer loop
      vertex   -4.676387e+01 -6.670000e+00 -1.557500e+01
      vertex   -4.689895e+01 -1.670000e+00 -1.539896e+01
      vertex   -4.676387e+01 -1.670000e+00 -1.557500e+01
    endloop
  endfacet
  facet normal -9.238795e-01 0.000000e+00 -3.826834e-01
    outer loop
      vertex   -4.676387e+01 -6.670000e+00 -1.557500e+01
      vertex   -4.676387e+01 -1.670000e+00 -1.557500e+01
      vertex   -4.667896e+01 -6.670000e+00 -1.578000e+01
    endloop
  endfacet
  facet normal -9.238795e-01 1.359565e-16 -3.826834e-01
    outer loop
      vertex   -4.667896e+01 -6.670000e+00 -1.578000e+01
      vertex   -4.676387e+01 -1.670000e+00 -1.557500e+01
      vertex   -4.667896e+01 -1.670000e+00 -1.578000e+01
    endloop
  endfacet
  facet normal -9.914449e-01 4.637222e-17 -1.305262e-01
    outer loop
      vertex   -4.667896e+01 -6.670000e+00 -1.578000e+01
      vertex   -4.667896e+01 -1.670000e+00 -1.578000e+01
      vertex   -4.664999e+01 -6.670000e+00 -1.600000e+01
    endloop
  endfacet
  facet normal -9.914449e-01 0.000000e+00 -1.305262e-01
    outer loop
      vertex   -4.664999e+01 -6.670000e+00 -1.600000e+01
      vertex   -4.667896e+01 -1.670000e+00 -1.578000e+01
      vertex   -4.664999e+01 -1.670000e+00 -1.600000e+01
    endloop
  endfacet
  facet normal -9.914449e-01 0.000000e+00 1.305262e-01
    outer loop
      vertex   -4.664999e+01 -6.670000e+00 -1.600000e+01
      vertex   -4.664999e+01 -1.670000e+00 -1.600000e+01
      vertex   -4.667896e+01 -6.670000e+00 -1.622000e+01
    endloop
  endfacet
  facet normal -9.914449e-01 -9.274444e-17 1.305262e-01
    outer loop
      vertex   -4.667896e+01 -6.670000e+00 -1.622000e+01
      vertex   -4.664999e+01 -1.670000e+00 -1.600000e+01
      vertex   -4.667896e+01 -1.670000e+00 -1.622000e+01
    endloop
  endfacet
  facet normal -9.238795e-01 -2.719129e-16 3.826834e-01
    outer loop
      vertex   -4.667896e+01 -6.670000e+00 -1.622000e+01
      vertex   -4.667896e+01 -1.670000e+00 -1.622000e+01
      vertex   -4.676387e+01 -6.670000e+00 -1.642500e+01
    endloop
  endfacet
  facet normal -9.238795e-01 0.000000e+00 3.826834e-01
    outer loop
      vertex   -4.676387e+01 -6.670000e+00 -1.642500e+01
      vertex   -4.667896e+01 -1.670000e+00 -1.622000e+01
      vertex   -4.676387e+01 -1.670000e+00 -1.642500e+01
    endloop
  endfacet
  facet normal -7.933533e-01 0.000000e+00 6.087614e-01
    outer loop
      vertex   -4.676387e+01 -6.670000e+00 -1.642500e+01
      vertex   -4.676387e+01 -1.670000e+00 -1.642500e+01
      vertex   -4.689895e+01 -6.670000e+00 -1.660104e+01
    endloop
  endfacet
  facet normal -7.933533e-01 0.000000e+00 6.087614e-01
    outer loop
      vertex   -4.689895e+01 -6.670000e+00 -1.660104e+01
      vertex   -4.676387e+01 -1.670000e+00 -1.642500e+01
      vertex   -4.689895e+01 -1.670000e+00 -1.660104e+01
    endloop
  endfacet
  facet normal -6.087614e-01 0.000000e+00 7.933533e-01
    outer loop
      vertex   -4.689895e+01 -6.670000e+00 -1.660104e+01
      vertex   -4.689895e+01 -1.670000e+00 -1.660104e+01
      vertex   -4.707499e+01 -6.670000e+00 -1.673612e+01
    endloop
  endfacet
  facet normal -6.087614e-01 8.651020e-16 7.933533e-01
    outer loop
      vertex   -4.707499e+01 -6.670000e+00 -1.673612e+01
      vertex   -4.689895e+01 -1.670000e+00 -1.660104e+01
      vertex   -4.707499e+01 -1.670000e+00 -1.673612e+01
    endloop
  endfacet
  facet normal -3.826834e-01 5.438259e-16 9.238795e-01
    outer loop
      vertex   -4.707499e+01 -6.670000e+00 -1.673612e+01
      vertex   -4.707499e+01 -1.670000e+00 -1.673612e+01
      vertex   -4.728000e+01 -6.670000e+00 -1.682104e+01
    endloop
  endfacet
  facet normal -3.826834e-01 0.000000e+00 9.238795e-01
    outer loop
      vertex   -4.728000e+01 -6.670000e+00 -1.682104e+01
      vertex   -4.707499e+01 -1.670000e+00 -1.673612e+01
      vertex   -4.728000e+01 -1.670000e+00 -1.682104e+01
    endloop
  endfacet
  facet normal -1.305262e-01 0.000000e+00 9.914449e-01
    outer loop
      vertex   -4.728000e+01 -6.670000e+00 -1.682104e+01
      vertex   -4.728000e+01 -1.670000e+00 -1.682104e+01
      vertex   -4.749999e+01 -6.670000e+00 -1.685000e+01
    endloop
  endfacet
  facet normal -1.305262e-01 0.000000e+00 9.914449e-01
    outer loop
      vertex   -4.749999e+01 -6.670000e+00 -1.685000e+01
      vertex   -4.728000e+01 -1.670000e+00 -1.682104e+01
      vertex   -4.749999e+01 -1.670000e+00 -1.685000e+01
    endloop
  endfacet
  facet normal 1.305262e-01 -0.000000e+00 9.914449e-01
    outer loop
      vertex   -4.749999e+01 -6.670000e+00 -1.685000e+01
      vertex   -4.749999e+01 -1.670000e+00 -1.685000e+01
      vertex   -4.771999e+01 -6.670000e+00 -1.682104e+01
    endloop
  endfacet
  facet normal 1.305262e-01 -0.000000e+00 9.914449e-01
    outer loop
      vertex   -4.771999e+01 -6.670000e+00 -1.682104e+01
      vertex   -4.749999e+01 -1.670000e+00 -1.685000e+01
      vertex   -4.771999e+01 -1.670000e+00 -1.682104e+01
    endloop
  endfacet
  facet normal 3.826834e-01 -0.000000e+00 9.238795e-01
    outer loop
      vertex   -4.771999e+01 -6.670000e+00 -1.682104e+01
      vertex   -4.771999e+01 -1.670000e+00 -1.682104e+01
      vertex   -4.792499e+01 -6.670000e+00 -1.673612e+01
    endloop
  endfacet
  facet normal 3.826834e-01 -5.438259e-16 9.238795e-01
    outer loop
      vertex   -4.792499e+01 -6.670000e+00 -1.673612e+01
      vertex   -4.771999e+01 -1.670000e+00 -1.682104e+01
      vertex   -4.792499e+01 -1.670000e+00 -1.673612e+01
    endloop
  endfacet
  facet normal 6.087614e-01 -8.651020e-16 7.933533e-01
    outer loop
      vertex   -4.792499e+01 -6.670000e+00 -1.673612e+01
      vertex   -4.792499e+01 -1.670000e+00 -1.673612e+01
      vertex   -4.810104e+01 -6.670000e+00 -1.660104e+01
    endloop
  endfacet
  facet normal 6.087614e-01 -0.000000e+00 7.933533e-01
    outer loop
      vertex   -4.810104e+01 -6.670000e+00 -1.660104e+01
      vertex   -4.792499e+01 -1.670000e+00 -1.673612e+01
      vertex   -4.810104e+01 -1.670000e+00 -1.660104e+01
    endloop
  endfacet
  facet normal 7.933533e-01 -0.000000e+00 6.087614e-01
    outer loop
      vertex   -4.810104e+01 -6.670000e+00 -1.660104e+01
      vertex   -4.810104e+01 -1.670000e+00 -1.660104e+01
      vertex   -4.823612e+01 -6.670000e+00 -1.642500e+01
    endloop
  endfacet
  facet normal 7.933533e-01 -0.000000e+00 6.087614e-01
    outer loop
      vertex   -4.823612e+01 -6.670000e+00 -1.642500e+01
      vertex   -4.810104e+01 -1.670000e+00 -1.660104e+01
      vertex   -4.823612e+01 -1.670000e+00 -1.642500e+01
    endloop
  endfacet
  facet normal 9.238795e-01 -0.000000e+00 3.826834e-01
    outer loop
      vertex   -4.823612e+01 -6.670000e+00 -1.642500e+01
      vertex   -4.823612e+01 -1.670000e+00 -1.642500e+01
      vertex   -4.832103e+01 -6.670000e+00 -1.622000e+01
    endloop
  endfacet
  facet normal 9.238795e-01 -0.000000e+00 3.826834e-01
    outer loop
      vertex   -4.832103e+01 -6.670000e+00 -1.622000e+01
      vertex   -4.823612e+01 -1.670000e+00 -1.642500e+01
      vertex   -4.832103e+01 -1.670000e+00 -1.622000e+01
    endloop
  endfacet
  facet normal 0.000000e+00 -1.000000e+00 0.000000e+00
    outer loop
      vertex   -4.834999e+01 -1.670000e+00 -1.600000e+01
      vertex   -4.832103e+01 -1.670000e+00 -1.622000e+01
      vertex   -4.832103e+01 -1.670000e+00 -1.578000e+01
    endloop
  endfacet
  facet normal 0.000000e+00 -1.000000e+00 0.000000e+00
    outer loop
      vertex   -4.832103e+01 -1.670000e+00 -1.578000e+01
      vertex   -4.832103e+01 -1.670000e+00 -1.622000e+01
      vertex   -4.823612e+01 -1.670000e+00 -1.557500e+01
    endloop
  endfacet
  facet normal 0.000000e+00 -1.000000e+00 -0.000000e+00
    outer loop
      vertex   -4.823612e+01 -1.670000e+00 -1.557500e+01
      vertex   -4.832103e+01 -1.670000e+00 -1.622000e+01
      vertex   -4.823612e+01 -1.670000e+00 -1.642500e+01
    endloop
  endfacet
  facet normal 0.000000e+00 -1.000000e+00 0.000000e+00
    outer loop
      vertex   -4.823612e+01 -1.670000e+00 -1.557500e+01
      vertex   -4.823612e+01 -1.670000e+00 -1.642500e+01
      vertex   -4.810104e+01 -1.670000e+00 -1.539896e+01
    endloop
  endfacet
  facet normal 0.000000e+00 -1.000000e+00 -0.000000e+00
    outer loop
      vertex   -4.810104e+01 -1.670000e+00 -1.539896e+01
      vertex   -4.823612e+01 -1.670000e+00 -1.642500e+01
      vertex   -4.810104e+01 -1.670000e+00 -1.660104e+01
    endloop
  endfacet
  facet normal 0.000000e+00 -1.000000e+00 0.000000e+00
    outer loop
      vertex   -4.810104e+01 -1.670000e+00 -1.539896e+01
      vertex   -4.810104e+01 -1.670000e+00 -1.660104e+01
      vertex   -4.792499e+01 -1.670000e+00 -1.526388e+01
    endloop
  endfacet
  facet normal 0.000000e+00 -1.000000e+00 -0.000000e+00
    outer loop
      vertex   -4.792499e+01 -1.670000e+00 -1.526388e+01
      vertex   -4.810104e+01 -1.670000e+00 -1.660104e+01
      vertex   -4.792499e+01 -1.670000e+00 -1.673612e+01
    endloop
  endfacet
  facet normal 0.000000e+00 -1.000000e+00 0.000000e+00
    outer loop
      vertex   -4.792499e+01 -1.670000e+00 -1.526388e+01
      vertex   -4.792499e+01 -1.670000e+00 -1.673612e+01
      vertex   -4.771999e+01 -1.670000e+00 -1.517896e+01
    endloop
  endfacet
  facet normal 0.000000e+00 -1.000000e+00 -0.000000e+00
    outer loop
      vertex   -4.771999e+01 -1.670000e+00 -1.517896e+01
      vertex   -4.792499e+01 -1.670000e+00 -1.673612e+01
      vertex   -4.771999e+01 -1.670000e+00 -1.682104e+01
    endloop
  endfacet
  facet normal 0.000000e+00 -1.000000e+00 0.000000e+00
    outer loop
      vertex   -4.771999e+01 -1.670000e+00 -1.517896e+01
      vertex   -4.771999e+01 -1.670000e+00 -1.682104e+01
      vertex   -4.749999e+01 -1.670000e+00 -1.515000e+01
    endloop
  endfacet
  facet normal 0.000000e+00 -1.000000e+00 -0.000000e+00
    outer loop
      vertex   -4.749999e+01 -1.670000e+00 -1.515000e+01
      vertex   -4.771999e+01 -1.670000e+00 -1.682104e+01
      vertex   -4.749999e+01 -1.670000e+00 -1.685000e+01
    endloop
  endfacet
  facet normal 0.000000e+00 -1.000000e+00 0.000000e+00
    outer loop
      vertex   -4.749999e+01 -1.670000e+00 -1.515000e+01
      vertex   -4.749999e+01 -1.670000e+00 -1.685000e+01
      vertex   -4.728000e+01 -1.670000e+00 -1.517896e+01
    endloop
  endfacet
  facet normal 0.000000e+00 -1.000000e+00 -0.000000e+00
    outer loop
      vertex   -4.728000e+01 -1.670000e+00 -1.517896e+01
      vertex   -4.749999e+01 -1.670000e+00 -1.685000e+01
      vertex   -4.728000e+01 -1.670000e+00 -1.682104e+01
    endloop
  endfacet
  facet normal 0.000000e+00 -1.000000e+00 0.000000e+00
    outer loop
      vertex   -4.728000e+01 -1.670000e+00 -1.517896e+01
      vertex   -4.728000e+01 -1.670000e+00 -1.682104e+01
      vertex   -4.707499e+01 -1.670000e+00 -1.526388e+01
    endloop
  endfacet
  facet normal 0.000000e+00 -1.000000e+00 -0.000000e+00
    outer loop
      vertex   -4.707499e+01 -1.670000e+00 -1.526388e+01
      vertex   -4.728000e+01 -1.670000e+00 -1.682104e+01
      vertex   -4.707499e+01 -1.670000e+00 -1.673612e+01
    endloop
  endfacet
  facet normal 0.000000e+00 -1.000000e+00 0.000000e+00
    outer loop
      vertex   -4.707499e+01 -1.670000e+00 -1.526388e+01
      vertex   -4.707499e+01 -1.670000e+00 -1.673612e+01
      vertex   -4.689895e+01 -1.670000e+00 -1.539896e+01
    endloop
  endfacet
  facet normal 0.000000e+00 -1.000000e+00 -0.000000e+00
    outer loop
      vertex   -4.689895e+01 -1.670000e+00 -1.539896e+01
      vertex   -4.707499e+01 -1.670000e+00 -1.673612e+01
      vertex   -4.689895e+01 -1.670000e+00 -1.660104e+01
    endloop
  endfacet
  facet normal 0.000000e+00 -1.000000e+00 0.000000e+00
    outer loop
      vertex   -4.689895e+01 -1.670000e+00 -1.539896e+01
      vertex   -4.689895e+01 -1.670000e+00 -1.660104e+01
      vertex   -4.676387e+01 -1.670000e+00 -1.557500e+01
    endloop
  endfacet
  facet normal 0.000000e+00 -1.000000e+00 -0.000000e+00
    outer loop
      vertex   -4.676387e+01 -1.670000e+00 -1.557500e+01
      vertex   -4.689895e+01 -1.670000e+00 -1.660104e+01
      vertex   -4.676387e+01 -1.670000e+00 -1.642500e+01
    endloop
  endfacet
  facet normal 0.000000e+00 -1.000000e+00 0.000000e+00
    outer loop
      vertex   -4.676387e+01 -1.670000e+00 -1.557500e+01
      vertex   -4.676387e+01 -1.670000e+00 -1.642500e+01
      vertex   -4.667896e+01 -1.670000e+00 -1.578000e+01
    endloop
  endfacet
  facet normal 0.000000e+00 -1.000000e+00 -0.000000e+00
    outer loop
      vertex   -4.667896e+01 -1.670000e+00 -1.578000e+01
      vertex   -4.676387e+01 -1.670000e+00 -1.642500e+01
      vertex   -4.667896e+01 -1.670000e+00 -1.622000e+01
    endloop
  endfacet
  facet normal 0.000000e+00 -1.000000e+00 0.000000e+00
    outer loop
      vertex   -4.667896e+01 -1.670000e+00 -1.578000e+01
      vertex   -4.667896e+01 -1.670000e+00 -1.622000e+01
      vertex   -4.664999e+01 -1.670000e+00 -1.600000e+01
    endloop
  endfacet
  facet normal -9.957342e-01 -7.164026e-15 9.226836e-02
    outer loop
      vertex   -4.946593e+01 -6.670000e+00 1.636750e+01
      vertex   -4.946593e+01 4.300000e-01 1.636750e+01
      vertex   -4.949999e+01 -6.670000e+00 1.600000e+01
    endloop
  endfacet
  facet normal -9.957342e-01 7.848806e-15 9.226836e-02
    outer loop
      vertex   -4.949999e+01 -6.670000e+00 1.600000e+01
      vertex   -4.946593e+01 4.300000e-01 1.636750e+01
      vertex   -4.949999e+01 4.300000e-01 1.600000e+01
    endloop
  endfacet
  facet normal -9.957342e-01 -7.848806e-15 -9.226836e-02
    outer loop
      vertex   -4.949999e+01 -6.670000e+00 1.600000e+01
      vertex   -4.949999e+01 4.300000e-01 1.600000e+01
      vertex   -4.946593e+01 -6.670000e+00 1.563250e+01
    endloop
  endfacet
  facet normal -9.957342e-01 7.117857e-15 -9.226836e-02
    outer loop
      vertex   -4.946593e+01 -6.670000e+00 1.563250e+01
      vertex   -4.949999e+01 4.300000e-01 1.600000e+01
      vertex   -4.946593e+01 4.300000e-01 1.563250e+01
    endloop
  endfacet
  facet normal -9.618256e-01 -6.790689e-15 -2.736630e-01
    outer loop
      vertex   -4.946593e+01 -6.670000e+00 1.563250e+01
      vertex   -4.946593e+01 4.300000e-01 1.563250e+01
      vertex   -4.936493e+01 -6.670000e+00 1.527752e+01
    endloop
  endfacet
  facet normal -9.618256e-01 4.538604e-15 -2.736630e-01
    outer loop
      vertex   -4.936493e+01 -6.670000e+00 1.527752e+01
      vertex   -4.946593e+01 4.300000e-01 1.563250e+01
      vertex   -4.936493e+01 4.300000e-01 1.527752e+01
    endloop
  endfacet
  facet normal -8.951633e-01 -7.390658e-15 -4.457384e-01
    outer loop
      vertex   -4.936493e+01 -6.670000e+00 1.527752e+01
      vertex   -4.936493e+01 4.300000e-01 1.527752e+01
      vertex   -4.920042e+01 -6.670000e+00 1.494714e+01
    endloop
  endfacet
  facet normal -8.951633e-01 5.236902e-15 -4.457384e-01
    outer loop
      vertex   -4.920042e+01 -6.670000e+00 1.494714e+01
      vertex   -4.936493e+01 4.300000e-01 1.527752e+01
      vertex   -4.920042e+01 4.300000e-01 1.494714e+01
    endloop
  endfacet
  facet normal -7.980172e-01 -4.883741e-15 -6.026346e-01
    outer loop
      vertex   -4.920042e+01 -6.670000e+00 1.494714e+01
      vertex   -4.920042e+01 4.300000e-01 1.494714e+01
      vertex   -4.897801e+01 -6.670000e+00 1.465261e+01
    endloop
  endfacet
  facet normal -7.980172e-01 3.755125e-15 -6.026346e-01
    outer loop
      vertex   -4.897801e+01 -6.670000e+00 1.465261e+01
      vertex   -4.920042e+01 4.300000e-01 1.494714e+01
      vertex   -4.897801e+01 4.300000e-01 1.465261e+01
    endloop
  endfacet
  facet normal -6.736956e-01 -4.549404e-15 -7.390089e-01
    outer loop
      vertex   -4.897801e+01 -6.670000e+00 1.465261e+01
      vertex   -4.897801e+01 4.300000e-01 1.465261e+01
      vertex   -4.870526e+01 -6.670000e+00 1.440397e+01
    endloop
  endfacet
  facet normal -6.736956e-01 3.346847e-15 -7.390089e-01
    outer loop
      vertex   -4.870526e+01 -6.670000e+00 1.440397e+01
      vertex   -4.897801e+01 4.300000e-01 1.465261e+01
      vertex   -4.870526e+01 4.300000e-01 1.440397e+01
    endloop
  endfacet
  facet normal -5.264322e-01 -3.116840e-15 -8.502171e-01
    outer loop
      vertex   -4.870526e+01 -6.670000e+00 1.440397e+01
      vertex   -4.870526e+01 4.300000e-01 1.440397e+01
      vertex   -4.839147e+01 -6.670000e+00 1.420968e+01
    endloop
  endfacet
  facet normal -5.264322e-01 2.332224e-15 -8.502171e-01
    outer loop
      vertex   -4.839147e+01 -6.670000e+00 1.420968e+01
      vertex   -4.870526e+01 4.300000e-01 1.440397e+01
      vertex   -4.839147e+01 4.300000e-01 1.420968e+01
    endloop
  endfacet
  facet normal -3.612417e-01 -2.416718e-15 -9.324722e-01
    outer loop
      vertex   -4.839147e+01 -6.670000e+00 1.420968e+01
      vertex   -4.839147e+01 4.300000e-01 1.420968e+01
      vertex   -4.804732e+01 -6.670000e+00 1.407635e+01
    endloop
  endfacet
  facet normal -3.612417e-01 1.456731e-15 -9.324722e-01
    outer loop
      vertex   -4.804732e+01 -6.670000e+00 1.407635e+01
      vertex   -4.839147e+01 4.300000e-01 1.420968e+01
      vertex   -4.804732e+01 4.300000e-01 1.407635e+01
    endloop
  endfacet
  facet normal -1.837495e-01 -1.422479e-15 -9.829731e-01
    outer loop
      vertex   -4.804732e+01 -6.670000e+00 1.407635e+01
      vertex   -4.804732e+01 4.300000e-01 1.407635e+01
      vertex   -4.768453e+01 -6.670000e+00 1.400854e+01
    endloop
  endfacet
  facet normal -1.837495e-01 3.057388e-16 -9.829731e-01
    outer loop
      vertex   -4.768453e+01 -6.670000e+00 1.400854e+01
      vertex   -4.804732e+01 4.300000e-01 1.407635e+01
      vertex   -4.768453e+01 4.300000e-01 1.400854e+01
    endloop
  endfacet
  facet normal 0.000000e+00 -2.501911e-16 -1.000000e+00
    outer loop
      vertex   -4.768453e+01 -6.670000e+00 1.400854e+01
      vertex   -4.768453e+01 4.300000e-01 1.400854e+01
      vertex   -4.731546e+01 -6.670000e+00 1.400854e+01
    endloop
  endfacet
  facet normal 0.000000e+00 -2.501911e-16 -1.000000e+00
    outer loop
      vertex   -4.731546e+01 -6.670000e+00 1.400854e+01
      vertex   -4.768453e+01 4.300000e-01 1.400854e+01
      vertex   -4.731546e+01 4.300000e-01 1.400854e+01
    endloop
  endfacet
  facet normal 1.837495e-01 4.896288e-16 -9.829731e-01
    outer loop
      vertex   -4.731546e+01 -6.670000e+00 1.400854e+01
      vertex   -4.731546e+01 4.300000e-01 1.400854e+01
      vertex   -4.695267e+01 -6.670000e+00 1.407635e+01
    endloop
  endfacet
  facet normal 1.837495e-01 -1.238589e-15 -9.829731e-01
    outer loop
      vertex   -4.695267e+01 -6.670000e+00 1.407635e+01
      vertex   -4.731546e+01 4.300000e-01 1.400854e+01
      vertex   -4.695267e+01 4.300000e-01 1.407635e+01
    endloop
  endfacet
  facet normal 3.612417e-01 1.818249e-15 -9.324722e-01
    outer loop
      vertex   -4.695267e+01 -6.670000e+00 1.407635e+01
      vertex   -4.695267e+01 4.300000e-01 1.407635e+01
      vertex   -4.660852e+01 -6.670000e+00 1.420968e+01
    endloop
  endfacet
  facet normal 3.612417e-01 -2.673161e-15 -9.324722e-01
    outer loop
      vertex   -4.660852e+01 -6.670000e+00 1.420968e+01
      vertex   -4.695267e+01 4.300000e-01 1.407635e+01
      vertex   -4.660852e+01 4.300000e-01 1.420968e+01
    endloop
  endfacet
  facet normal 5.264322e-01 1.703988e-15 -8.502171e-01
    outer loop
      vertex   -4.660852e+01 -6.670000e+00 1.420968e+01
      vertex   -4.660852e+01 4.300000e-01 1.420968e+01
      vertex   -4.629473e+01 -6.670000e+00 1.440397e+01
    endloop
  endfacet
  facet normal 5.264322e-01 -3.542274e-15 -8.502171e-01
    outer loop
      vertex   -4.629473e+01 -6.670000e+00 1.440397e+01
      vertex   -4.660852e+01 4.300000e-01 1.420968e+01
      vertex   -4.629473e+01 4.300000e-01 1.440397e+01
    endloop
  endfacet
  facet normal 6.736956e-01 2.977060e-15 -7.390089e-01
    outer loop
      vertex   -4.629473e+01 -6.670000e+00 1.440397e+01
      vertex   -4.629473e+01 4.300000e-01 1.440397e+01
      vertex   -4.602198e+01 -6.670000e+00 1.465261e+01
    endloop
  endfacet
  facet normal 6.736956e-01 -4.549404e-15 -7.390089e-01
    outer loop
      vertex   -4.602198e+01 -6.670000e+00 1.465261e+01
      vertex   -4.629473e+01 4.300000e-01 1.440397e+01
      vertex   -4.602198e+01 4.300000e-01 1.465261e+01
    endloop
  endfacet
  facet normal 7.980172e-01 3.755125e-15 -6.026346e-01
    outer loop
      vertex   -4.602198e+01 -6.670000e+00 1.465261e+01
      vertex   -4.602198e+01 4.300000e-01 1.465261e+01
      vertex   -4.579957e+01 -6.670000e+00 1.494714e+01
    endloop
  endfacet
  facet normal 7.980172e-01 -5.185289e-15 -6.026346e-01
    outer loop
      vertex   -4.579957e+01 -6.670000e+00 1.494714e+01
      vertex   -4.602198e+01 4.300000e-01 1.465261e+01
      vertex   -4.579957e+01 4.300000e-01 1.494714e+01
    endloop
  endfacet
  facet normal 8.951633e-01 5.013862e-15 -4.457384e-01
    outer loop
      vertex   -4.579957e+01 -6.670000e+00 1.494714e+01
      vertex   -4.579957e+01 4.300000e-01 1.494714e+01
      vertex   -4.563506e+01 -6.670000e+00 1.527752e+01
    endloop
  endfacet
  facet normal 8.951633e-01 -6.494810e-15 -4.457384e-01
    outer loop
      vertex   -4.563506e+01 -6.670000e+00 1.527752e+01
      vertex   -4.579957e+01 4.300000e-01 1.494714e+01
      vertex   -4.563506e+01 4.300000e-01 1.527752e+01
    endloop
  endfacet
  facet normal 9.618256e-01 5.501165e-15 -2.736630e-01
    outer loop
      vertex   -4.563506e+01 -6.670000e+00 1.527752e+01
      vertex   -4.563506e+01 4.300000e-01 1.527752e+01
      vertex   -4.553405e+01 -6.670000e+00 1.563250e+01
    endloop
  endfacet
  facet normal 9.618256e-01 -6.722221e-15 -2.736630e-01
    outer loop
      vertex   -4.553405e+01 -6.670000e+00 1.563250e+01
      vertex   -4.563506e+01 4.300000e-01 1.527752e+01
      vertex   -4.553405e+01 4.300000e-01 1.563250e+01
    endloop
  endfacet
  facet normal 9.957342e-01 7.140941e-15 -9.226836e-02
    outer loop
      vertex   -4.553405e+01 -6.670000e+00 1.563250e+01
      vertex   -4.553405e+01 4.300000e-01 1.563250e+01
      vertex   -4.550000e+01 -6.670000e+00 1.600000e+01
    endloop
  endfacet
  facet normal 9.957342e-01 -7.848806e-15 -9.226836e-02
    outer loop
      vertex   -4.550000e+01 -6.670000e+00 1.600000e+01
      vertex   -4.553405e+01 4.300000e-01 1.563250e+01
      vertex   -4.550000e+01 4.300000e-01 1.600000e+01
    endloop
  endfacet
  facet normal 9.957342e-01 7.848806e-15 9.226836e-02
    outer loop
      vertex   -4.550000e+01 -6.670000e+00 1.600000e+01
      vertex   -4.550000e+01 4.300000e-01 1.600000e+01
      vertex   -4.553405e+01 -6.670000e+00 1.636750e+01
    endloop
  endfacet
  facet normal 9.957342e-01 -7.164026e-15 9.226836e-02
    outer loop
      vertex   -4.553405e+01 -6.670000e+00 1.636750e+01
      vertex   -4.550000e+01 4.300000e-01 1.600000e+01
      vertex   -4.553405e+01 4.300000e-01 1.636750e+01
    endloop
  endfacet
  facet normal 9.618256e-01 6.653753e-15 2.736630e-01
    outer loop
      vertex   -4.553405e+01 -6.670000e+00 1.636750e+01
      vertex   -4.553405e+01 4.300000e-01 1.636750e+01
      vertex   -4.563506e+01 -6.670000e+00 1.672248e+01
    endloop
  endfacet
  facet normal 9.618256e-01 -5.569633e-15 2.736630e-01
    outer loop
      vertex   -4.563506e+01 -6.670000e+00 1.672248e+01
      vertex   -4.553405e+01 4.300000e-01 1.636750e+01
      vertex   -4.563506e+01 4.300000e-01 1.672248e+01
    endloop
  endfacet
  facet normal 8.951633e-01 6.383291e-15 4.457384e-01
    outer loop
      vertex   -4.563506e+01 -6.670000e+00 1.672248e+01
      vertex   -4.563506e+01 4.300000e-01 1.672248e+01
      vertex   -4.579957e+01 -6.670000e+00 1.705286e+01
    endloop
  endfacet
  facet normal 8.951633e-01 -5.013862e-15 4.457384e-01
    outer loop
      vertex   -4.579957e+01 -6.670000e+00 1.705286e+01
      vertex   -4.563506e+01 4.300000e-01 1.672248e+01
      vertex   -4.579957e+01 4.300000e-01 1.705286e+01
    endloop
  endfacet
  facet normal 7.980172e-01 5.185289e-15 6.026346e-01
    outer loop
      vertex   -4.579957e+01 -6.670000e+00 1.705286e+01
      vertex   -4.579957e+01 4.300000e-01 1.705286e+01
      vertex   -4.602198e+01 -6.670000e+00 1.734739e+01
    endloop
  endfacet
  facet normal 7.980172e-01 -4.056672e-15 6.026346e-01
    outer loop
      vertex   -4.602198e+01 -6.670000e+00 1.734739e+01
      vertex   -4.579957e+01 4.300000e-01 1.705286e+01
      vertex   -4.602198e+01 4.300000e-01 1.734739e+01
    endloop
  endfacet
  facet normal 6.736956e-01 4.179617e-15 7.390089e-01
    outer loop
      vertex   -4.602198e+01 -6.670000e+00 1.734739e+01
      vertex   -4.602198e+01 4.300000e-01 1.734739e+01
      vertex   -4.629473e+01 -6.670000e+00 1.759603e+01
    endloop
  endfacet
  facet normal 6.736956e-01 -2.672637e-15 7.390089e-01
    outer loop
      vertex   -4.629473e+01 -6.670000e+00 1.759603e+01
      vertex   -4.602198e+01 4.300000e-01 1.734739e+01
      vertex   -4.629473e+01 4.300000e-01 1.759603e+01
    endloop
  endfacet
  facet normal 5.264322e-01 3.643675e-15 8.502171e-01
    outer loop
      vertex   -4.629473e+01 -6.670000e+00 1.759603e+01
      vertex   -4.629473e+01 4.300000e-01 1.759603e+01
      vertex   -4.660852e+01 -6.670000e+00 1.779032e+01
    endloop
  endfacet
  facet normal 5.264322e-01 -1.703988e-15 8.502171e-01
    outer loop
      vertex   -4.660852e+01 -6.670000e+00 1.779032e+01
      vertex   -4.629473e+01 4.300000e-01 1.759603e+01
      vertex   -4.660852e+01 4.300000e-01 1.779032e+01
    endloop
  endfacet
  facet normal 3.612417e-01 2.673161e-15 9.324722e-01
    outer loop
      vertex   -4.660852e+01 -6.670000e+00 1.779032e+01
      vertex   -4.660852e+01 4.300000e-01 1.779032e+01
      vertex   -4.695267e+01 -6.670000e+00 1.792365e+01
    endloop
  endfacet
  facet normal 3.612417e-01 -9.669914e-16 9.324722e-01
    outer loop
      vertex   -4.695267e+01 -6.670000e+00 1.792365e+01
      vertex   -4.660852e+01 4.300000e-01 1.779032e+01
      vertex   -4.695267e+01 4.300000e-01 1.792365e+01
    endloop
  endfacet
  facet normal 1.837495e-01 1.544328e-15 9.829731e-01
    outer loop
      vertex   -4.695267e+01 -6.670000e+00 1.792365e+01
      vertex   -4.695267e+01 4.300000e-01 1.792365e+01
      vertex   -4.731546e+01 -6.670000e+00 1.799146e+01
    endloop
  endfacet
  facet normal 1.837495e-01 -2.436977e-16 9.829731e-01
    outer loop
      vertex   -4.731546e+01 -6.670000e+00 1.799146e+01
      vertex   -4.695267e+01 4.300000e-01 1.792365e+01
      vertex   -4.731546e+01 4.300000e-01 1.799146e+01
    endloop
  endfacet
  facet normal 0.000000e+00 5.003822e-16 1.000000e+00
    outer loop
      vertex   -4.731546e+01 -6.670000e+00 1.799146e+01
      vertex   -4.731546e+01 4.300000e-01 1.799146e+01
      vertex   -4.768453e+01 -6.670000e+00 1.799146e+01
    endloop
  endfacet
  facet normal 0.000000e+00 5.003822e-16 1.000000e+00
    outer loop
      vertex   -4.768453e+01 -6.670000e+00 1.799146e+01
      vertex   -4.731546e+01 4.300000e-01 1.799146e+01
      vertex   -4.768453e+01 4.300000e-01 1.799146e+01
    endloop
  endfacet
  facet normal -1.837495e-01 -6.114776e-16 9.829731e-01
    outer loop
      vertex   -4.768453e+01 -6.670000e+00 1.799146e+01
      vertex   -4.768453e+01 4.300000e-01 1.799146e+01
      vertex   -4.804732e+01 -6.670000e+00 1.792365e+01
    endloop
  endfacet
  facet normal -1.837495e-01 1.360438e-15 9.829731e-01
    outer loop
      vertex   -4.804732e+01 -6.670000e+00 1.792365e+01
      vertex   -4.768453e+01 4.300000e-01 1.799146e+01
      vertex   -4.804732e+01 4.300000e-01 1.792365e+01
    endloop
  endfacet
  facet normal -3.612417e-01 -1.328509e-15 9.324722e-01
    outer loop
      vertex   -4.804732e+01 -6.670000e+00 1.792365e+01
      vertex   -4.804732e+01 4.300000e-01 1.792365e+01
      vertex   -4.839147e+01 -6.670000e+00 1.779032e+01
    endloop
  endfacet
  facet normal -3.612417e-01 1.950126e-15 9.324722e-01
    outer loop
      vertex   -4.839147e+01 -6.670000e+00 1.779032e+01
      vertex   -4.804732e+01 4.300000e-01 1.792365e+01
      vertex   -4.839147e+01 4.300000e-01 1.779032e+01
    endloop
  endfacet
  facet normal -5.264322e-01 -2.757658e-15 8.502171e-01
    outer loop
      vertex   -4.839147e+01 -6.670000e+00 1.779032e+01
      vertex   -4.839147e+01 4.300000e-01 1.779032e+01
      vertex   -4.870526e+01 -6.670000e+00 1.759603e+01
    endloop
  endfacet
  facet normal -5.264322e-01 3.116840e-15 8.502171e-01
    outer loop
      vertex   -4.870526e+01 -6.670000e+00 1.759603e+01
      vertex   -4.839147e+01 4.300000e-01 1.779032e+01
      vertex   -4.870526e+01 4.300000e-01 1.759603e+01
    endloop
  endfacet
  facet normal -6.736956e-01 -3.346847e-15 7.390089e-01
    outer loop
      vertex   -4.870526e+01 -6.670000e+00 1.759603e+01
      vertex   -4.870526e+01 4.300000e-01 1.759603e+01
      vertex   -4.897801e+01 -6.670000e+00 1.734739e+01
    endloop
  endfacet
  facet normal -6.736956e-01 4.549404e-15 7.390089e-01
    outer loop
      vertex   -4.897801e+01 -6.670000e+00 1.734739e+01
      vertex   -4.870526e+01 4.300000e-01 1.759603e+01
      vertex   -4.897801e+01 4.300000e-01 1.734739e+01
    endloop
  endfacet
  facet normal -7.980172e-01 -3.755125e-15 6.026346e-01
    outer loop
      vertex   -4.897801e+01 -6.670000e+00 1.734739e+01
      vertex   -4.897801e+01 4.300000e-01 1.734739e+01
      vertex   -4.920042e+01 -6.670000e+00 1.705286e+01
    endloop
  endfacet
  facet normal -7.980172e-01 5.682369e-15 6.026346e-01
    outer loop
      vertex   -4.920042e+01 -6.670000e+00 1.705286e+01
      vertex   -4.897801e+01 4.300000e-01 1.734739e+01
      vertex   -4.920042e+01 4.300000e-01 1.705286e+01
    endloop
  endfacet
  facet normal -8.951633e-01 -4.341054e-15 4.457384e-01
    outer loop
      vertex   -4.920042e+01 -6.670000e+00 1.705286e+01
      vertex   -4.920042e+01 4.300000e-01 1.705286e+01
      vertex   -4.936493e+01 -6.670000e+00 1.672248e+01
    endloop
  endfacet
  facet normal -8.951633e-01 5.487443e-15 4.457384e-01
    outer loop
      vertex   -4.936493e+01 -6.670000e+00 1.672248e+01
      vertex   -4.920042e+01 4.300000e-01 1.705286e+01
      vertex   -4.936493e+01 4.300000e-01 1.672248e+01
    endloop
  endfacet
  facet normal -9.618256e-01 -6.532194e-15 2.736630e-01
    outer loop
      vertex   -4.936493e+01 -6.670000e+00 1.672248e+01
      vertex   -4.936493e+01 4.300000e-01 1.672248e+01
      vertex   -4.946593e+01 -6.670000e+00 1.636750e+01
    endloop
  endfacet
  facet normal -9.618256e-01 6.653753e-15 2.736630e-01
    outer loop
      vertex   -4.946593e+01 -6.670000e+00 1.636750e+01
      vertex   -4.936493e+01 4.300000e-01 1.672248e+01
      vertex   -4.946593e+01 4.300000e-01 1.636750e+01
    endloop
  endfacet
  facet normal 0.000000e+00 1.000000e+00 0.000000e+00
    outer loop
      vertex   -4.949999e+01 4.430000e+00 2.119947e+01
      vertex   -4.550000e+01 4.430000e+00 2.119947e+01
      vertex   -4.949999e+01 4.430000e+00 1.093576e+01
    endloop
  endfacet
  facet normal 0.000000e+00 1.000000e+00 0.000000e+00
    outer loop
      vertex   -4.949999e+01 4.430000e+00 1.093576e+01
      vertex   -4.550000e+01 4.430000e+00 2.119947e+01
      vertex   -4.550000e+01 4.430000e+00 1.093576e+01
    endloop
  endfacet
  facet normal -1.000000e+00 -1.045223e-15 -3.023751e-13
    outer loop
      vertex   -4.949999e+01 4.300000e-01 2.500001e+01
      vertex   -4.949999e+01 2.455031e+00 9.648347e+00
      vertex   -4.949999e+01 4.300000e-01 1.600000e+01
    endloop
  endfacet
  facet normal -1.000000e+00 -3.854329e-14 -3.143303e-13
    outer loop
      vertex   -4.949999e+01 4.300000e-01 1.600000e+01
      vertex   -4.949999e+01 2.455031e+00 9.648347e+00
      vertex   -4.949999e+01 2.424182e+00 9.335660e+00
    endloop
  endfacet
  facet normal -1.000000e+00 6.412362e-15 -3.008781e-13
    outer loop
      vertex   -4.949999e+01 4.300000e-01 1.600000e+01
      vertex   -4.949999e+01 2.424182e+00 9.335660e+00
      vertex   -4.949999e+01 2.424182e+00 2.085660e+00
    endloop
  endfacet
  facet normal -1.000000e+00 -0.000000e+00 -3.015381e-13
    outer loop
      vertex   -4.949999e+01 4.430000e+00 2.500001e+01
      vertex   -4.949999e+01 2.694373e+00 1.022541e+01
      vertex   -4.949999e+01 4.300000e-01 2.500001e+01
    endloop
  endfacet
  facet normal -1.000000e+00 -4.735687e-14 -3.087961e-13
    outer loop
      vertex   -4.949999e+01 4.300000e-01 2.500001e+01
      vertex   -4.949999e+01 2.694373e+00 1.022541e+01
      vertex   -4.949999e+01 2.546390e+00 9.948977e+00
    endloop
  endfacet
  facet normal -1.000000e+00 -1.151611e-14 -3.037563e-13
    outer loop
      vertex   -4.949999e+01 4.300000e-01 2.500001e+01
      vertex   -4.949999e+01 2.546390e+00 9.948977e+00
      vertex   -4.949999e+01 2.455031e+00 9.648347e+00
    endloop
  endfacet
  facet normal -1.000000e+00 -0.000000e+00 -1.987367e-12
    outer loop
      vertex   -4.949999e+01 6.430000e+00 2.500001e+01
      vertex   -4.949999e+01 6.430000e+00 2.119947e+01
      vertex   -4.949999e+01 4.430000e+00 2.500001e+01
    endloop
  endfacet
  facet normal -1.000000e+00 0.000000e+00 -1.987367e-12
    outer loop
      vertex   -4.949999e+01 4.430000e+00 2.500001e+01
      vertex   -4.949999e+01 6.430000e+00 2.119947e+01
      vertex   -4.949999e+01 4.430000e+00 2.119947e+01
    endloop
  endfacet
  facet normal -1.000000e+00 1.866138e-11 -1.987367e-12
    outer loop
      vertex   -4.949999e+01 4.430000e+00 2.500001e+01
      vertex   -4.949999e+01 4.430000e+00 2.119947e+01
      vertex   -4.949999e+01 3.135787e+00 1.066641e+01
    endloop
  endfacet
  facet normal -1.000000e+00 -2.847061e-13 3.405687e-13
    outer loop
      vertex   -4.949999e+01 3.135787e+00 1.066641e+01
      vertex   -4.949999e+01 4.430000e+00 2.119947e+01
      vertex   -4.949999e+01 3.412280e+00 1.081410e+01
    endloop
  endfacet
  facet normal -1.000000e+00 -2.929533e-13 3.413769e-13
    outer loop
      vertex   -4.949999e+01 3.412280e+00 1.081410e+01
      vertex   -4.949999e+01 4.430000e+00 2.119947e+01
      vertex   -4.949999e+01 3.712306e+00 1.090505e+01
    endloop
  endfacet
  facet normal -1.000000e+00 -3.181101e-14 3.231708e-13
    outer loop
      vertex   -4.949999e+01 3.712306e+00 1.090505e+01
      vertex   -4.949999e+01 4.430000e+00 2.119947e+01
      vertex   -4.949999e+01 4.024285e+00 1.093576e+01
    endloop
  endfacet
  facet normal -1.000000e+00 0.000000e+00 3.219134e-13
    outer loop
      vertex   -4.949999e+01 4.024285e+00 1.093576e+01
      vertex   -4.949999e+01 4.430000e+00 2.119947e+01
      vertex   -4.949999e+01 4.430000e+00 1.093576e+01
    endloop
  endfacet
  facet normal -1.000000e+00 -1.707227e-14 -3.008467e-13
    outer loop
      vertex   -4.949999e+01 3.135787e+00 1.066641e+01
      vertex   -4.949999e+01 2.893344e+00 1.046761e+01
      vertex   -4.949999e+01 4.430000e+00 2.500001e+01
    endloop
  endfacet
  facet normal -1.000000e+00 9.492604e-14 -3.126894e-13
    outer loop
      vertex   -4.949999e+01 4.430000e+00 2.500001e+01
      vertex   -4.949999e+01 2.893344e+00 1.046761e+01
      vertex   -4.949999e+01 2.694373e+00 1.022541e+01
    endloop
  endfacet
  facet normal -1.000000e+00 -1.280744e-15 -3.019807e-13
    outer loop
      vertex   -4.949999e+01 4.300000e-01 1.600000e+01
      vertex   -4.949999e+01 2.424182e+00 2.085660e+00
      vertex   -4.949999e+01 4.300000e-01 -1.600000e+01
    endloop
  endfacet
  facet normal -1.000000e+00 -1.380856e-13 -2.868961e-13
    outer loop
      vertex   -4.949999e+01 4.300000e-01 -1.600000e+01
      vertex   -4.949999e+01 2.424182e+00 2.085660e+00
      vertex   -4.949999e+01 2.454891e+00 1.773681e+00
    endloop
  endfacet
  facet normal -1.000000e+00 6.936375e-14 -3.105301e-13
    outer loop
      vertex   -4.949999e+01 4.300000e-01 -1.600000e+01
      vertex   -4.949999e+01 2.454891e+00 1.773681e+00
      vertex   -4.949999e+01 2.545846e+00 1.473655e+00
    endloop
  endfacet
  facet normal -1.000000e+00 4.875806e-14 -3.080350e-13
    outer loop
      vertex   -4.949999e+01 2.545846e+00 1.473655e+00
      vertex   -4.949999e+01 2.693534e+00 1.197162e+00
      vertex   -4.949999e+01 4.300000e-01 -1.600000e+01
    endloop
  endfacet
  facet normal -1.000000e+00 -1.073120e-12 -1.603705e-13
    outer loop
      vertex   -4.949999e+01 4.300000e-01 -1.600000e+01
      vertex   -4.949999e+01 2.693534e+00 1.197162e+00
      vertex   -4.949999e+01 4.430000e+00 -1.263773e+01
    endloop
  endfacet
  facet normal -1.000000e+00 -6.943546e-13 -6.109775e-13
    outer loop
      vertex   -4.949999e+01 4.300000e-01 -1.600000e+01
      vertex   -4.949999e+01 4.430000e+00 -1.263773e+01
      vertex   -4.949999e+01 4.430000e+00 -2.500000e+01
    endloop
  endfacet
  facet normal -1.000000e+00 0.000000e+00 -6.109775e-13
    outer loop
      vertex   -4.949999e+01 4.430000e+00 -2.500000e+01
      vertex   -4.949999e+01 4.430000e+00 -1.263773e+01
      vertex   -4.949999e+01 6.430000e+00 -1.263773e+01
    endloop
  endfacet
  facet normal -1.000000e+00 -7.507684e-06 1.214612e-06
    outer loop
      vertex   -4.949999e+01 4.430000e+00 -2.500000e+01
      vertex   -4.949999e+01 6.430000e+00 -1.263773e+01
      vertex   -4.950000e+01 6.430000e+00 -2.500000e+01
    endloop
  endfacet
  facet normal -1.000000e+00 3.850244e-13 2.264641e-14
    outer loop
      vertex   -4.949999e+01 2.693534e+00 1.197162e+00
      vertex   -4.949999e+01 2.892338e+00 9.547189e-01
      vertex   -4.949999e+01 4.430000e+00 -1.263773e+01
    endloop
  endfacet
  facet normal -1.000000e+00 2.074692e-13 2.560265e-15
    outer loop
      vertex   -4.949999e+01 4.430000e+00 -1.263773e+01
      vertex   -4.949999e+01 2.892338e+00 9.547189e-01
      vertex   -4.949999e+01 3.134531e+00 7.557481e-01
    endloop
  endfacet
  facet normal -1.000000e+00 2.069740e-13 2.512369e-15
    outer loop
      vertex   -4.949999e+01 4.430000e+00 -1.263773e+01
      vertex   -4.949999e+01 3.134531e+00 7.557481e-01
      vertex   -4.949999e+01 3.410967e+00 6.077655e-01
    endloop
  endfacet
  facet normal -1.000000e+00 1.168314e-13 -4.422690e-15
    outer loop
      vertex   -4.949999e+01 3.410967e+00 6.077655e-01
      vertex   -4.949999e+01 3.711598e+00 5.164063e-01
      vertex   -4.949999e+01 4.430000e+00 -1.263773e+01
    endloop
  endfacet
  facet normal -1.000000e+00 -1.071625e-15 -1.086186e-14
    outer loop
      vertex   -4.949999e+01 4.430000e+00 -1.263773e+01
      vertex   -4.949999e+01 3.711598e+00 5.164063e-01
      vertex   -4.949999e+01 4.024285e+00 4.855568e-01
    endloop
  endfacet
  facet normal -1.000000e+00 -1.751334e-14 -1.137017e-14
    outer loop
      vertex   -4.949999e+01 4.430000e+00 -1.263773e+01
      vertex   -4.949999e+01 4.024285e+00 4.855568e-01
      vertex   -4.949999e+01 4.430000e+00 4.855568e-01
    endloop
  endfacet
  facet normal -1.000000e+00 -0.000000e+00 -3.023754e-13
    outer loop
      vertex   -4.949999e+01 4.430000e+00 -2.500000e+01
      vertex   -4.949999e+01 4.300000e-01 -2.500000e+01
      vertex   -4.949999e+01 4.300000e-01 -1.600000e+01
    endloop
  endfacet
  facet normal 1.000000e+00 -1.280744e-15 -3.019807e-13
    outer loop
      vertex   -4.550000e+01 4.300000e-01 -1.600000e+01
      vertex   -4.550000e+01 2.424182e+00 2.085660e+00
      vertex   -4.550000e+01 4.300000e-01 1.600000e+01
    endloop
  endfacet
  facet normal 1.000000e+00 -4.259688e-16 -3.018582e-13
    outer loop
      vertex   -4.550000e+01 4.300000e-01 1.600000e+01
      vertex   -4.550000e+01 2.424182e+00 2.085660e+00
      vertex   -4.550000e+01 2.424182e+00 9.335660e+00
    endloop
  endfacet
  facet normal 1.000000e+00 1.421188e-14 -2.974780e-13
    outer loop
      vertex   -4.550000e+01 4.300000e-01 1.600000e+01
      vertex   -4.550000e+01 2.424182e+00 9.335660e+00
      vertex   -4.550000e+01 2.454891e+00 9.647639e+00
    endloop
  endfacet
  facet normal 1.000000e+00 0.000000e+00 -3.015859e-13
    outer loop
      vertex   -4.550000e+01 4.300000e-01 -2.500000e+01
      vertex   -4.550000e+01 4.430000e+00 -2.500000e+01
      vertex   -4.550000e+01 4.300000e-01 -1.600000e+01
    endloop
  endfacet
  facet normal 1.000000e+00 -3.753678e-16 -3.017527e-13
    outer loop
      vertex   -4.550000e+01 4.300000e-01 -1.600000e+01
      vertex   -4.550000e+01 4.430000e+00 -2.500000e+01
      vertex   -4.550000e+01 4.430000e+00 -1.263773e+01
    endloop
  endfacet
  facet normal 1.000000e+00 -5.292608e-16 -3.015697e-13
    outer loop
      vertex   -4.550000e+01 4.300000e-01 -1.600000e+01
      vertex   -4.550000e+01 4.430000e+00 -1.263773e+01
      vertex   -4.550000e+01 2.694373e+00 1.195906e+00
    endloop
  endfacet
  facet normal 1.000000e+00 -1.167045e-14 -3.029675e-13
    outer loop
      vertex   -4.550000e+01 2.694373e+00 1.195906e+00
      vertex   -4.550000e+01 4.430000e+00 -1.263773e+01
      vertex   -4.550000e+01 2.893344e+00 9.537136e-01
    endloop
  endfacet
  facet normal 1.000000e+00 -4.651227e-14 -3.069067e-13
    outer loop
      vertex   -4.550000e+01 2.893344e+00 9.537136e-01
      vertex   -4.550000e+01 4.430000e+00 -1.263773e+01
      vertex   -4.550000e+01 3.135787e+00 7.549087e-01
    endloop
  endfacet
  facet normal 1.000000e+00 1.935626e-14 -3.005414e-13
    outer loop
      vertex   -4.550000e+01 3.135787e+00 7.549087e-01
      vertex   -4.550000e+01 4.430000e+00 -1.263773e+01
      vertex   -4.550000e+01 3.412280e+00 6.072215e-01
    endloop
  endfacet
  facet normal 1.000000e+00 5.173899e-14 -2.980532e-13
    outer loop
      vertex   -4.550000e+01 3.412280e+00 6.072215e-01
      vertex   -4.550000e+01 4.430000e+00 -1.263773e+01
      vertex   -4.550000e+01 3.712306e+00 5.162661e-01
    endloop
  endfacet
  facet normal 1.000000e+00 -2.977636e-14 -3.025008e-13
    outer loop
      vertex   -4.550000e+01 3.712306e+00 5.162661e-01
      vertex   -4.550000e+01 4.430000e+00 -1.263773e+01
      vertex   -4.550000e+01 4.024285e+00 4.855568e-01
    endloop
  endfacet
  facet normal 1.000000e+00 -3.502668e-14 -3.026631e-13
    outer loop
      vertex   -4.550000e+01 4.024285e+00 4.855568e-01
      vertex   -4.550000e+01 4.430000e+00 -1.263773e+01
      vertex   -4.550000e+01 4.430000e+00 4.855568e-01
    endloop
  endfacet
  facet normal 1.000000e+00 0.000000e+00 -3.017527e-13
    outer loop
      vertex   -4.550000e+01 6.430000e+00 -2.500000e+01
      vertex   -4.550000e+01 6.430000e+00 -1.263773e+01
      vertex   -4.550000e+01 4.430000e+00 -2.500000e+01
    endloop
  endfacet
  facet normal 1.000000e+00 0.000000e+00 -3.017527e-13
    outer loop
      vertex   -4.550000e+01 4.430000e+00 -2.500000e+01
      vertex   -4.550000e+01 6.430000e+00 -1.263773e+01
      vertex   -4.550000e+01 4.430000e+00 -1.263773e+01
    endloop
  endfacet
  facet normal 1.000000e+00 4.873725e-14 -3.080571e-13
    outer loop
      vertex   -4.550000e+01 2.694373e+00 1.195906e+00
      vertex   -4.550000e+01 2.546390e+00 1.472342e+00
      vertex   -4.550000e+01 4.300000e-01 -1.600000e+01
    endloop
  endfacet
  facet normal 1.000000e+00 1.200490e-14 -3.036078e-13
    outer loop
      vertex   -4.550000e+01 4.300000e-01 -1.600000e+01
      vertex   -4.550000e+01 2.546390e+00 1.472342e+00
      vertex   -4.550000e+01 2.455031e+00 1.772973e+00
    endloop
  endfacet
  facet normal 1.000000e+00 -3.213033e-14 -2.985791e-13
    outer loop
      vertex   -4.550000e+01 4.300000e-01 -1.600000e+01
      vertex   -4.550000e+01 2.455031e+00 1.772973e+00
      vertex   -4.550000e+01 2.424182e+00 2.085660e+00
    endloop
  endfacet
  facet normal 1.000000e+00 -1.151775e-15 -3.023754e-13
    outer loop
      vertex   -4.550000e+01 4.300000e-01 1.600000e+01
      vertex   -4.550000e+01 2.454891e+00 9.647639e+00
      vertex   -4.550000e+01 4.300000e-01 2.500000e+01
    endloop
  endfacet
  facet normal 1.000000e+00 -1.763010e-13 -3.254766e-13
    outer loop
      vertex   -4.550000e+01 4.300000e-01 2.500000e+01
      vertex   -4.550000e+01 2.454891e+00 9.647639e+00
      vertex   -4.550000e+01 2.545846e+00 9.947665e+00
    endloop
  endfacet
  facet normal 1.000000e+00 1.790490e-13 -2.755265e-13
    outer loop
      vertex   -4.550000e+01 4.300000e-01 2.500000e+01
      vertex   -4.550000e+01 2.545846e+00 9.947665e+00
      vertex   -4.550000e+01 2.693534e+00 1.022416e+01
    endloop
  endfacet
  facet normal 1.000000e+00 0.000000e+00 -3.029553e-13
    outer loop
      vertex   -4.550000e+01 4.300000e-01 2.500000e+01
      vertex   -4.550000e+01 2.693534e+00 1.022416e+01
      vertex   -4.550000e+01 4.430000e+00 2.500000e+01
    endloop
  endfacet
  facet normal 1.000000e+00 -1.110969e-13 -2.898991e-13
    outer loop
      vertex   -4.550000e+01 4.430000e+00 2.500000e+01
      vertex   -4.550000e+01 2.693534e+00 1.022416e+01
      vertex   -4.550000e+01 2.892338e+00 1.046660e+01
    endloop
  endfacet
  facet normal 1.000000e+00 -4.989613e-14 -2.963742e-13
    outer loop
      vertex   -4.550000e+01 4.430000e+00 2.500000e+01
      vertex   -4.550000e+01 2.892338e+00 1.046660e+01
      vertex   -4.550000e+01 3.134531e+00 1.066557e+01
    endloop
  endfacet
  facet normal 1.000000e+00 1.326702e-15 -3.010035e-13
    outer loop
      vertex   -4.550000e+01 4.430000e+00 2.500000e+01
      vertex   -4.550000e+01 3.134531e+00 1.066557e+01
      vertex   -4.550000e+01 4.430000e+00 2.119947e+01
    endloop
  endfacet
  facet normal 1.000000e+00 6.233565e-14 -3.085064e-13
    outer loop
      vertex   -4.550000e+01 4.430000e+00 2.119947e+01
      vertex   -4.550000e+01 3.134531e+00 1.066557e+01
      vertex   -4.550000e+01 3.410967e+00 1.081355e+01
    endloop
  endfacet
  facet normal 1.000000e+00 -5.145053e-14 -2.973421e-13
    outer loop
      vertex   -4.550000e+01 4.430000e+00 2.119947e+01
      vertex   -4.550000e+01 3.410967e+00 1.081355e+01
      vertex   -4.550000e+01 3.711598e+00 1.090491e+01
    endloop
  endfacet
  facet normal 1.000000e+00 2.989566e-14 -3.030188e-13
    outer loop
      vertex   -4.550000e+01 3.711598e+00 1.090491e+01
      vertex   -4.550000e+01 4.024285e+00 1.093576e+01
      vertex   -4.550000e+01 4.430000e+00 2.119947e+01
    endloop
  endfacet
  facet normal 1.000000e+00 1.551904e-27 -3.018371e-13
    outer loop
      vertex   -4.550000e+01 4.430000e+00 2.119947e+01
      vertex   -4.550000e+01 4.024285e+00 1.093576e+01
      vertex   -4.550000e+01 4.430000e+00 1.093576e+01
    endloop
  endfacet
  facet normal 1.000000e+00 0.000000e+00 -3.010035e-13
    outer loop
      vertex   -4.550000e+01 6.430000e+00 2.119947e+01
      vertex   -4.550000e+01 6.430000e+00 2.500000e+01
      vertex   -4.550000e+01 4.430000e+00 2.119947e+01
    endloop
  endfacet
  facet normal 1.000000e+00 0.000000e+00 -3.010035e-13
    outer loop
      vertex   -4.550000e+01 4.430000e+00 2.119947e+01
      vertex   -4.550000e+01 6.430000e+00 2.500000e+01
      vertex   -4.550000e+01 4.430000e+00 2.500000e+01
    endloop
  endfacet
  facet normal 0.000000e+00 -1.000000e+00 0.000000e+00
    outer loop
      vertex   -4.949999e+01 4.300000e-01 2.500001e+01
      vertex   -4.949999e+01 4.300000e-01 1.600000e+01
      vertex   -4.946593e+01 4.300000e-01 2.463251e+01
    endloop
  endfacet
  facet normal 0.000000e+00 -1.000000e+00 -0.000000e+00
    outer loop
      vertex   -4.946593e+01 4.300000e-01 2.463251e+01
      vertex   -4.949999e+01 4.300000e-01 1.600000e+01
      vertex   -4.946593e+01 4.300000e-01 1.636750e+01
    endloop
  endfacet
  facet normal 0.000000e+00 -1.000000e+00 0.000000e+00
    outer loop
      vertex   -4.946593e+01 4.300000e-01 2.463251e+01
      vertex   -4.946593e+01 4.300000e-01 1.636750e+01
      vertex   -4.936493e+01 4.300000e-01 2.427753e+01
    endloop
  endfacet
  facet normal 0.000000e+00 -1.000000e+00 -0.000000e+00
    outer loop
      vertex   -4.936493e+01 4.300000e-01 2.427753e+01
      vertex   -4.946593e+01 4.300000e-01 1.636750e+01
      vertex   -4.936493e+01 4.300000e-01 1.672248e+01
    endloop
  endfacet
  facet normal 0.000000e+00 -1.000000e+00 0.000000e+00
    outer loop
      vertex   -4.936493e+01 4.300000e-01 2.427753e+01
      vertex   -4.936493e+01 4.300000e-01 1.672248e+01
      vertex   -4.920042e+01 4.300000e-01 2.394715e+01
    endloop
  endfacet
  facet normal 0.000000e+00 -1.000000e+00 -0.000000e+00
    outer loop
      vertex   -4.920042e+01 4.300000e-01 2.394715e+01
      vertex   -4.936493e+01 4.300000e-01 1.672248e+01
      vertex   -4.920042e+01 4.300000e-01 1.705286e+01
    endloop
  endfacet
  facet normal 0.000000e+00 -1.000000e+00 0.000000e+00
    outer loop
      vertex   -4.920042e+01 4.300000e-01 2.394715e+01
      vertex   -4.920042e+01 4.300000e-01 1.705286e+01
      vertex   -4.897801e+01 4.300000e-01 2.365262e+01
    endloop
  endfacet
  facet normal 0.000000e+00 -1.000000e+00 -0.000000e+00
    outer loop
      vertex   -4.897801e+01 4.300000e-01 2.365262e+01
      vertex   -4.920042e+01 4.300000e-01 1.705286e+01
      vertex   -4.897801e+01 4.300000e-01 1.734739e+01
    endloop
  endfacet
  facet normal 0.000000e+00 -1.000000e+00 0.000000e+00
    outer loop
      vertex   -4.897801e+01 4.300000e-01 2.365262e+01
      vertex   -4.897801e+01 4.300000e-01 1.734739e+01
      vertex   -4.870526e+01 4.300000e-01 2.340398e+01
    endloop
  endfacet
  facet normal 0.000000e+00 -1.000000e+00 -0.000000e+00
    outer loop
      vertex   -4.870526e+01 4.300000e-01 2.340398e+01
      vertex   -4.897801e+01 4.300000e-01 1.734739e+01
      vertex   -4.870526e+01 4.300000e-01 1.759603e+01
    endloop
  endfacet
  facet normal 0.000000e+00 -1.000000e+00 0.000000e+00
    outer loop
      vertex   -4.870526e+01 4.300000e-01 2.340398e+01
      vertex   -4.870526e+01 4.300000e-01 1.759603e+01
      vertex   -4.839147e+01 4.300000e-01 2.320969e+01
    endloop
  endfacet
  facet normal 0.000000e+00 -1.000000e+00 -0.000000e+00
    outer loop
      vertex   -4.839147e+01 4.300000e-01 2.320969e+01
      vertex   -4.870526e+01 4.300000e-01 1.759603e+01
      vertex   -4.839147e+01 4.300000e-01 1.779032e+01
    endloop
  endfacet
  facet normal 0.000000e+00 -1.000000e+00 0.000000e+00
    outer loop
      vertex   -4.839147e+01 4.300000e-01 2.320969e+01
      vertex   -4.839147e+01 4.300000e-01 1.779032e+01
      vertex   -4.804732e+01 4.300000e-01 2.307636e+01
    endloop
  endfacet
  facet normal 0.000000e+00 -1.000000e+00 -0.000000e+00
    outer loop
      vertex   -4.804732e+01 4.300000e-01 2.307636e+01
      vertex   -4.839147e+01 4.300000e-01 1.779032e+01
      vertex   -4.804732e+01 4.300000e-01 1.792365e+01
    endloop
  endfacet
  facet normal 0.000000e+00 -1.000000e+00 0.000000e+00
    outer loop
      vertex   -4.804732e+01 4.300000e-01 2.307636e+01
      vertex   -4.804732e+01 4.300000e-01 1.792365e+01
      vertex   -4.768453e+01 4.300000e-01 2.300855e+01
    endloop
  endfacet
  facet normal 0.000000e+00 -1.000000e+00 -0.000000e+00
    outer loop
      vertex   -4.768453e+01 4.300000e-01 2.300855e+01
      vertex   -4.804732e+01 4.300000e-01 1.792365e+01
      vertex   -4.768453e+01 4.300000e-01 1.799146e+01
    endloop
  endfacet
  facet normal 0.000000e+00 -1.000000e+00 0.000000e+00
    outer loop
      vertex   -4.768453e+01 4.300000e-01 2.300855e+01
      vertex   -4.768453e+01 4.300000e-01 1.799146e+01
      vertex   -4.731546e+01 4.300000e-01 2.300855e+01
    endloop
  endfacet
  facet normal 0.000000e+00 -1.000000e+00 -0.000000e+00
    outer loop
      vertex   -4.731546e+01 4.300000e-01 2.300855e+01
      vertex   -4.768453e+01 4.300000e-01 1.799146e+01
      vertex   -4.731546e+01 4.300000e-01 1.799146e+01
    endloop
  endfacet
  facet normal 0.000000e+00 -1.000000e+00 0.000000e+00
    outer loop
      vertex   -4.731546e+01 4.300000e-01 2.300855e+01
      vertex   -4.731546e+01 4.300000e-01 1.799146e+01
      vertex   -4.695267e+01 4.300000e-01 2.307636e+01
    endloop
  endfacet
  facet normal 0.000000e+00 -1.000000e+00 -0.000000e+00
    outer loop
      vertex   -4.695267e+01 4.300000e-01 2.307636e+01
      vertex   -4.731546e+01 4.300000e-01 1.799146e+01
      vertex   -4.695267e+01 4.300000e-01 1.792365e+01
    endloop
  endfacet
  facet normal 0.000000e+00 -1.000000e+00 0.000000e+00
    outer loop
      vertex   -4.695267e+01 4.300000e-01 2.307636e+01
      vertex   -4.695267e+01 4.300000e-01 1.792365e+01
      vertex   -4.660852e+01 4.300000e-01 2.320968e+01
    endloop
  endfacet
  facet normal 0.000000e+00 -1.000000e+00 -0.000000e+00
    outer loop
      vertex   -4.660852e+01 4.300000e-01 2.320968e+01
      vertex   -4.695267e+01 4.300000e-01 1.792365e+01
      vertex   -4.660852e+01 4.300000e-01 1.779032e+01
    endloop
  endfacet
  facet normal 0.000000e+00 -1.000000e+00 0.000000e+00
    outer loop
      vertex   -4.660852e+01 4.300000e-01 2.320968e+01
      vertex   -4.660852e+01 4.300000e-01 1.779032e+01
      vertex   -4.629473e+01 4.300000e-01 2.340398e+01
    endloop
  endfacet
  facet normal 0.000000e+00 -1.000000e+00 -0.000000e+00
    outer loop
      vertex   -4.629473e+01 4.300000e-01 2.340398e+01
      vertex   -4.660852e+01 4.300000e-01 1.779032e+01
      vertex   -4.629473e+01 4.300000e-01 1.759603e+01
    endloop
  endfacet
  facet normal 0.000000e+00 -1.000000e+00 0.000000e+00
    outer loop
      vertex   -4.629473e+01 4.300000e-01 2.340398e+01
      vertex   -4.629473e+01 4.300000e-01 1.759603e+01
      vertex   -4.602199e+01 4.300000e-01 2.365262e+01
    endloop
  endfacet
  facet normal 0.000000e+00 -1.000000e+00 -0.000000e+00
    outer loop
      vertex   -4.602199e+01 4.300000e-01 2.365262e+01
      vertex   -4.629473e+01 4.300000e-01 1.759603e+01
      vertex   -4.602198e+01 4.300000e-01 1.734739e+01
    endloop
  endfacet
  facet normal 0.000000e+00 -1.000000e+00 0.000000e+00
    outer loop
      vertex   -4.602199e+01 4.300000e-01 2.365262e+01
      vertex   -4.602198e+01 4.300000e-01 1.734739e+01
      vertex   -4.579957e+01 4.300000e-01 2.394714e+01
    endloop
  endfacet
  facet normal 0.000000e+00 -1.000000e+00 -0.000000e+00
    outer loop
      vertex   -4.579957e+01 4.300000e-01 2.394714e+01
      vertex   -4.602198e+01 4.300000e-01 1.734739e+01
      vertex   -4.579957e+01 4.300000e-01 1.705286e+01
    endloop
  endfacet
  facet normal 0.000000e+00 -1.000000e+00 0.000000e+00
    outer loop
      vertex   -4.579957e+01 4.300000e-01 2.394714e+01
      vertex   -4.579957e+01 4.300000e-01 1.705286e+01
      vertex   -4.563506e+01 4.300000e-01 2.427752e+01
    endloop
  endfacet
  facet normal 0.000000e+00 -1.000000e+00 -0.000000e+00
    outer loop
      vertex   -4.563506e+01 4.300000e-01 2.427752e+01
      vertex   -4.579957e+01 4.300000e-01 1.705286e+01
      vertex   -4.563506e+01 4.300000e-01 1.672248e+01
    endloop
  endfacet
  facet normal 0.000000e+00 -1.000000e+00 0.000000e+00
    outer loop
      vertex   -4.563506e+01 4.300000e-01 2.427752e+01
      vertex   -4.563506e+01 4.300000e-01 1.672248e+01
      vertex   -4.553406e+01 4.300000e-01 2.463250e+01
    endloop
  endfacet
  facet normal 0.000000e+00 -1.000000e+00 -0.000000e+00
    outer loop
      vertex   -4.553406e+01 4.300000e-01 2.463250e+01
      vertex   -4.563506e+01 4.300000e-01 1.672248e+01
      vertex   -4.553405e+01 4.300000e-01 1.636750e+01
    endloop
  endfacet
  facet normal 0.000000e+00 -1.000000e+00 0.000000e+00
    outer loop
      vertex   -4.553406e+01 4.300000e-01 2.463250e+01
      vertex   -4.553405e+01 4.300000e-01 1.636750e+01
      vertex   -4.550000e+01 4.300000e-01 2.500000e+01
    endloop
  endfacet
  facet normal 0.000000e+00 -1.000000e+00 0.000000e+00
    outer loop
      vertex   -4.550000e+01 4.300000e-01 2.500000e+01
      vertex   -4.553405e+01 4.300000e-01 1.636750e+01
      vertex   -4.550000e+01 4.300000e-01 1.600000e+01
    endloop
  endfacet
  facet normal 0.000000e+00 -1.000000e+00 0.000000e+00
    outer loop
      vertex   -4.550000e+01 4.300000e-01 1.600000e+01
      vertex   -4.553405e+01 4.300000e-01 1.563250e+01
      vertex   -4.550000e+01 4.300000e-01 -1.600000e+01
    endloop
  endfacet
  facet normal 0.000000e+00 -1.000000e+00 0.000000e+00
    outer loop
      vertex   -4.550000e+01 4.300000e-01 -1.600000e+01
      vertex   -4.553405e+01 4.300000e-01 1.563250e+01
      vertex   -4.553405e+01 4.300000e-01 -1.563250e+01
    endloop
  endfacet
  facet normal 0.000000e+00 -1.000000e+00 0.000000e+00
    outer loop
      vertex   -4.553405e+01 4.300000e-01 -1.563250e+01
      vertex   -4.553405e+01 4.300000e-01 1.563250e+01
      vertex   -4.563506e+01 4.300000e-01 1.527752e+01
    endloop
  endfacet
  facet normal 0.000000e+00 -1.000000e+00 0.000000e+00
    outer loop
      vertex   -4.553405e+01 4.300000e-01 -1.563250e+01
      vertex   -4.563506e+01 4.300000e-01 1.527752e+01
      vertex   -4.563506e+01 4.300000e-01 -1.527752e+01
    endloop
  endfacet
  facet normal 0.000000e+00 -1.000000e+00 0.000000e+00
    outer loop
      vertex   -4.563506e+01 4.300000e-01 -1.527752e+01
      vertex   -4.563506e+01 4.300000e-01 1.527752e+01
      vertex   -4.579957e+01 4.300000e-01 1.494714e+01
    endloop
  endfacet
  facet normal 0.000000e+00 -1.000000e+00 0.000000e+00
    outer loop
      vertex   -4.563506e+01 4.300000e-01 -1.527752e+01
      vertex   -4.579957e+01 4.300000e-01 1.494714e+01
      vertex   -4.579957e+01 4.300000e-01 -1.494714e+01
    endloop
  endfacet
  facet normal 0.000000e+00 -1.000000e+00 0.000000e+00
    outer loop
      vertex   -4.579957e+01 4.300000e-01 -1.494714e+01
      vertex   -4.579957e+01 4.300000e-01 1.494714e+01
      vertex   -4.602198e+01 4.300000e-01 1.465261e+01
    endloop
  endfacet
  facet normal 0.000000e+00 -1.000000e+00 0.000000e+00
    outer loop
      vertex   -4.579957e+01 4.300000e-01 -1.494714e+01
      vertex   -4.602198e+01 4.300000e-01 1.465261e+01
      vertex   -4.602198e+01 4.300000e-01 -1.465261e+01
    endloop
  endfacet
  facet normal 0.000000e+00 -1.000000e+00 0.000000e+00
    outer loop
      vertex   -4.602198e+01 4.300000e-01 -1.465261e+01
      vertex   -4.602198e+01 4.300000e-01 1.465261e+01
      vertex   -4.629473e+01 4.300000e-01 1.440397e+01
    endloop
  endfacet
  facet normal 0.000000e+00 -1.000000e+00 0.000000e+00
    outer loop
      vertex   -4.602198e+01 4.300000e-01 -1.465261e+01
      vertex   -4.629473e+01 4.300000e-01 1.440397e+01
      vertex   -4.629473e+01 4.300000e-01 -1.440397e+01
    endloop
  endfacet
  facet normal 0.000000e+00 -1.000000e+00 0.000000e+00
    outer loop
      vertex   -4.629473e+01 4.300000e-01 -1.440397e+01
      vertex   -4.629473e+01 4.300000e-01 1.440397e+01
      vertex   -4.660852e+01 4.300000e-01 1.420968e+01
    endloop
  endfacet
  facet normal 0.000000e+00 -1.000000e+00 0.000000e+00
    outer loop
      vertex   -4.629473e+01 4.300000e-01 -1.440397e+01
      vertex   -4.660852e+01 4.300000e-01 1.420968e+01
      vertex   -4.660852e+01 4.300000e-01 -1.420968e+01
    endloop
  endfacet
  facet normal 0.000000e+00 -1.000000e+00 0.000000e+00
    outer loop
      vertex   -4.660852e+01 4.300000e-01 -1.420968e+01
      vertex   -4.660852e+01 4.300000e-01 1.420968e+01
      vertex   -4.695267e+01 4.300000e-01 1.407635e+01
    endloop
  endfacet
  facet normal 0.000000e+00 -1.000000e+00 0.000000e+00
    outer loop
      vertex   -4.660852e+01 4.300000e-01 -1.420968e+01
      vertex   -4.695267e+01 4.300000e-01 1.407635e+01
      vertex   -4.695267e+01 4.300000e-01 -1.407636e+01
    endloop
  endfacet
  facet normal 0.000000e+00 -1.000000e+00 0.000000e+00
    outer loop
      vertex   -4.695267e+01 4.300000e-01 -1.407636e+01
      vertex   -4.695267e+01 4.300000e-01 1.407635e+01
      vertex   -4.731546e+01 4.300000e-01 1.400854e+01
    endloop
  endfacet
  facet normal 0.000000e+00 -1.000000e+00 0.000000e+00
    outer loop
      vertex   -4.695267e+01 4.300000e-01 -1.407636e+01
      vertex   -4.731546e+01 4.300000e-01 1.400854e+01
      vertex   -4.731546e+01 4.300000e-01 -1.400854e+01
    endloop
  endfacet
  facet normal 0.000000e+00 -1.000000e+00 0.000000e+00
    outer loop
      vertex   -4.731546e+01 4.300000e-01 -1.400854e+01
      vertex   -4.731546e+01 4.300000e-01 1.400854e+01
      vertex   -4.768453e+01 4.300000e-01 1.400854e+01
    endloop
  endfacet
  facet normal 0.000000e+00 -1.000000e+00 0.000000e+00
    outer loop
      vertex   -4.731546e+01 4.300000e-01 -1.400854e+01
      vertex   -4.768453e+01 4.300000e-01 1.400854e+01
      vertex   -4.768453e+01 4.300000e-01 -1.400854e+01
    endloop
  endfacet
  facet normal -0.000000e+00 -1.000000e+00 0.000000e+00
    outer loop
      vertex   -4.768453e+01 4.300000e-01 -1.400854e+01
      vertex   -4.768453e+01 4.300000e-01 1.400854e+01
      vertex   -4.804732e+01 4.300000e-01 -1.407636e+01
    endloop
  endfacet
  facet normal 0.000000e+00 -1.000000e+00 0.000000e+00
    outer loop
      vertex   -4.804732e+01 4.300000e-01 -1.407636e+01
      vertex   -4.768453e+01 4.300000e-01 1.400854e+01
      vertex   -4.804732e+01 4.300000e-01 1.407635e+01
    endloop
  endfacet
  facet normal -0.000000e+00 -1.000000e+00 0.000000e+00
    outer loop
      vertex   -4.804732e+01 4.300000e-01 -1.407636e+01
      vertex   -4.804732e+01 4.300000e-01 1.407635e+01
      vertex   -4.839147e+01 4.300000e-01 -1.420968e+01
    endloop
  endfacet
  facet normal 0.000000e+00 -1.000000e+00 0.000000e+00
    outer loop
      vertex   -4.839147e+01 4.300000e-01 -1.420968e+01
      vertex   -4.804732e+01 4.300000e-01 1.407635e+01
      vertex   -4.839147e+01 4.300000e-01 1.420968e+01
    endloop
  endfacet
  facet normal -0.000000e+00 -1.000000e+00 0.000000e+00
    outer loop
      vertex   -4.839147e+01 4.300000e-01 -1.420968e+01
      vertex   -4.839147e+01 4.300000e-01 1.420968e+01
      vertex   -4.870526e+01 4.300000e-01 -1.440397e+01
    endloop
  endfacet
  facet normal 0.000000e+00 -1.000000e+00 0.000000e+00
    outer loop
      vertex   -4.870526e+01 4.300000e-01 -1.440397e+01
      vertex   -4.839147e+01 4.300000e-01 1.420968e+01
      vertex   -4.870526e+01 4.300000e-01 1.440397e+01
    endloop
  endfacet
  facet normal -0.000000e+00 -1.000000e+00 0.000000e+00
    outer loop
      vertex   -4.870526e+01 4.300000e-01 -1.440397e+01
      vertex   -4.870526e+01 4.300000e-01 1.440397e+01
      vertex   -4.897801e+01 4.300000e-01 -1.465261e+01
    endloop
  endfacet
  facet normal 0.000000e+00 -1.000000e+00 0.000000e+00
    outer loop
      vertex   -4.897801e+01 4.300000e-01 -1.465261e+01
      vertex   -4.870526e+01 4.300000e-01 1.440397e+01
      vertex   -4.897801e+01 4.300000e-01 1.465261e+01
    endloop
  endfacet
  facet normal -0.000000e+00 -1.000000e+00 0.000000e+00
    outer loop
      vertex   -4.897801e+01 4.300000e-01 -1.465261e+01
      vertex   -4.897801e+01 4.300000e-01 1.465261e+01
      vertex   -4.920042e+01 4.300000e-01 -1.494714e+01
    endloop
  endfacet
  facet normal 0.000000e+00 -1.000000e+00 0.000000e+00
    outer loop
      vertex   -4.920042e+01 4.300000e-01 -1.494714e+01
      vertex   -4.897801e+01 4.300000e-01 1.465261e+01
      vertex   -4.920042e+01 4.300000e-01 1.494714e+01
    endloop
  endfacet
  facet normal -0.000000e+00 -1.000000e+00 0.000000e+00
    outer loop
      vertex   -4.920042e+01 4.300000e-01 -1.494714e+01
      vertex   -4.920042e+01 4.300000e-01 1.494714e+01
      vertex   -4.936493e+01 4.300000e-01 -1.527752e+01
    endloop
  endfacet
  facet normal 0.000000e+00 -1.000000e+00 0.000000e+00
    outer loop
      vertex   -4.936493e+01 4.300000e-01 -1.527752e+01
      vertex   -4.920042e+01 4.300000e-01 1.494714e+01
      vertex   -4.936493e+01 4.300000e-01 1.527752e+01
    endloop
  endfacet
  facet normal -0.000000e+00 -1.000000e+00 0.000000e+00
    outer loop
      vertex   -4.936493e+01 4.300000e-01 -1.527752e+01
      vertex   -4.936493e+01 4.300000e-01 1.527752e+01
      vertex   -4.946593e+01 4.300000e-01 -1.563250e+01
    endloop
  endfacet
  facet normal 0.000000e+00 -1.000000e+00 0.000000e+00
    outer loop
      vertex   -4.946593e+01 4.300000e-01 -1.563250e+01
      vertex   -4.936493e+01 4.300000e-01 1.527752e+01
      vertex   -4.946593e+01 4.300000e-01 1.563250e+01
    endloop
  endfacet
  facet normal -0.000000e+00 -1.000000e+00 0.000000e+00
    outer loop
      vertex   -4.946593e+01 4.300000e-01 -1.563250e+01
      vertex   -4.946593e+01 4.300000e-01 1.563250e+01
      vertex   -4.949999e+01 4.300000e-01 -1.600000e+01
    endloop
  endfacet
  facet normal 0.000000e+00 -1.000000e+00 0.000000e+00
    outer loop
      vertex   -4.949999e+01 4.300000e-01 -1.600000e+01
      vertex   -4.946593e+01 4.300000e-01 1.563250e+01
      vertex   -4.949999e+01 4.300000e-01 1.600000e+01
    endloop
  endfacet
  facet normal -9.957342e-01 -7.140941e-15 9.226836e-02
    outer loop
      vertex   -4.946593e+01 -6.670000e+00 -1.563250e+01
      vertex   -4.946593e+01 4.300000e-01 -1.563250e+01
      vertex   -4.949999e+01 -6.670000e+00 -1.600000e+01
    endloop
  endfacet
  facet normal -9.957342e-01 7.848806e-15 9.226836e-02
    outer loop
      vertex   -4.949999e+01 -6.670000e+00 -1.600000e+01
      vertex   -4.946593e+01 4.300000e-01 -1.563250e+01
      vertex   -4.949999e+01 4.300000e-01 -1.600000e+01
    endloop
  endfacet
  facet normal -9.957342e-01 -7.848806e-15 -9.226836e-02
    outer loop
      vertex   -4.949999e+01 -6.670000e+00 -1.600000e+01
      vertex   -4.949999e+01 4.300000e-01 -1.600000e+01
      vertex   -4.946593e+01 -6.670000e+00 -1.636750e+01
    endloop
  endfacet
  facet normal -9.957342e-01 7.117857e-15 -9.226836e-02
    outer loop
      vertex   -4.946593e+01 -6.670000e+00 -1.636750e+01
      vertex   -4.949999e+01 4.300000e-01 -1.600000e+01
      vertex   -4.946593e+01 4.300000e-01 -1.636750e+01
    endloop
  endfacet
  facet normal -9.618256e-01 -6.790689e-15 -2.736630e-01
    outer loop
      vertex   -4.946593e+01 -6.670000e+00 -1.636750e+01
      vertex   -4.946593e+01 4.300000e-01 -1.636750e+01
      vertex   -4.936493e+01 -6.670000e+00 -1.672248e+01
    endloop
  endfacet
  facet normal -9.618256e-01 5.569633e-15 -2.736630e-01
    outer loop
      vertex   -4.936493e+01 -6.670000e+00 -1.672248e+01
      vertex   -4.946593e+01 4.300000e-01 -1.636750e+01
      vertex   -4.936493e+01 4.300000e-01 -1.672248e+01
    endloop
  endfacet
  facet normal -8.951633e-01 -6.383291e-15 -4.457384e-01
    outer loop
      vertex   -4.936493e+01 -6.670000e+00 -1.672248e+01
      vertex   -4.936493e+01 4.300000e-01 -1.672248e+01
      vertex   -4.920042e+01 -6.670000e+00 -1.705286e+01
    endloop
  endfacet
  facet normal -8.951633e-01 5.236902e-15 -4.457384e-01
    outer loop
      vertex   -4.920042e+01 -6.670000e+00 -1.705286e+01
      vertex   -4.936493e+01 4.300000e-01 -1.672248e+01
      vertex   -4.920042e+01 4.300000e-01 -1.705286e+01
    endloop
  endfacet
  facet normal -7.980172e-01 -4.883741e-15 -6.026346e-01
    outer loop
      vertex   -4.920042e+01 -6.670000e+00 -1.705286e+01
      vertex   -4.920042e+01 4.300000e-01 -1.705286e+01
      vertex   -4.897801e+01 -6.670000e+00 -1.734739e+01
    endloop
  endfacet
  facet normal -7.980172e-01 5.352379e-15 -6.026346e-01
    outer loop
      vertex   -4.897801e+01 -6.670000e+00 -1.734739e+01
      vertex   -4.920042e+01 4.300000e-01 -1.705286e+01
      vertex   -4.897801e+01 4.300000e-01 -1.734739e+01
    endloop
  endfacet
  facet normal -6.736956e-01 -3.200983e-15 -7.390089e-01
    outer loop
      vertex   -4.897801e+01 -6.670000e+00 -1.734739e+01
      vertex   -4.897801e+01 4.300000e-01 -1.734739e+01
      vertex   -4.870526e+01 -6.670000e+00 -1.759603e+01
    endloop
  endfacet
  facet normal -6.736956e-01 3.346847e-15 -7.390089e-01
    outer loop
      vertex   -4.870526e+01 -6.670000e+00 -1.759603e+01
      vertex   -4.897801e+01 4.300000e-01 -1.734739e+01
      vertex   -4.870526e+01 4.300000e-01 -1.759603e+01
    endloop
  endfacet
  facet normal -5.264322e-01 -3.116840e-15 -8.502171e-01
    outer loop
      vertex   -4.870526e+01 -6.670000e+00 -1.759603e+01
      vertex   -4.870526e+01 4.300000e-01 -1.759603e+01
      vertex   -4.839147e+01 -6.670000e+00 -1.779032e+01
    endloop
  endfacet
  facet normal -5.264322e-01 2.757658e-15 -8.502171e-01
    outer loop
      vertex   -4.839147e+01 -6.670000e+00 -1.779032e+01
      vertex   -4.870526e+01 4.300000e-01 -1.759603e+01
      vertex   -4.839147e+01 4.300000e-01 -1.779032e+01
    endloop
  endfacet
  facet normal -3.612417e-01 -1.950126e-15 -9.324722e-01
    outer loop
      vertex   -4.839147e+01 -6.670000e+00 -1.779032e+01
      vertex   -4.839147e+01 4.300000e-01 -1.779032e+01
      vertex   -4.804732e+01 -6.670000e+00 -1.792365e+01
    endloop
  endfacet
  facet normal -3.612417e-01 2.051545e-15 -9.324722e-01
    outer loop
      vertex   -4.804732e+01 -6.670000e+00 -1.792365e+01
      vertex   -4.839147e+01 4.300000e-01 -1.779032e+01
      vertex   -4.804732e+01 4.300000e-01 -1.792365e+01
    endloop
  endfacet
  facet normal -1.837495e-01 -9.926583e-16 -9.829731e-01
    outer loop
      vertex   -4.804732e+01 -6.670000e+00 -1.792365e+01
      vertex   -4.804732e+01 4.300000e-01 -1.792365e+01
      vertex   -4.768453e+01 -6.670000e+00 -1.799146e+01
    endloop
  endfacet
  facet normal -1.837495e-01 6.114776e-16 -9.829731e-01
    outer loop
      vertex   -4.768453e+01 -6.670000e+00 -1.799146e+01
      vertex   -4.804732e+01 4.300000e-01 -1.792365e+01
      vertex   -4.768453e+01 4.300000e-01 -1.799146e+01
    endloop
  endfacet
  facet normal 0.000000e+00 -5.003822e-16 -1.000000e+00
    outer loop
      vertex   -4.768453e+01 -6.670000e+00 -1.799146e+01
      vertex   -4.768453e+01 4.300000e-01 -1.799146e+01
      vertex   -4.731546e+01 -6.670000e+00 -1.799146e+01
    endloop
  endfacet
  facet normal 0.000000e+00 -5.003822e-16 -1.000000e+00
    outer loop
      vertex   -4.731546e+01 -6.670000e+00 -1.799146e+01
      vertex   -4.768453e+01 4.300000e-01 -1.799146e+01
      vertex   -4.731546e+01 4.300000e-01 -1.799146e+01
    endloop
  endfacet
  facet normal 1.837495e-01 4.275876e-16 -9.829731e-01
    outer loop
      vertex   -4.731546e+01 -6.670000e+00 -1.799146e+01
      vertex   -4.731546e+01 4.300000e-01 -1.799146e+01
      vertex   -4.695267e+01 -6.670000e+00 -1.792365e+01
    endloop
  endfacet
  facet normal 1.837495e-01 -1.176548e-15 -9.829731e-01
    outer loop
      vertex   -4.695267e+01 -6.670000e+00 -1.792365e+01
      vertex   -4.731546e+01 4.300000e-01 -1.799146e+01
      vertex   -4.695267e+01 4.300000e-01 -1.792365e+01
    endloop
  endfacet
  facet normal 3.612417e-01 1.690027e-15 -9.324722e-01
    outer loop
      vertex   -4.695267e+01 -6.670000e+00 -1.792365e+01
      vertex   -4.695267e+01 4.300000e-01 -1.792365e+01
      vertex   -4.660852e+01 -6.670000e+00 -1.779032e+01
    endloop
  endfacet
  facet normal 3.612417e-01 -2.311644e-15 -9.324722e-01
    outer loop
      vertex   -4.660852e+01 -6.670000e+00 -1.779032e+01
      vertex   -4.695267e+01 4.300000e-01 -1.792365e+01
      vertex   -4.660852e+01 4.300000e-01 -1.779032e+01
    endloop
  endfacet
  facet normal 5.264322e-01 2.230823e-15 -8.502171e-01
    outer loop
      vertex   -4.660852e+01 -6.670000e+00 -1.779032e+01
      vertex   -4.660852e+01 4.300000e-01 -1.779032e+01
      vertex   -4.629473e+01 -6.670000e+00 -1.759603e+01
    endloop
  endfacet
  facet normal 5.264322e-01 -3.116840e-15 -8.502171e-01
    outer loop
      vertex   -4.629473e+01 -6.670000e+00 -1.759603e+01
      vertex   -4.660852e+01 4.300000e-01 -1.779032e+01
      vertex   -4.629473e+01 4.300000e-01 -1.759603e+01
    endloop
  endfacet
  facet normal 6.736956e-01 3.346847e-15 -7.390089e-01
    outer loop
      vertex   -4.629473e+01 -6.670000e+00 -1.759603e+01
      vertex   -4.629473e+01 4.300000e-01 -1.759603e+01
      vertex   -4.602198e+01 -6.670000e+00 -1.734739e+01
    endloop
  endfacet
  facet normal 6.736956e-01 -3.875194e-15 -7.390089e-01
    outer loop
      vertex   -4.602198e+01 -6.670000e+00 -1.734739e+01
      vertex   -4.629473e+01 4.300000e-01 -1.759603e+01
      vertex   -4.602198e+01 4.300000e-01 -1.734739e+01
    endloop
  endfacet
  facet normal 7.980172e-01 4.553752e-15 -6.026346e-01
    outer loop
      vertex   -4.602198e+01 -6.670000e+00 -1.734739e+01
      vertex   -4.602198e+01 4.300000e-01 -1.734739e+01
      vertex   -4.579957e+01 -6.670000e+00 -1.705286e+01
    endloop
  endfacet
  facet normal 7.980172e-01 -5.185289e-15 -6.026346e-01
    outer loop
      vertex   -4.579957e+01 -6.670000e+00 -1.705286e+01
      vertex   -4.602198e+01 4.300000e-01 -1.734739e+01
      vertex   -4.579957e+01 4.300000e-01 -1.705286e+01
    endloop
  endfacet
  facet normal 8.951633e-01 5.013862e-15 -4.457384e-01
    outer loop
      vertex   -4.579957e+01 -6.670000e+00 -1.705286e+01
      vertex   -4.579957e+01 4.300000e-01 -1.705286e+01
      vertex   -4.563506e+01 -6.670000e+00 -1.672248e+01
    endloop
  endfacet
  facet normal 8.951633e-01 -5.487443e-15 -4.457384e-01
    outer loop
      vertex   -4.563506e+01 -6.670000e+00 -1.672248e+01
      vertex   -4.579957e+01 4.300000e-01 -1.705286e+01
      vertex   -4.563506e+01 4.300000e-01 -1.672248e+01
    endloop
  endfacet
  facet normal 9.618256e-01 6.532194e-15 -2.736630e-01
    outer loop
      vertex   -4.563506e+01 -6.670000e+00 -1.672248e+01
      vertex   -4.563506e+01 4.300000e-01 -1.672248e+01
      vertex   -4.553405e+01 -6.670000e+00 -1.636750e+01
    endloop
  endfacet
  facet normal 9.618256e-01 -6.790689e-15 -2.736630e-01
    outer loop
      vertex   -4.553405e+01 -6.670000e+00 -1.636750e+01
      vertex   -4.563506e+01 4.300000e-01 -1.672248e+01
      vertex   -4.553405e+01 4.300000e-01 -1.636750e+01
    endloop
  endfacet
  facet normal 9.957342e-01 7.117857e-15 -9.226836e-02
    outer loop
      vertex   -4.553405e+01 -6.670000e+00 -1.636750e+01
      vertex   -4.553405e+01 4.300000e-01 -1.636750e+01
      vertex   -4.550000e+01 -6.670000e+00 -1.600000e+01
    endloop
  endfacet
  facet normal 9.957342e-01 -7.848806e-15 -9.226836e-02
    outer loop
      vertex   -4.550000e+01 -6.670000e+00 -1.600000e+01
      vertex   -4.553405e+01 4.300000e-01 -1.636750e+01
      vertex   -4.550000e+01 4.300000e-01 -1.600000e+01
    endloop
  endfacet
  facet normal 9.957342e-01 7.848806e-15 9.226836e-02
    outer loop
      vertex   -4.550000e+01 -6.670000e+00 -1.600000e+01
      vertex   -4.550000e+01 4.300000e-01 -1.600000e+01
      vertex   -4.553405e+01 -6.670000e+00 -1.563250e+01
    endloop
  endfacet
  facet normal 9.957342e-01 -6.144446e-15 9.226836e-02
    outer loop
      vertex   -4.553405e+01 -6.670000e+00 -1.563250e+01
      vertex   -4.550000e+01 4.300000e-01 -1.600000e+01
      vertex   -4.553405e+01 4.300000e-01 -1.563250e+01
    endloop
  endfacet
  facet normal 9.618256e-01 7.684782e-15 2.736630e-01
    outer loop
      vertex   -4.553405e+01 -6.670000e+00 -1.563250e+01
      vertex   -4.553405e+01 4.300000e-01 -1.563250e+01
      vertex   -4.563506e+01 -6.670000e+00 -1.527752e+01
    endloop
  endfacet
  facet normal 9.618256e-01 -6.463726e-15 2.736630e-01
    outer loop
      vertex   -4.563506e+01 -6.670000e+00 -1.527752e+01
      vertex   -4.553405e+01 4.300000e-01 -1.563250e+01
      vertex   -4.563506e+01 4.300000e-01 -1.527752e+01
    endloop
  endfacet
  facet normal 8.951633e-01 5.598963e-15 4.457384e-01
    outer loop
      vertex   -4.563506e+01 -6.670000e+00 -1.527752e+01
      vertex   -4.563506e+01 4.300000e-01 -1.527752e+01
      vertex   -4.579957e+01 -6.670000e+00 -1.494714e+01
    endloop
  endfacet
  facet normal 8.951633e-01 -5.013862e-15 4.457384e-01
    outer loop
      vertex   -4.579957e+01 -6.670000e+00 -1.494714e+01
      vertex   -4.563506e+01 4.300000e-01 -1.527752e+01
      vertex   -4.579957e+01 4.300000e-01 -1.494714e+01
    endloop
  endfacet
  facet normal 7.980172e-01 5.185289e-15 6.026346e-01
    outer loop
      vertex   -4.579957e+01 -6.670000e+00 -1.494714e+01
      vertex   -4.579957e+01 4.300000e-01 -1.494714e+01
      vertex   -4.602198e+01 -6.670000e+00 -1.465261e+01
    endloop
  endfacet
  facet normal 7.980172e-01 -3.755125e-15 6.026346e-01
    outer loop
      vertex   -4.602198e+01 -6.670000e+00 -1.465261e+01
      vertex   -4.579957e+01 4.300000e-01 -1.494714e+01
      vertex   -4.602198e+01 4.300000e-01 -1.465261e+01
    endloop
  endfacet
  facet normal 6.736956e-01 4.549404e-15 7.390089e-01
    outer loop
      vertex   -4.602198e+01 -6.670000e+00 -1.465261e+01
      vertex   -4.602198e+01 4.300000e-01 -1.465261e+01
      vertex   -4.629473e+01 -6.670000e+00 -1.440397e+01
    endloop
  endfacet
  facet normal 6.736956e-01 -3.161954e-15 7.390089e-01
    outer loop
      vertex   -4.629473e+01 -6.670000e+00 -1.440397e+01
      vertex   -4.602198e+01 4.300000e-01 -1.465261e+01
      vertex   -4.629473e+01 4.300000e-01 -1.440397e+01
    endloop
  endfacet
  facet normal 5.264322e-01 3.329557e-15 8.502171e-01
    outer loop
      vertex   -4.629473e+01 -6.670000e+00 -1.440397e+01
      vertex   -4.629473e+01 4.300000e-01 -1.440397e+01
      vertex   -4.660852e+01 -6.670000e+00 -1.420968e+01
    endloop
  endfacet
  facet normal 5.264322e-01 -1.491272e-15 8.502171e-01
    outer loop
      vertex   -4.660852e+01 -6.670000e+00 -1.420968e+01
      vertex   -4.629473e+01 4.300000e-01 -1.440397e+01
      vertex   -4.660852e+01 4.300000e-01 -1.420968e+01
    endloop
  endfacet
  facet normal 3.612417e-01 2.906458e-15 9.324722e-01
    outer loop
      vertex   -4.660852e+01 -6.670000e+00 -1.420968e+01
      vertex   -4.660852e+01 4.300000e-01 -1.420968e+01
      vertex   -4.695267e+01 -6.670000e+00 -1.407636e+01
    endloop
  endfacet
  facet normal 3.612417e-01 -1.456731e-15 9.324722e-01
    outer loop
      vertex   -4.695267e+01 -6.670000e+00 -1.407636e+01
      vertex   -4.660852e+01 4.300000e-01 -1.420968e+01
      vertex   -4.695267e+01 4.300000e-01 -1.407636e+01
    endloop
  endfacet
  facet normal 1.837495e-01 1.422479e-15 9.829731e-01
    outer loop
      vertex   -4.695267e+01 -6.670000e+00 -1.407636e+01
      vertex   -4.695267e+01 4.300000e-01 -1.407636e+01
      vertex   -4.731546e+01 -6.670000e+00 -1.400854e+01
    endloop
  endfacet
  facet normal 1.837495e-01 -6.735188e-16 9.829731e-01
    outer loop
      vertex   -4.731546e+01 -6.670000e+00 -1.400854e+01
      vertex   -4.695267e+01 4.300000e-01 -1.407636e+01
      vertex   -4.731546e+01 4.300000e-01 -1.400854e+01
    endloop
  endfacet
  facet normal 0.000000e+00 2.501911e-16 1.000000e+00
    outer loop
      vertex   -4.731546e+01 -6.670000e+00 -1.400854e+01
      vertex   -4.731546e+01 4.300000e-01 -1.400854e+01
      vertex   -4.768453e+01 -6.670000e+00 -1.400854e+01
    endloop
  endfacet
  facet normal 0.000000e+00 2.501911e-16 1.000000e+00
    outer loop
      vertex   -4.768453e+01 -6.670000e+00 -1.400854e+01
      vertex   -4.731546e+01 4.300000e-01 -1.400854e+01
      vertex   -4.768453e+01 4.300000e-01 -1.400854e+01
    endloop
  endfacet
  facet normal -1.837495e-01 -4.896288e-16 9.829731e-01
    outer loop
      vertex   -4.768453e+01 -6.670000e+00 -1.400854e+01
      vertex   -4.768453e+01 4.300000e-01 -1.400854e+01
      vertex   -4.804732e+01 -6.670000e+00 -1.407636e+01
    endloop
  endfacet
  facet normal -1.837495e-01 1.790259e-15 9.829731e-01
    outer loop
      vertex   -4.804732e+01 -6.670000e+00 -1.407636e+01
      vertex   -4.768453e+01 4.300000e-01 -1.400854e+01
      vertex   -4.804732e+01 4.300000e-01 -1.407636e+01
    endloop
  endfacet
  facet normal -3.612417e-01 -7.336951e-16 9.324722e-01
    outer loop
      vertex   -4.804732e+01 -6.670000e+00 -1.407636e+01
      vertex   -4.804732e+01 4.300000e-01 -1.407636e+01
      vertex   -4.839147e+01 -6.670000e+00 -1.420968e+01
    endloop
  endfacet
  facet normal -3.612417e-01 2.906458e-15 9.324722e-01
    outer loop
      vertex   -4.839147e+01 -6.670000e+00 -1.420968e+01
      vertex   -4.804732e+01 4.300000e-01 -1.407636e+01
      vertex   -4.839147e+01 4.300000e-01 -1.420968e+01
    endloop
  endfacet
  facet normal -5.264322e-01 -1.491272e-15 8.502171e-01
    outer loop
      vertex   -4.839147e+01 -6.670000e+00 -1.420968e+01
      vertex   -4.839147e+01 4.300000e-01 -1.420968e+01
      vertex   -4.870526e+01 -6.670000e+00 -1.440397e+01
    endloop
  endfacet
  facet normal -5.264322e-01 2.802722e-15 8.502171e-01
    outer loop
      vertex   -4.870526e+01 -6.670000e+00 -1.440397e+01
      vertex   -4.839147e+01 4.300000e-01 -1.420968e+01
      vertex   -4.870526e+01 4.300000e-01 -1.440397e+01
    endloop
  endfacet
  facet normal -6.736956e-01 -3.836164e-15 7.390089e-01
    outer loop
      vertex   -4.870526e+01 -6.670000e+00 -1.440397e+01
      vertex   -4.870526e+01 4.300000e-01 -1.440397e+01
      vertex   -4.897801e+01 -6.670000e+00 -1.465261e+01
    endloop
  endfacet
  facet normal -6.736956e-01 4.549404e-15 7.390089e-01
    outer loop
      vertex   -4.897801e+01 -6.670000e+00 -1.465261e+01
      vertex   -4.870526e+01 4.300000e-01 -1.440397e+01
      vertex   -4.897801e+01 4.300000e-01 -1.465261e+01
    endloop
  endfacet
  facet normal -7.980172e-01 -3.755125e-15 6.026346e-01
    outer loop
      vertex   -4.897801e+01 -6.670000e+00 -1.465261e+01
      vertex   -4.897801e+01 4.300000e-01 -1.465261e+01
      vertex   -4.920042e+01 -6.670000e+00 -1.494714e+01
    endloop
  endfacet
  facet normal -7.980172e-01 5.983916e-15 6.026346e-01
    outer loop
      vertex   -4.920042e+01 -6.670000e+00 -1.494714e+01
      vertex   -4.897801e+01 4.300000e-01 -1.465261e+01
      vertex   -4.920042e+01 4.300000e-01 -1.494714e+01
    endloop
  endfacet
  facet normal -8.951633e-01 -4.118015e-15 4.457384e-01
    outer loop
      vertex   -4.920042e+01 -6.670000e+00 -1.494714e+01
      vertex   -4.920042e+01 4.300000e-01 -1.494714e+01
      vertex   -4.936493e+01 -6.670000e+00 -1.527752e+01
    endloop
  endfacet
  facet normal -8.951633e-01 5.598963e-15 4.457384e-01
    outer loop
      vertex   -4.936493e+01 -6.670000e+00 -1.527752e+01
      vertex   -4.920042e+01 4.300000e-01 -1.494714e+01
      vertex   -4.936493e+01 4.300000e-01 -1.527752e+01
    endloop
  endfacet
  facet normal -9.618256e-01 -6.463726e-15 2.736630e-01
    outer loop
      vertex   -4.936493e+01 -6.670000e+00 -1.527752e+01
      vertex   -4.936493e+01 4.300000e-01 -1.527752e+01
      vertex   -4.946593e+01 -6.670000e+00 -1.563250e+01
    endloop
  endfacet
  facet normal -9.618256e-01 6.722221e-15 2.736630e-01
    outer loop
      vertex   -4.946593e+01 -6.670000e+00 -1.563250e+01
      vertex   -4.936493e+01 4.300000e-01 -1.527752e+01
      vertex   -4.946593e+01 4.300000e-01 -1.563250e+01
    endloop
  endfacet
  facet normal 0.000000e+00 -1.000000e+00 0.000000e+00
    outer loop
      vertex   -4.550000e+01 4.300000e-01 -1.600000e+01
      vertex   -4.553405e+01 4.300000e-01 -1.636750e+01
      vertex   -4.550000e+01 4.300000e-01 -2.500000e+01
    endloop
  endfacet
  facet normal 0.000000e+00 -1.000000e+00 0.000000e+00
    outer loop
      vertex   -4.550000e+01 4.300000e-01 -2.500000e+01
      vertex   -4.553405e+01 4.300000e-01 -1.636750e+01
      vertex   -4.553405e+01 4.300000e-01 -2.463250e+01
    endloop
  endfacet
  facet normal 0.000000e+00 -1.000000e+00 0.000000e+00
    outer loop
      vertex   -4.553405e+01 4.300000e-01 -2.463250e+01
      vertex   -4.553405e+01 4.300000e-01 -1.636750e+01
      vertex   -4.563506e+01 4.300000e-01 -1.672248e+01
    endloop
  endfacet
  facet normal 0.000000e+00 -1.000000e+00 0.000000e+00
    outer loop
      vertex   -4.553405e+01 4.300000e-01 -2.463250e+01
      vertex   -4.563506e+01 4.300000e-01 -1.672248e+01
      vertex   -4.563506e+01 4.300000e-01 -2.427752e+01
    endloop
  endfacet
  facet normal 0.000000e+00 -1.000000e+00 0.000000e+00
    outer loop
      vertex   -4.563506e+01 4.300000e-01 -2.427752e+01
      vertex   -4.563506e+01 4.300000e-01 -1.672248e+01
      vertex   -4.579957e+01 4.300000e-01 -1.705286e+01
    endloop
  endfacet
  facet normal 0.000000e+00 -1.000000e+00 0.000000e+00
    outer loop
      vertex   -4.563506e+01 4.300000e-01 -2.427752e+01
      vertex   -4.579957e+01 4.300000e-01 -1.705286e+01
      vertex   -4.579957e+01 4.300000e-01 -2.394714e+01
    endloop
  endfacet
  facet normal 0.000000e+00 -1.000000e+00 0.000000e+00
    outer loop
      vertex   -4.579957e+01 4.300000e-01 -2.394714e+01
      vertex   -4.579957e+01 4.300000e-01 -1.705286e+01
      vertex   -4.602198e+01 4.300000e-01 -1.734739e+01
    endloop
  endfacet
  facet normal 0.000000e+00 -1.000000e+00 0.000000e+00
    outer loop
      vertex   -4.579957e+01 4.300000e-01 -2.394714e+01
      vertex   -4.602198e+01 4.300000e-01 -1.734739e+01
      vertex   -4.602198e+01 4.300000e-01 -2.365261e+01
    endloop
  endfacet
  facet normal 0.000000e+00 -1.000000e+00 0.000000e+00
    outer loop
      vertex   -4.602198e+01 4.300000e-01 -2.365261e+01
      vertex   -4.602198e+01 4.300000e-01 -1.734739e+01
      vertex   -4.629473e+01 4.300000e-01 -1.759603e+01
    endloop
  endfacet
  facet normal 0.000000e+00 -1.000000e+00 0.000000e+00
    outer loop
      vertex   -4.602198e+01 4.300000e-01 -2.365261e+01
      vertex   -4.629473e+01 4.300000e-01 -1.759603e+01
      vertex   -4.629473e+01 4.300000e-01 -2.340397e+01
    endloop
  endfacet
  facet normal 0.000000e+00 -1.000000e+00 0.000000e+00
    outer loop
      vertex   -4.629473e+01 4.300000e-01 -2.340397e+01
      vertex   -4.629473e+01 4.300000e-01 -1.759603e+01
      vertex   -4.660852e+01 4.300000e-01 -1.779032e+01
    endloop
  endfacet
  facet normal 0.000000e+00 -1.000000e+00 0.000000e+00
    outer loop
      vertex   -4.629473e+01 4.300000e-01 -2.340397e+01
      vertex   -4.660852e+01 4.300000e-01 -1.779032e+01
      vertex   -4.660852e+01 4.300000e-01 -2.320968e+01
    endloop
  endfacet
  facet normal 0.000000e+00 -1.000000e+00 0.000000e+00
    outer loop
      vertex   -4.660852e+01 4.300000e-01 -2.320968e+01
      vertex   -4.660852e+01 4.300000e-01 -1.779032e+01
      vertex   -4.695267e+01 4.300000e-01 -1.792365e+01
    endloop
  endfacet
  facet normal 0.000000e+00 -1.000000e+00 0.000000e+00
    outer loop
      vertex   -4.660852e+01 4.300000e-01 -2.320968e+01
      vertex   -4.695267e+01 4.300000e-01 -1.792365e+01
      vertex   -4.695267e+01 4.300000e-01 -2.307636e+01
    endloop
  endfacet
  facet normal 0.000000e+00 -1.000000e+00 0.000000e+00
    outer loop
      vertex   -4.695267e+01 4.300000e-01 -2.307636e+01
      vertex   -4.695267e+01 4.300000e-01 -1.792365e+01
      vertex   -4.731546e+01 4.300000e-01 -1.799146e+01
    endloop
  endfacet
  facet normal 0.000000e+00 -1.000000e+00 0.000000e+00
    outer loop
      vertex   -4.695267e+01 4.300000e-01 -2.307636e+01
      vertex   -4.731546e+01 4.300000e-01 -1.799146e+01
      vertex   -4.731546e+01 4.300000e-01 -2.300854e+01
    endloop
  endfacet
  facet normal 0.000000e+00 -1.000000e+00 0.000000e+00
    outer loop
      vertex   -4.731546e+01 4.300000e-01 -2.300854e+01
      vertex   -4.731546e+01 4.300000e-01 -1.799146e+01
      vertex   -4.768453e+01 4.300000e-01 -1.799146e+01
    endloop
  endfacet
  facet normal 0.000000e+00 -1.000000e+00 0.000000e+00
    outer loop
      vertex   -4.731546e+01 4.300000e-01 -2.300854e+01
      vertex   -4.768453e+01 4.300000e-01 -1.799146e+01
      vertex   -4.768453e+01 4.300000e-01 -2.300854e+01
    endloop
  endfacet
  facet normal -0.000000e+00 -1.000000e+00 0.000000e+00
    outer loop
      vertex   -4.768453e+01 4.300000e-01 -2.300854e+01
      vertex   -4.768453e+01 4.300000e-01 -1.799146e+01
      vertex   -4.804732e+01 4.300000e-01 -2.307636e+01
    endloop
  endfacet
  facet normal 0.000000e+00 -1.000000e+00 0.000000e+00
    outer loop
      vertex   -4.804732e+01 4.300000e-01 -2.307636e+01
      vertex   -4.768453e+01 4.300000e-01 -1.799146e+01
      vertex   -4.804732e+01 4.300000e-01 -1.792365e+01
    endloop
  endfacet
  facet normal -0.000000e+00 -1.000000e+00 0.000000e+00
    outer loop
      vertex   -4.804732e+01 4.300000e-01 -2.307636e+01
      vertex   -4.804732e+01 4.300000e-01 -1.792365e+01
      vertex   -4.839147e+01 4.300000e-01 -2.320968e+01
    endloop
  endfacet
  facet normal 0.000000e+00 -1.000000e+00 0.000000e+00
    outer loop
      vertex   -4.839147e+01 4.300000e-01 -2.320968e+01
      vertex   -4.804732e+01 4.300000e-01 -1.792365e+01
      vertex   -4.839147e+01 4.300000e-01 -1.779032e+01
    endloop
  endfacet
  facet normal -0.000000e+00 -1.000000e+00 0.000000e+00
    outer loop
      vertex   -4.839147e+01 4.300000e-01 -2.320968e+01
      vertex   -4.839147e+01 4.300000e-01 -1.779032e+01
      vertex   -4.870526e+01 4.300000e-01 -2.340397e+01
    endloop
  endfacet
  facet normal 0.000000e+00 -1.000000e+00 0.000000e+00
    outer loop
      vertex   -4.870526e+01 4.300000e-01 -2.340397e+01
      vertex   -4.839147e+01 4.300000e-01 -1.779032e+01
      vertex   -4.870526e+01 4.300000e-01 -1.759603e+01
    endloop
  endfacet
  facet normal -0.000000e+00 -1.000000e+00 0.000000e+00
    outer loop
      vertex   -4.870526e+01 4.300000e-01 -2.340397e+01
      vertex   -4.870526e+01 4.300000e-01 -1.759603e+01
      vertex   -4.897801e+01 4.300000e-01 -2.365261e+01
    endloop
  endfacet
  facet normal 0.000000e+00 -1.000000e+00 0.000000e+00
    outer loop
      vertex   -4.897801e+01 4.300000e-01 -2.365261e+01
      vertex   -4.870526e+01 4.300000e-01 -1.759603e+01
      vertex   -4.897801e+01 4.300000e-01 -1.734739e+01
    endloop
  endfacet
  facet normal -0.000000e+00 -1.000000e+00 0.000000e+00
    outer loop
      vertex   -4.897801e+01 4.300000e-01 -2.365261e+01
      vertex   -4.897801e+01 4.300000e-01 -1.734739e+01
      vertex   -4.920042e+01 4.300000e-01 -2.394714e+01
    endloop
  endfacet
  facet normal 0.000000e+00 -1.000000e+00 0.000000e+00
    outer loop
      vertex   -4.920042e+01 4.300000e-01 -2.394714e+01
      vertex   -4.897801e+01 4.300000e-01 -1.734739e+01
      vertex   -4.920042e+01 4.300000e-01 -1.705286e+01
    endloop
  endfacet
  facet normal -0.000000e+00 -1.000000e+00 0.000000e+00
    outer loop
      vertex   -4.920042e+01 4.300000e-01 -2.394714e+01
      vertex   -4.920042e+01 4.300000e-01 -1.705286e+01
      vertex   -4.936493e+01 4.300000e-01 -2.427752e+01
    endloop
  endfacet
  facet normal 0.000000e+00 -1.000000e+00 0.000000e+00
    outer loop
      vertex   -4.936493e+01 4.300000e-01 -2.427752e+01
      vertex   -4.920042e+01 4.300000e-01 -1.705286e+01
      vertex   -4.936493e+01 4.300000e-01 -1.672248e+01
    endloop
  endfacet
  facet normal -0.000000e+00 -1.000000e+00 0.000000e+00
    outer loop
      vertex   -4.936493e+01 4.300000e-01 -2.427752e+01
      vertex   -4.936493e+01 4.300000e-01 -1.672248e+01
      vertex   -4.946593e+01 4.300000e-01 -2.463250e+01
    endloop
  endfacet
  facet normal 0.000000e+00 -1.000000e+00 0.000000e+00
    outer loop
      vertex   -4.946593e+01 4.300000e-01 -2.463250e+01
      vertex   -4.936493e+01 4.300000e-01 -1.672248e+01
      vertex   -4.946593e+01 4.300000e-01 -1.636750e+01
    endloop
  endfacet
  facet normal -0.000000e+00 -1.000000e+00 0.000000e+00
    outer loop
      vertex   -4.946593e+01 4.300000e-01 -2.463250e+01
      vertex   -4.946593e+01 4.300000e-01 -1.636750e+01
      vertex   -4.949999e+01 4.300000e-01 -2.500000e+01
    endloop
  endfacet
  facet normal 0.000000e+00 -1.000000e+00 0.000000e+00
    outer loop
      vertex   -4.949999e+01 4.300000e-01 -2.500000e+01
      vertex   -4.946593e+01 4.300000e-01 -1.636750e+01
      vertex   -4.949999e+01 4.300000e-01 -1.600000e+01
    endloop
  endfacet
  facet normal 4.440906e-16 4.378335e-15 -1.000000e+00
    outer loop
      vertex   -4.550000e+01 4.430000e+00 1.093576e+01
      vertex   -4.550000e+01 4.024285e+00 1.093576e+01
      vertex   -4.949999e+01 4.430000e+00 1.093576e+01
    endloop
  endfacet
  facet normal 0.000000e+00 0.000000e+00 -1.000000e+00
    outer loop
      vertex   -4.949999e+01 4.430000e+00 1.093576e+01
      vertex   -4.550000e+01 4.024285e+00 1.093576e+01
      vertex   -4.949999e+01 4.024285e+00 1.093576e+01
    endloop
  endfacet
  facet normal 0.000000e+00 1.000000e+00 6.125368e-17
    outer loop
      vertex   -4.550000e+01 2.424182e+00 9.335660e+00
      vertex   -4.550000e+01 2.424182e+00 2.085660e+00
      vertex   -4.949999e+01 2.424182e+00 9.335660e+00
    endloop
  endfacet
  facet normal 0.000000e+00 1.000000e+00 6.125368e-17
    outer loop
      vertex   -4.949999e+01 2.424182e+00 9.335660e+00
      vertex   -4.550000e+01 2.424182e+00 2.085660e+00
      vertex   -4.949999e+01 2.424182e+00 2.085660e+00
    endloop
  endfacet
  facet normal 0.000000e+00 9.796058e-02 -9.951903e-01
    outer loop
      vertex   -4.949999e+01 4.024285e+00 1.093576e+01
      vertex   -4.550000e+01 4.024285e+00 1.093576e+01
      vertex   -4.949999e+01 3.712306e+00 1.090505e+01
    endloop
  endfacet
  facet normal -1.749433e-05 9.818273e-02 -9.951684e-01
    outer loop
      vertex   -4.949999e+01 3.712306e+00 1.090505e+01
      vertex   -4.550000e+01 4.024285e+00 1.093576e+01
      vertex   -4.550000e+01 3.711598e+00 1.090491e+01
    endloop
  endfacet
  facet normal 1.779524e-05 2.901200e-01 -9.569903e-01
    outer loop
      vertex   -4.949999e+01 3.712306e+00 1.090505e+01
      vertex   -4.550000e+01 3.711598e+00 1.090491e+01
      vertex   -4.949999e+01 3.412280e+00 1.081410e+01
    endloop
  endfacet
  facet normal -3.471855e-05 2.907626e-01 -9.567952e-01
    outer loop
      vertex   -4.949999e+01 3.412280e+00 1.081410e+01
      vertex   -4.550000e+01 3.711598e+00 1.090491e+01
      vertex   -4.550000e+01 3.410967e+00 1.081355e+01
    endloop
  endfacet
  facet normal 3.463702e-05 4.711447e-01 -8.820560e-01
    outer loop
      vertex   -4.949999e+01 3.412280e+00 1.081410e+01
      vertex   -4.550000e+01 3.410967e+00 1.081355e+01
      vertex   -4.949999e+01 3.135787e+00 1.066641e+01
    endloop
  endfacet
  facet normal -3.682358e-05 4.719524e-01 -8.816240e-01
    outer loop
      vertex   -4.949999e+01 3.135787e+00 1.066641e+01
      vertex   -4.550000e+01 3.410967e+00 1.081355e+01
      vertex   -4.550000e+01 3.134531e+00 1.066557e+01
    endloop
  endfacet
  facet normal 3.682190e-05 6.340830e-01 -7.732650e-01
    outer loop
      vertex   -4.949999e+01 3.135787e+00 1.066641e+01
      vertex   -4.550000e+01 3.134531e+00 1.066557e+01
      vertex   -4.949999e+01 2.893344e+00 1.046761e+01
    endloop
  endfacet
  facet normal -3.465620e-05 6.347913e-01 -7.726836e-01
    outer loop
      vertex   -4.949999e+01 2.893344e+00 1.046761e+01
      vertex   -4.550000e+01 3.134531e+00 1.066557e+01
      vertex   -4.550000e+01 2.892338e+00 1.046660e+01
    endloop
  endfacet
  facet normal 3.465620e-05 7.726836e-01 -6.347913e-01
    outer loop
      vertex   -4.949999e+01 2.893344e+00 1.046761e+01
      vertex   -4.550000e+01 2.892338e+00 1.046660e+01
      vertex   -4.949999e+01 2.694373e+00 1.022541e+01
    endloop
  endfacet
  facet normal -3.682190e-05 7.732650e-01 -6.340830e-01
    outer loop
      vertex   -4.949999e+01 2.694373e+00 1.022541e+01
      vertex   -4.550000e+01 2.892338e+00 1.046660e+01
      vertex   -4.550000e+01 2.693534e+00 1.022416e+01
    endloop
  endfacet
  facet normal 3.682358e-05 8.816240e-01 -4.719524e-01
    outer loop
      vertex   -4.949999e+01 2.694373e+00 1.022541e+01
      vertex   -4.550000e+01 2.693534e+00 1.022416e+01
      vertex   -4.949999e+01 2.546390e+00 9.948977e+00
    endloop
  endfacet
  facet normal -3.463702e-05 8.820560e-01 -4.711447e-01
    outer loop
      vertex   -4.949999e+01 2.546390e+00 9.948977e+00
      vertex   -4.550000e+01 2.693534e+00 1.022416e+01
      vertex   -4.550000e+01 2.545846e+00 9.947665e+00
    endloop
  endfacet
  facet normal 3.471855e-05 9.567952e-01 -2.907626e-01
    outer loop
      vertex   -4.949999e+01 2.546390e+00 9.948977e+00
      vertex   -4.550000e+01 2.545846e+00 9.947665e+00
      vertex   -4.949999e+01 2.455031e+00 9.648347e+00
    endloop
  endfacet
  facet normal -1.779524e-05 9.569903e-01 -2.901200e-01
    outer loop
      vertex   -4.949999e+01 2.455031e+00 9.648347e+00
      vertex   -4.550000e+01 2.545846e+00 9.947665e+00
      vertex   -4.550000e+01 2.454891e+00 9.647639e+00
    endloop
  endfacet
  facet normal 1.749433e-05 9.951684e-01 -9.818273e-02
    outer loop
      vertex   -4.949999e+01 2.455031e+00 9.648347e+00
      vertex   -4.550000e+01 2.454891e+00 9.647639e+00
      vertex   -4.949999e+01 2.424182e+00 9.335660e+00
    endloop
  endfacet
  facet normal 0.000000e+00 9.951903e-01 -9.796058e-02
    outer loop
      vertex   -4.949999e+01 2.424182e+00 9.335660e+00
      vertex   -4.550000e+01 2.454891e+00 9.647639e+00
      vertex   -4.550000e+01 2.424182e+00 9.335660e+00
    endloop
  endfacet
  facet normal 0.000000e+00 -2.873282e-15 1.000000e+00
    outer loop
      vertex   -4.550000e+01 4.024285e+00 4.855568e-01
      vertex   -4.550000e+01 4.430000e+00 4.855568e-01
      vertex   -4.949999e+01 4.024285e+00 4.855568e-01
    endloop
  endfacet
  facet normal 0.000000e+00 -2.873282e-15 1.000000e+00
    outer loop
      vertex   -4.949999e+01 4.024285e+00 4.855568e-01
      vertex   -4.550000e+01 4.430000e+00 4.855568e-01
      vertex   -4.949999e+01 4.430000e+00 4.855568e-01
    endloop
  endfacet
  facet normal -0.000000e+00 9.951903e-01 9.796058e-02
    outer loop
      vertex   -4.949999e+01 2.424182e+00 2.085660e+00
      vertex   -4.550000e+01 2.424182e+00 2.085660e+00
      vertex   -4.949999e+01 2.454891e+00 1.773681e+00
    endloop
  endfacet
  facet normal -1.749433e-05 9.951684e-01 9.818273e-02
    outer loop
      vertex   -4.949999e+01 2.454891e+00 1.773681e+00
      vertex   -4.550000e+01 2.424182e+00 2.085660e+00
      vertex   -4.550000e+01 2.455031e+00 1.772973e+00
    endloop
  endfacet
  facet normal 1.779524e-05 9.569903e-01 2.901200e-01
    outer loop
      vertex   -4.949999e+01 2.454891e+00 1.773681e+00
      vertex   -4.550000e+01 2.455031e+00 1.772973e+00
      vertex   -4.949999e+01 2.545846e+00 1.473655e+00
    endloop
  endfacet
  facet normal -3.471855e-05 9.567952e-01 2.907626e-01
    outer loop
      vertex   -4.949999e+01 2.545846e+00 1.473655e+00
      vertex   -4.550000e+01 2.455031e+00 1.772973e+00
      vertex   -4.550000e+01 2.546390e+00 1.472342e+00
    endloop
  endfacet
  facet normal 3.463702e-05 8.820560e-01 4.711447e-01
    outer loop
      vertex   -4.949999e+01 2.545846e+00 1.473655e+00
      vertex   -4.550000e+01 2.546390e+00 1.472342e+00
      vertex   -4.949999e+01 2.693534e+00 1.197162e+00
    endloop
  endfacet
  facet normal -3.682358e-05 8.816240e-01 4.719524e-01
    outer loop
      vertex   -4.949999e+01 2.693534e+00 1.197162e+00
      vertex   -4.550000e+01 2.546390e+00 1.472342e+00
      vertex   -4.550000e+01 2.694373e+00 1.195906e+00
    endloop
  endfacet
  facet normal 3.682190e-05 7.732650e-01 6.340830e-01
    outer loop
      vertex   -4.949999e+01 2.693534e+00 1.197162e+00
      vertex   -4.550000e+01 2.694373e+00 1.195906e+00
      vertex   -4.949999e+01 2.892338e+00 9.547189e-01
    endloop
  endfacet
  facet normal -3.465620e-05 7.726836e-01 6.347913e-01
    outer loop
      vertex   -4.949999e+01 2.892338e+00 9.547189e-01
      vertex   -4.550000e+01 2.694373e+00 1.195906e+00
      vertex   -4.550000e+01 2.893344e+00 9.537136e-01
    endloop
  endfacet
  facet normal 3.465620e-05 6.347913e-01 7.726836e-01
    outer loop
      vertex   -4.949999e+01 2.892338e+00 9.547189e-01
      vertex   -4.550000e+01 2.893344e+00 9.537136e-01
      vertex   -4.949999e+01 3.134531e+00 7.557481e-01
    endloop
  endfacet
  facet normal -3.682190e-05 6.340830e-01 7.732650e-01
    outer loop
      vertex   -4.949999e+01 3.134531e+00 7.557481e-01
      vertex   -4.550000e+01 2.893344e+00 9.537136e-01
      vertex   -4.550000e+01 3.135787e+00 7.549087e-01
    endloop
  endfacet
  facet normal 3.682358e-05 4.719524e-01 8.816240e-01
    outer loop
      vertex   -4.949999e+01 3.134531e+00 7.557481e-01
      vertex   -4.550000e+01 3.135787e+00 7.549087e-01
      vertex   -4.949999e+01 3.410967e+00 6.077655e-01
    endloop
  endfacet
  facet normal -3.463702e-05 4.711447e-01 8.820560e-01
    outer loop
      vertex   -4.949999e+01 3.410967e+00 6.077655e-01
      vertex   -4.550000e+01 3.135787e+00 7.549087e-01
      vertex   -4.550000e+01 3.412280e+00 6.072215e-01
    endloop
  endfacet
  facet normal 3.471855e-05 2.907626e-01 9.567952e-01
    outer loop
      vertex   -4.949999e+01 3.410967e+00 6.077655e-01
      vertex   -4.550000e+01 3.412280e+00 6.072215e-01
      vertex   -4.949999e+01 3.711598e+00 5.164063e-01
    endloop
  endfacet
  facet normal -1.779524e-05 2.901200e-01 9.569903e-01
    outer loop
      vertex   -4.949999e+01 3.711598e+00 5.164063e-01
      vertex   -4.550000e+01 3.412280e+00 6.072215e-01
      vertex   -4.550000e+01 3.712306e+00 5.162661e-01
    endloop
  endfacet
  facet normal 1.749433e-05 9.818273e-02 9.951684e-01
    outer loop
      vertex   -4.949999e+01 3.711598e+00 5.164063e-01
      vertex   -4.550000e+01 3.712306e+00 5.162661e-01
      vertex   -4.949999e+01 4.024285e+00 4.855568e-01
    endloop
  endfacet
  facet normal -0.000000e+00 9.796058e-02 9.951903e-01
    outer loop
      vertex   -4.949999e+01 4.024285e+00 4.855568e-01
      vertex   -4.550000e+01 3.712306e+00 5.162661e-01
      vertex   -4.550000e+01 4.024285e+00 4.855568e-01
    endloop
  endfacet
  facet normal -0.000000e+00 1.000000e+00 0.000000e+00
    outer loop
      vertex   -4.949999e+01 4.430000e+00 4.855568e-01
      vertex   -4.550000e+01 4.430000e+00 4.855568e-01
      vertex   -4.949999e+01 4.430000e+00 -1.263773e+01
    endloop
  endfacet
  facet normal -0.000000e+00 1.000000e+00 0.000000e+00
    outer loop
      vertex   -4.949999e+01 4.430000e+00 -1.263773e+01
      vertex   -4.550000e+01 4.430000e+00 4.855568e-01
      vertex   -4.550000e+01 4.430000e+00 -1.263773e+01
    endloop
  endfacet
  facet normal 3.019816e-13 -0.000000e+00 1.000000e+00
    outer loop
      vertex   -4.949999e+01 4.430000e+00 -1.263773e+01
      vertex   -4.550000e+01 4.430000e+00 -1.263773e+01
      vertex   -4.949999e+01 6.430000e+00 -1.263773e+01
    endloop
  endfacet
  facet normal 3.019816e-13 0.000000e+00 1.000000e+00
    outer loop
      vertex   -4.949999e+01 6.430000e+00 -1.263773e+01
      vertex   -4.550000e+01 4.430000e+00 -1.263773e+01
      vertex   -4.550000e+01 6.430000e+00 -1.263773e+01
    endloop
  endfacet
  facet normal 9.914449e-01 -0.000000e+00 1.305262e-01
    outer loop
      vertex   -4.832104e+01 4.430000e+00 -2.522000e+01
      vertex   -4.832104e+01 6.430000e+00 -2.522000e+01
      vertex   -4.835000e+01 4.430000e+00 -2.500000e+01
    endloop
  endfacet
  facet normal 9.914449e-01 -0.000000e+00 1.305262e-01
    outer loop
      vertex   -4.835000e+01 4.430000e+00 -2.500000e+01
      vertex   -4.832104e+01 6.430000e+00 -2.522000e+01
      vertex   -4.835000e+01 6.430000e+00 -2.500000e+01
    endloop
  endfacet
  facet normal 9.914449e-01 0.000000e+00 -1.305262e-01
    outer loop
      vertex   -4.835000e+01 4.430000e+00 -2.500000e+01
      vertex   -4.835000e+01 6.430000e+00 -2.500000e+01
      vertex   -4.832104e+01 4.430000e+00 -2.478001e+01
    endloop
  endfacet
  facet normal 9.914449e-01 0.000000e+00 -1.305262e-01
    outer loop
      vertex   -4.832104e+01 4.430000e+00 -2.478001e+01
      vertex   -4.835000e+01 6.430000e+00 -2.500000e+01
      vertex   -4.832104e+01 6.430000e+00 -2.478001e+01
    endloop
  endfacet
  facet normal 9.238795e-01 0.000000e+00 -3.826834e-01
    outer loop
      vertex   -4.832104e+01 4.430000e+00 -2.478001e+01
      vertex   -4.832104e+01 6.430000e+00 -2.478001e+01
      vertex   -4.823612e+01 4.430000e+00 -2.457500e+01
    endloop
  endfacet
  facet normal 9.238795e-01 0.000000e+00 -3.826834e-01
    outer loop
      vertex   -4.823612e+01 4.430000e+00 -2.457500e+01
      vertex   -4.832104e+01 6.430000e+00 -2.478001e+01
      vertex   -4.823612e+01 6.430000e+00 -2.457500e+01
    endloop
  endfacet
  facet normal 7.933533e-01 0.000000e+00 -6.087614e-01
    outer loop
      vertex   -4.823612e+01 4.430000e+00 -2.457500e+01
      vertex   -4.823612e+01 6.430000e+00 -2.457500e+01
      vertex   -4.810104e+01 4.430000e+00 -2.439896e+01
    endloop
  endfacet
  facet normal 7.933533e-01 0.000000e+00 -6.087614e-01
    outer loop
      vertex   -4.810104e+01 4.430000e+00 -2.439896e+01
      vertex   -4.823612e+01 6.430000e+00 -2.457500e+01
      vertex   -4.810104e+01 6.430000e+00 -2.439896e+01
    endloop
  endfacet
  facet normal 6.087614e-01 0.000000e+00 -7.933533e-01
    outer loop
      vertex   -4.810104e+01 4.430000e+00 -2.439896e+01
      vertex   -4.810104e+01 6.430000e+00 -2.439896e+01
      vertex   -4.792500e+01 4.430000e+00 -2.426388e+01
    endloop
  endfacet
  facet normal 6.087614e-01 0.000000e+00 -7.933533e-01
    outer loop
      vertex   -4.792500e+01 4.430000e+00 -2.426388e+01
      vertex   -4.810104e+01 6.430000e+00 -2.439896e+01
      vertex   -4.792500e+01 6.430000e+00 -2.426388e+01
    endloop
  endfacet
  facet normal 3.826834e-01 0.000000e+00 -9.238795e-01
    outer loop
      vertex   -4.792500e+01 4.430000e+00 -2.426388e+01
      vertex   -4.792500e+01 6.430000e+00 -2.426388e+01
      vertex   -4.772000e+01 4.430000e+00 -2.417896e+01
    endloop
  endfacet
  facet normal 3.826834e-01 0.000000e+00 -9.238795e-01
    outer loop
      vertex   -4.772000e+01 4.430000e+00 -2.417896e+01
      vertex   -4.792500e+01 6.430000e+00 -2.426388e+01
      vertex   -4.772000e+01 6.430000e+00 -2.417896e+01
    endloop
  endfacet
  facet normal 1.305262e-01 0.000000e+00 -9.914449e-01
    outer loop
      vertex   -4.772000e+01 4.430000e+00 -2.417896e+01
      vertex   -4.772000e+01 6.430000e+00 -2.417896e+01
      vertex   -4.750000e+01 4.430000e+00 -2.415000e+01
    endloop
  endfacet
  facet normal 1.305262e-01 0.000000e+00 -9.914449e-01
    outer loop
      vertex   -4.750000e+01 4.430000e+00 -2.415000e+01
      vertex   -4.772000e+01 6.430000e+00 -2.417896e+01
      vertex   -4.750000e+01 6.430000e+00 -2.415000e+01
    endloop
  endfacet
  facet normal -1.305262e-01 0.000000e+00 -9.914449e-01
    outer loop
      vertex   -4.750000e+01 4.430000e+00 -2.415000e+01
      vertex   -4.750000e+01 6.430000e+00 -2.415000e+01
      vertex   -4.728001e+01 4.430000e+00 -2.417896e+01
    endloop
  endfacet
  facet normal -1.305262e-01 0.000000e+00 -9.914449e-01
    outer loop
      vertex   -4.728001e+01 4.430000e+00 -2.417896e+01
      vertex   -4.750000e+01 6.430000e+00 -2.415000e+01
      vertex   -4.728001e+01 6.430000e+00 -2.417896e+01
    endloop
  endfacet
  facet normal -3.826834e-01 0.000000e+00 -9.238795e-01
    outer loop
      vertex   -4.728001e+01 4.430000e+00 -2.417896e+01
      vertex   -4.728001e+01 6.430000e+00 -2.417896e+01
      vertex   -4.707500e+01 4.430000e+00 -2.426388e+01
    endloop
  endfacet
  facet normal -3.826834e-01 0.000000e+00 -9.238795e-01
    outer loop
      vertex   -4.707500e+01 4.430000e+00 -2.426388e+01
      vertex   -4.728001e+01 6.430000e+00 -2.417896e+01
      vertex   -4.707500e+01 6.430000e+00 -2.426388e+01
    endloop
  endfacet
  facet normal -6.087614e-01 0.000000e+00 -7.933533e-01
    outer loop
      vertex   -4.707500e+01 4.430000e+00 -2.426388e+01
      vertex   -4.707500e+01 6.430000e+00 -2.426388e+01
      vertex   -4.689896e+01 4.430000e+00 -2.439896e+01
    endloop
  endfacet
  facet normal -6.087614e-01 0.000000e+00 -7.933533e-01
    outer loop
      vertex   -4.689896e+01 4.430000e+00 -2.439896e+01
      vertex   -4.707500e+01 6.430000e+00 -2.426388e+01
      vertex   -4.689896e+01 6.430000e+00 -2.439896e+01
    endloop
  endfacet
  facet normal -7.933533e-01 0.000000e+00 -6.087614e-01
    outer loop
      vertex   -4.689896e+01 4.430000e+00 -2.439896e+01
      vertex   -4.689896e+01 6.430000e+00 -2.439896e+01
      vertex   -4.676388e+01 4.430000e+00 -2.457500e+01
    endloop
  endfacet
  facet normal -7.933533e-01 0.000000e+00 -6.087614e-01
    outer loop
      vertex   -4.676388e+01 4.430000e+00 -2.457500e+01
      vertex   -4.689896e+01 6.430000e+00 -2.439896e+01
      vertex   -4.676388e+01 6.430000e+00 -2.457500e+01
    endloop
  endfacet
  facet normal -9.238795e-01 0.000000e+00 -3.826834e-01
    outer loop
      vertex   -4.676388e+01 4.430000e+00 -2.457500e+01
      vertex   -4.676388e+01 6.430000e+00 -2.457500e+01
      vertex   -4.667896e+01 4.430000e+00 -2.478001e+01
    endloop
  endfacet
  facet normal -9.238795e-01 0.000000e+00 -3.826834e-01
    outer loop
      vertex   -4.667896e+01 4.430000e+00 -2.478001e+01
      vertex   -4.676388e+01 6.430000e+00 -2.457500e+01
      vertex   -4.667896e+01 6.430000e+00 -2.478001e+01
    endloop
  endfacet
  facet normal -9.914449e-01 0.000000e+00 -1.305262e-01
    outer loop
      vertex   -4.667896e+01 4.430000e+00 -2.478001e+01
      vertex   -4.667896e+01 6.430000e+00 -2.478001e+01
      vertex   -4.665000e+01 4.430000e+00 -2.500000e+01
    endloop
  endfacet
  facet normal -9.914449e-01 0.000000e+00 -1.305262e-01
    outer loop
      vertex   -4.665000e+01 4.430000e+00 -2.500000e+01
      vertex   -4.667896e+01 6.430000e+00 -2.478001e+01
      vertex   -4.665000e+01 6.430000e+00 -2.500000e+01
    endloop
  endfacet
  facet normal -9.914449e-01 0.000000e+00 1.305262e-01
    outer loop
      vertex   -4.665000e+01 4.430000e+00 -2.500000e+01
      vertex   -4.665000e+01 6.430000e+00 -2.500000e+01
      vertex   -4.667896e+01 4.430000e+00 -2.522000e+01
    endloop
  endfacet
  facet normal -9.914449e-01 0.000000e+00 1.305262e-01
    outer loop
      vertex   -4.667896e+01 4.430000e+00 -2.522000e+01
      vertex   -4.665000e+01 6.430000e+00 -2.500000e+01
      vertex   -4.667896e+01 6.430000e+00 -2.522000e+01
    endloop
  endfacet
  facet normal -9.238795e-01 0.000000e+00 3.826834e-01
    outer loop
      vertex   -4.667896e+01 4.430000e+00 -2.522000e+01
      vertex   -4.667896e+01 6.430000e+00 -2.522000e+01
      vertex   -4.676388e+01 4.430000e+00 -2.542500e+01
    endloop
  endfacet
  facet normal -9.238795e-01 0.000000e+00 3.826834e-01
    outer loop
      vertex   -4.676388e+01 4.430000e+00 -2.542500e+01
      vertex   -4.667896e+01 6.430000e+00 -2.522000e+01
      vertex   -4.676388e+01 6.430000e+00 -2.542500e+01
    endloop
  endfacet
  facet normal -7.933533e-01 0.000000e+00 6.087614e-01
    outer loop
      vertex   -4.676388e+01 4.430000e+00 -2.542500e+01
      vertex   -4.676388e+01 6.430000e+00 -2.542500e+01
      vertex   -4.689896e+01 4.430000e+00 -2.560104e+01
    endloop
  endfacet
  facet normal -7.933533e-01 0.000000e+00 6.087614e-01
    outer loop
      vertex   -4.689896e+01 4.430000e+00 -2.560104e+01
      vertex   -4.676388e+01 6.430000e+00 -2.542500e+01
      vertex   -4.689896e+01 6.430000e+00 -2.560104e+01
    endloop
  endfacet
  facet normal -6.087614e-01 0.000000e+00 7.933533e-01
    outer loop
      vertex   -4.689896e+01 4.430000e+00 -2.560104e+01
      vertex   -4.689896e+01 6.430000e+00 -2.560104e+01
      vertex   -4.707500e+01 4.430000e+00 -2.573612e+01
    endloop
  endfacet
  facet normal -6.087614e-01 0.000000e+00 7.933533e-01
    outer loop
      vertex   -4.707500e+01 4.430000e+00 -2.573612e+01
      vertex   -4.689896e+01 6.430000e+00 -2.560104e+01
      vertex   -4.707500e+01 6.430000e+00 -2.573612e+01
    endloop
  endfacet
  facet normal -3.826834e-01 0.000000e+00 9.238795e-01
    outer loop
      vertex   -4.707500e+01 4.430000e+00 -2.573612e+01
      vertex   -4.707500e+01 6.430000e+00 -2.573612e+01
      vertex   -4.728001e+01 4.430000e+00 -2.582104e+01
    endloop
  endfacet
  facet normal -3.826834e-01 0.000000e+00 9.238795e-01
    outer loop
      vertex   -4.728001e+01 4.430000e+00 -2.582104e+01
      vertex   -4.707500e+01 6.430000e+00 -2.573612e+01
      vertex   -4.728001e+01 6.430000e+00 -2.582104e+01
    endloop
  endfacet
  facet normal -1.305262e-01 0.000000e+00 9.914449e-01
    outer loop
      vertex   -4.728001e+01 4.430000e+00 -2.582104e+01
      vertex   -4.728001e+01 6.430000e+00 -2.582104e+01
      vertex   -4.750000e+01 4.430000e+00 -2.585000e+01
    endloop
  endfacet
  facet normal -1.305262e-01 0.000000e+00 9.914449e-01
    outer loop
      vertex   -4.750000e+01 4.430000e+00 -2.585000e+01
      vertex   -4.728001e+01 6.430000e+00 -2.582104e+01
      vertex   -4.750000e+01 6.430000e+00 -2.585000e+01
    endloop
  endfacet
  facet normal 1.305262e-01 -0.000000e+00 9.914449e-01
    outer loop
      vertex   -4.750000e+01 4.430000e+00 -2.585000e+01
      vertex   -4.750000e+01 6.430000e+00 -2.585000e+01
      vertex   -4.772000e+01 4.430000e+00 -2.582104e+01
    endloop
  endfacet
  facet normal 1.305262e-01 -0.000000e+00 9.914449e-01
    outer loop
      vertex   -4.772000e+01 4.430000e+00 -2.582104e+01
      vertex   -4.750000e+01 6.430000e+00 -2.585000e+01
      vertex   -4.772000e+01 6.430000e+00 -2.582104e+01
    endloop
  endfacet
  facet normal 3.826834e-01 -0.000000e+00 9.238795e-01
    outer loop
      vertex   -4.772000e+01 4.430000e+00 -2.582104e+01
      vertex   -4.772000e+01 6.430000e+00 -2.582104e+01
      vertex   -4.792500e+01 4.430000e+00 -2.573612e+01
    endloop
  endfacet
  facet normal 3.826834e-01 -0.000000e+00 9.238795e-01
    outer loop
      vertex   -4.792500e+01 4.430000e+00 -2.573612e+01
      vertex   -4.772000e+01 6.430000e+00 -2.582104e+01
      vertex   -4.792500e+01 6.430000e+00 -2.573612e+01
    endloop
  endfacet
  facet normal 6.087614e-01 -0.000000e+00 7.933533e-01
    outer loop
      vertex   -4.792500e+01 4.430000e+00 -2.573612e+01
      vertex   -4.792500e+01 6.430000e+00 -2.573612e+01
      vertex   -4.810104e+01 4.430000e+00 -2.560104e+01
    endloop
  endfacet
  facet normal 6.087614e-01 -0.000000e+00 7.933533e-01
    outer loop
      vertex   -4.810104e+01 4.430000e+00 -2.560104e+01
      vertex   -4.792500e+01 6.430000e+00 -2.573612e+01
      vertex   -4.810104e+01 6.430000e+00 -2.560104e+01
    endloop
  endfacet
  facet normal 7.933533e-01 -0.000000e+00 6.087614e-01
    outer loop
      vertex   -4.810104e+01 4.430000e+00 -2.560104e+01
      vertex   -4.810104e+01 6.430000e+00 -2.560104e+01
      vertex   -4.823612e+01 4.430000e+00 -2.542500e+01
    endloop
  endfacet
  facet normal 7.933533e-01 -0.000000e+00 6.087614e-01
    outer loop
      vertex   -4.823612e+01 4.430000e+00 -2.542500e+01
      vertex   -4.810104e+01 6.430000e+00 -2.560104e+01
      vertex   -4.823612e+01 6.430000e+00 -2.542500e+01
    endloop
  endfacet
  facet normal 9.238795e-01 -0.000000e+00 3.826834e-01
    outer loop
      vertex   -4.823612e+01 4.430000e+00 -2.542500e+01
      vertex   -4.823612e+01 6.430000e+00 -2.542500e+01
      vertex   -4.832104e+01 4.430000e+00 -2.522000e+01
    endloop
  endfacet
  facet normal 9.238795e-01 -0.000000e+00 3.826834e-01
    outer loop
      vertex   -4.832104e+01 4.430000e+00 -2.522000e+01
      vertex   -4.823612e+01 6.430000e+00 -2.542500e+01
      vertex   -4.832104e+01 6.430000e+00 -2.522000e+01
    endloop
  endfacet
  facet normal 9.957342e-01 0.000000e+00 -9.226764e-02
    outer loop
      vertex   -4.550000e+01 6.430000e+00 -2.500000e+01
      vertex   -4.550000e+01 4.430000e+00 -2.500000e+01
      vertex   -4.553405e+01 6.430000e+00 -2.536750e+01
    endloop
  endfacet
  facet normal 9.957342e-01 0.000000e+00 -9.226764e-02
    outer loop
      vertex   -4.553405e+01 6.430000e+00 -2.536750e+01
      vertex   -4.550000e+01 4.430000e+00 -2.500000e+01
      vertex   -4.553405e+01 4.430000e+00 -2.536750e+01
    endloop
  endfacet
  facet normal 9.618258e-01 0.000000e+00 -2.736623e-01
    outer loop
      vertex   -4.553405e+01 6.430000e+00 -2.536750e+01
      vertex   -4.553405e+01 4.430000e+00 -2.536750e+01
      vertex   -4.563506e+01 6.430000e+00 -2.572248e+01
    endloop
  endfacet
  facet normal 9.618258e-01 0.000000e+00 -2.736623e-01
    outer loop
      vertex   -4.563506e+01 6.430000e+00 -2.572248e+01
      vertex   -4.553405e+01 4.430000e+00 -2.536750e+01
      vertex   -4.563506e+01 4.430000e+00 -2.572248e+01
    endloop
  endfacet
  facet normal 8.951636e-01 0.000000e+00 -4.457378e-01
    outer loop
      vertex   -4.563506e+01 6.430000e+00 -2.572248e+01
      vertex   -4.563506e+01 4.430000e+00 -2.572248e+01
      vertex   -4.579957e+01 6.430000e+00 -2.605287e+01
    endloop
  endfacet
  facet normal 8.951636e-01 0.000000e+00 -4.457378e-01
    outer loop
      vertex   -4.579957e+01 6.430000e+00 -2.605287e+01
      vertex   -4.563506e+01 4.430000e+00 -2.572248e+01
      vertex   -4.579957e+01 4.430000e+00 -2.605287e+01
    endloop
  endfacet
  facet normal 7.980176e-01 0.000000e+00 -6.026342e-01
    outer loop
      vertex   -4.579957e+01 6.430000e+00 -2.605287e+01
      vertex   -4.579957e+01 4.430000e+00 -2.605287e+01
      vertex   -4.602198e+01 6.430000e+00 -2.634739e+01
    endloop
  endfacet
  facet normal 7.980176e-01 0.000000e+00 -6.026342e-01
    outer loop
      vertex   -4.602198e+01 6.430000e+00 -2.634739e+01
      vertex   -4.579957e+01 4.430000e+00 -2.605287e+01
      vertex   -4.602198e+01 4.430000e+00 -2.634739e+01
    endloop
  endfacet
  facet normal 6.736960e-01 0.000000e+00 -7.390085e-01
    outer loop
      vertex   -4.602198e+01 6.430000e+00 -2.634739e+01
      vertex   -4.602198e+01 4.430000e+00 -2.634739e+01
      vertex   -4.629473e+01 6.430000e+00 -2.659604e+01
    endloop
  endfacet
  facet normal 6.736960e-01 0.000000e+00 -7.390085e-01
    outer loop
      vertex   -4.629473e+01 6.430000e+00 -2.659604e+01
      vertex   -4.602198e+01 4.430000e+00 -2.634739e+01
      vertex   -4.629473e+01 4.430000e+00 -2.659604e+01
    endloop
  endfacet
  facet normal 5.264326e-01 0.000000e+00 -8.502169e-01
    outer loop
      vertex   -4.629473e+01 6.430000e+00 -2.659604e+01
      vertex   -4.629473e+01 4.430000e+00 -2.659604e+01
      vertex   -4.660852e+01 6.430000e+00 -2.679033e+01
    endloop
  endfacet
  facet normal 5.264326e-01 0.000000e+00 -8.502169e-01
    outer loop
      vertex   -4.660852e+01 6.430000e+00 -2.679033e+01
      vertex   -4.629473e+01 4.430000e+00 -2.659604e+01
      vertex   -4.660852e+01 4.430000e+00 -2.679033e+01
    endloop
  endfacet
  facet normal 3.612421e-01 0.000000e+00 -9.324721e-01
    outer loop
      vertex   -4.660852e+01 6.430000e+00 -2.679033e+01
      vertex   -4.660852e+01 4.430000e+00 -2.679033e+01
      vertex   -4.695267e+01 6.430000e+00 -2.692365e+01
    endloop
  endfacet
  facet normal 3.612421e-01 0.000000e+00 -9.324721e-01
    outer loop
      vertex   -4.695267e+01 6.430000e+00 -2.692365e+01
      vertex   -4.660852e+01 4.430000e+00 -2.679033e+01
      vertex   -4.695267e+01 4.430000e+00 -2.692365e+01
    endloop
  endfacet
  facet normal 1.837499e-01 0.000000e+00 -9.829730e-01
    outer loop
      vertex   -4.695267e+01 6.430000e+00 -2.692365e+01
      vertex   -4.695267e+01 4.430000e+00 -2.692365e+01
      vertex   -4.731546e+01 6.430000e+00 -2.699147e+01
    endloop
  endfacet
  facet normal 1.837499e-01 0.000000e+00 -9.829730e-01
    outer loop
      vertex   -4.731546e+01 6.430000e+00 -2.699147e+01
      vertex   -4.695267e+01 4.430000e+00 -2.692365e+01
      vertex   -4.731546e+01 4.430000e+00 -2.699147e+01
    endloop
  endfacet
  facet normal 3.737895e-07 0.000000e+00 -1.000000e+00
    outer loop
      vertex   -4.731546e+01 6.430000e+00 -2.699147e+01
      vertex   -4.731546e+01 4.430000e+00 -2.699147e+01
      vertex   -4.768454e+01 6.430000e+00 -2.699147e+01
    endloop
  endfacet
  facet normal 3.737895e-07 0.000000e+00 -1.000000e+00
    outer loop
      vertex   -4.768454e+01 6.430000e+00 -2.699147e+01
      vertex   -4.731546e+01 4.430000e+00 -2.699147e+01
      vertex   -4.768454e+01 4.430000e+00 -2.699147e+01
    endloop
  endfacet
  facet normal -1.837492e-01 -0.000000e+00 -9.829732e-01
    outer loop
      vertex   -4.768454e+01 6.430000e+00 -2.699147e+01
      vertex   -4.768454e+01 4.430000e+00 -2.699147e+01
      vertex   -4.804733e+01 6.430000e+00 -2.692365e+01
    endloop
  endfacet
  facet normal -1.837492e-01 -0.000000e+00 -9.829732e-01
    outer loop
      vertex   -4.804733e+01 6.430000e+00 -2.692365e+01
      vertex   -4.768454e+01 4.430000e+00 -2.699147e+01
      vertex   -4.804733e+01 4.430000e+00 -2.692365e+01
    endloop
  endfacet
  facet normal -3.612414e-01 -0.000000e+00 -9.324723e-01
    outer loop
      vertex   -4.804733e+01 6.430000e+00 -2.692365e+01
      vertex   -4.804733e+01 4.430000e+00 -2.692365e+01
      vertex   -4.839148e+01 6.430000e+00 -2.679033e+01
    endloop
  endfacet
  facet normal -3.612414e-01 -0.000000e+00 -9.324723e-01
    outer loop
      vertex   -4.839148e+01 6.430000e+00 -2.679033e+01
      vertex   -4.804733e+01 4.430000e+00 -2.692365e+01
      vertex   -4.839148e+01 4.430000e+00 -2.679033e+01
    endloop
  endfacet
  facet normal -5.264320e-01 -0.000000e+00 -8.502173e-01
    outer loop
      vertex   -4.839148e+01 6.430000e+00 -2.679033e+01
      vertex   -4.839148e+01 4.430000e+00 -2.679033e+01
      vertex   -4.870527e+01 6.430000e+00 -2.659604e+01
    endloop
  endfacet
  facet normal -5.264320e-01 -0.000000e+00 -8.502173e-01
    outer loop
      vertex   -4.870527e+01 6.430000e+00 -2.659604e+01
      vertex   -4.839148e+01 4.430000e+00 -2.679033e+01
      vertex   -4.870527e+01 4.430000e+00 -2.659604e+01
    endloop
  endfacet
  facet normal -6.736955e-01 -0.000000e+00 -7.390091e-01
    outer loop
      vertex   -4.870527e+01 6.430000e+00 -2.659604e+01
      vertex   -4.870527e+01 4.430000e+00 -2.659604e+01
      vertex   -4.897802e+01 6.430000e+00 -2.634739e+01
    endloop
  endfacet
  facet normal -6.736955e-01 -0.000000e+00 -7.390091e-01
    outer loop
      vertex   -4.897802e+01 6.430000e+00 -2.634739e+01
      vertex   -4.870527e+01 4.430000e+00 -2.659604e+01
      vertex   -4.897802e+01 4.430000e+00 -2.634739e+01
    endloop
  endfacet
  facet normal -7.980171e-01 -0.000000e+00 -6.026348e-01
    outer loop
      vertex   -4.897802e+01 6.430000e+00 -2.634739e+01
      vertex   -4.897802e+01 4.430000e+00 -2.634739e+01
      vertex   -4.920044e+01 6.430000e+00 -2.605287e+01
    endloop
  endfacet
  facet normal -7.980171e-01 -0.000000e+00 -6.026348e-01
    outer loop
      vertex   -4.920044e+01 6.430000e+00 -2.605287e+01
      vertex   -4.897802e+01 4.430000e+00 -2.634739e+01
      vertex   -4.920044e+01 4.430000e+00 -2.605287e+01
    endloop
  endfacet
  facet normal -8.951632e-01 -0.000000e+00 -4.457385e-01
    outer loop
      vertex   -4.920044e+01 6.430000e+00 -2.605287e+01
      vertex   -4.920044e+01 4.430000e+00 -2.605287e+01
      vertex   -4.936495e+01 6.430000e+00 -2.572249e+01
    endloop
  endfacet
  facet normal -8.951632e-01 -0.000000e+00 -4.457385e-01
    outer loop
      vertex   -4.936495e+01 6.430000e+00 -2.572249e+01
      vertex   -4.920044e+01 4.430000e+00 -2.605287e+01
      vertex   -4.936495e+01 4.430000e+00 -2.572249e+01
    endloop
  endfacet
  facet normal -9.618256e-01 -0.000000e+00 -2.736631e-01
    outer loop
      vertex   -4.936495e+01 6.430000e+00 -2.572249e+01
      vertex   -4.936495e+01 4.430000e+00 -2.572249e+01
      vertex   -4.946595e+01 6.430000e+00 -2.536750e+01
    endloop
  endfacet
  facet normal -9.618256e-01 -0.000000e+00 -2.736631e-01
    outer loop
      vertex   -4.946595e+01 6.430000e+00 -2.536750e+01
      vertex   -4.936495e+01 4.430000e+00 -2.572249e+01
      vertex   -4.946595e+01 4.430000e+00 -2.536750e+01
    endloop
  endfacet
  facet normal -9.957342e-01 -0.000000e+00 -9.226838e-02
    outer loop
      vertex   -4.946595e+01 6.430000e+00 -2.536750e+01
      vertex   -4.946595e+01 4.430000e+00 -2.536750e+01
      vertex   -4.950000e+01 6.430000e+00 -2.500000e+01
    endloop
  endfacet
  facet normal -9.957379e-01 -7.544635e-06 -9.222767e-02
    outer loop
      vertex   -4.950000e+01 6.430000e+00 -2.500000e+01
      vertex   -4.946595e+01 4.430000e+00 -2.536750e+01
      vertex   -4.949999e+01 4.430000e+00 -2.500000e+01
    endloop
  endfacet
  facet normal 3.814168e-15 -1.000000e+00 -5.021448e-16
    outer loop
      vertex   -4.832104e+01 4.430000e+00 -2.478001e+01
      vertex   -4.946593e+01 4.430000e+00 -2.463250e+01
      vertex   -4.835000e+01 4.430000e+00 -2.500000e+01
    endloop
  endfacet
  facet normal 3.861691e-15 -1.000000e+00 -3.578384e-16
    outer loop
      vertex   -4.835000e+01 4.430000e+00 -2.500000e+01
      vertex   -4.946593e+01 4.430000e+00 -2.463250e+01
      vertex   -4.949999e+01 4.430000e+00 -2.500000e+01
    endloop
  endfacet
  facet normal 3.861676e-15 -1.000000e+00 -1.172635e-14
    outer loop
      vertex   -4.835000e+01 4.430000e+00 -2.500000e+01
      vertex   -4.949999e+01 4.430000e+00 -2.500000e+01
      vertex   -4.946595e+01 4.430000e+00 -2.536750e+01
    endloop
  endfacet
  facet normal 3.741703e-15 -1.000000e+00 -1.064606e-15
    outer loop
      vertex   -4.946593e+01 4.430000e+00 -2.463250e+01
      vertex   -4.832104e+01 4.430000e+00 -2.478001e+01
      vertex   -4.936493e+01 4.430000e+00 -2.427752e+01
    endloop
  endfacet
  facet normal 3.546951e-15 -1.000000e+00 -1.469195e-15
    outer loop
      vertex   -4.936493e+01 4.430000e+00 -2.427752e+01
      vertex   -4.832104e+01 4.430000e+00 -2.478001e+01
      vertex   -4.823612e+01 4.430000e+00 -2.457500e+01
    endloop
  endfacet
  facet normal 3.477766e-15 -1.000000e+00 -1.731722e-15
    outer loop
      vertex   -4.936493e+01 4.430000e+00 -2.427752e+01
      vertex   -4.823612e+01 4.430000e+00 -2.457500e+01
      vertex   -4.920042e+01 4.430000e+00 -2.394714e+01
    endloop
  endfacet
  facet normal 3.087298e-15 -1.000000e+00 -2.331420e-15
    outer loop
      vertex   -4.920042e+01 4.430000e+00 -2.394714e+01
      vertex   -4.823612e+01 4.430000e+00 -2.457500e+01
      vertex   -4.897801e+01 4.430000e+00 -2.365261e+01
    endloop
  endfacet
  facet normal 3.063407e-15 -1.000000e+00 -2.350635e-15
    outer loop
      vertex   -4.897801e+01 4.430000e+00 -2.365261e+01
      vertex   -4.823612e+01 4.430000e+00 -2.457500e+01
      vertex   -4.810104e+01 4.430000e+00 -2.439896e+01
    endloop
  endfacet
  facet normal 2.618961e-15 -1.000000e+00 -2.872863e-15
    outer loop
      vertex   -4.897801e+01 4.430000e+00 -2.365261e+01
      vertex   -4.810104e+01 4.430000e+00 -2.439896e+01
      vertex   -4.870526e+01 4.430000e+00 -2.340397e+01
    endloop
  endfacet
  facet normal 2.336188e-15 -1.000000e+00 -3.044580e-15
    outer loop
      vertex   -4.870526e+01 4.430000e+00 -2.340397e+01
      vertex   -4.810104e+01 4.430000e+00 -2.439896e+01
      vertex   -4.792500e+01 4.430000e+00 -2.426388e+01
    endloop
  endfacet
  facet normal 2.047382e-15 -1.000000e+00 -3.306635e-15
    outer loop
      vertex   -4.870526e+01 4.430000e+00 -2.340397e+01
      vertex   -4.792500e+01 4.430000e+00 -2.426388e+01
      vertex   -4.839147e+01 4.430000e+00 -2.320968e+01
    endloop
  endfacet
  facet normal 1.474629e-15 -1.000000e+00 -3.560069e-15
    outer loop
      vertex   -4.839147e+01 4.430000e+00 -2.320968e+01
      vertex   -4.792500e+01 4.430000e+00 -2.426388e+01
      vertex   -4.772000e+01 4.430000e+00 -2.417896e+01
    endloop
  endfacet
  facet normal 1.399374e-15 -1.000000e+00 -3.612201e-15
    outer loop
      vertex   -4.839147e+01 4.430000e+00 -2.320968e+01
      vertex   -4.772000e+01 4.430000e+00 -2.417896e+01
      vertex   -4.804732e+01 4.430000e+00 -2.307636e+01
    endloop
  endfacet
  facet normal 7.133090e-16 -1.000000e+00 -3.815866e-15
    outer loop
      vertex   -4.804732e+01 4.430000e+00 -2.307636e+01
      vertex   -4.772000e+01 4.430000e+00 -2.417896e+01
      vertex   -4.768453e+01 4.430000e+00 -2.300854e+01
    endloop
  endfacet
  facet normal 5.015234e-16 -1.000000e+00 -3.809449e-15
    outer loop
      vertex   -4.768453e+01 4.430000e+00 -2.300854e+01
      vertex   -4.772000e+01 4.430000e+00 -2.417896e+01
      vertex   -4.750000e+01 4.430000e+00 -2.415000e+01
    endloop
  endfacet
  facet normal 0.000000e+00 -1.000000e+00 -3.890525e-15
    outer loop
      vertex   -4.768453e+01 4.430000e+00 -2.300854e+01
      vertex   -4.750000e+01 4.430000e+00 -2.415000e+01
      vertex   -4.731546e+01 4.430000e+00 -2.300854e+01
    endloop
  endfacet
  facet normal -5.015226e-16 -1.000000e+00 -3.809442e-15
    outer loop
      vertex   -4.731546e+01 4.430000e+00 -2.300854e+01
      vertex   -4.750000e+01 4.430000e+00 -2.415000e+01
      vertex   -4.728001e+01 4.430000e+00 -2.417896e+01
    endloop
  endfacet
  facet normal -7.133073e-16 -1.000000e+00 -3.815857e-15
    outer loop
      vertex   -4.731546e+01 4.430000e+00 -2.300854e+01
      vertex   -4.728001e+01 4.430000e+00 -2.417896e+01
      vertex   -4.695267e+01 4.430000e+00 -2.307636e+01
    endloop
  endfacet
  facet normal -1.399368e-15 -1.000000e+00 -3.612184e-15
    outer loop
      vertex   -4.695267e+01 4.430000e+00 -2.307636e+01
      vertex   -4.728001e+01 4.430000e+00 -2.417896e+01
      vertex   -4.660852e+01 4.430000e+00 -2.320968e+01
    endloop
  endfacet
  facet normal -1.474621e-15 -1.000000e+00 -3.560051e-15
    outer loop
      vertex   -4.660852e+01 4.430000e+00 -2.320968e+01
      vertex   -4.728001e+01 4.430000e+00 -2.417896e+01
      vertex   -4.707500e+01 4.430000e+00 -2.426388e+01
    endloop
  endfacet
  facet normal -2.047368e-15 -1.000000e+00 -3.306612e-15
    outer loop
      vertex   -4.660852e+01 4.430000e+00 -2.320968e+01
      vertex   -4.707500e+01 4.430000e+00 -2.426388e+01
      vertex   -4.629473e+01 4.430000e+00 -2.340397e+01
    endloop
  endfacet
  facet normal -2.336170e-15 -1.000000e+00 -3.044556e-15
    outer loop
      vertex   -4.629473e+01 4.430000e+00 -2.340397e+01
      vertex   -4.707500e+01 4.430000e+00 -2.426388e+01
      vertex   -4.689896e+01 4.430000e+00 -2.439896e+01
    endloop
  endfacet
  facet normal -2.618938e-15 -1.000000e+00 -2.872838e-15
    outer loop
      vertex   -4.629473e+01 4.430000e+00 -2.340397e+01
      vertex   -4.689896e+01 4.430000e+00 -2.439896e+01
      vertex   -4.602198e+01 4.430000e+00 -2.365261e+01
    endloop
  endfacet
  facet normal -3.063376e-15 -1.000000e+00 -2.350611e-15
    outer loop
      vertex   -4.602198e+01 4.430000e+00 -2.365261e+01
      vertex   -4.689896e+01 4.430000e+00 -2.439896e+01
      vertex   -4.676388e+01 4.430000e+00 -2.457500e+01
    endloop
  endfacet
  facet normal -3.087266e-15 -1.000000e+00 -2.331395e-15
    outer loop
      vertex   -4.602198e+01 4.430000e+00 -2.365261e+01
      vertex   -4.676388e+01 4.430000e+00 -2.457500e+01
      vertex   -4.579957e+01 4.430000e+00 -2.394714e+01
    endloop
  endfacet
  facet normal -3.477725e-15 -1.000000e+00 -1.731701e-15
    outer loop
      vertex   -4.579957e+01 4.430000e+00 -2.394714e+01
      vertex   -4.676388e+01 4.430000e+00 -2.457500e+01
      vertex   -4.563506e+01 4.430000e+00 -2.427752e+01
    endloop
  endfacet
  facet normal -3.546909e-15 -1.000000e+00 -1.469178e-15
    outer loop
      vertex   -4.563506e+01 4.430000e+00 -2.427752e+01
      vertex   -4.676388e+01 4.430000e+00 -2.457500e+01
      vertex   -4.667896e+01 4.430000e+00 -2.478001e+01
    endloop
  endfacet
  facet normal -3.741656e-15 -1.000000e+00 -1.064593e-15
    outer loop
      vertex   -4.563506e+01 4.430000e+00 -2.427752e+01
      vertex   -4.667896e+01 4.430000e+00 -2.478001e+01
      vertex   -4.553405e+01 4.430000e+00 -2.463250e+01
    endloop
  endfacet
  facet normal -3.814119e-15 -1.000000e+00 -5.021383e-16
    outer loop
      vertex   -4.553405e+01 4.430000e+00 -2.463250e+01
      vertex   -4.667896e+01 4.430000e+00 -2.478001e+01
      vertex   -4.665000e+01 4.430000e+00 -2.500000e+01
    endloop
  endfacet
  facet normal -3.861641e-15 -1.000000e+00 -3.578337e-16
    outer loop
      vertex   -4.553405e+01 4.430000e+00 -2.463250e+01
      vertex   -4.665000e+01 4.430000e+00 -2.500000e+01
      vertex   -4.550000e+01 4.430000e+00 -2.500000e+01
    endloop
  endfacet
  facet normal -3.861626e-15 -1.000000e+00 -1.172625e-14
    outer loop
      vertex   -4.550000e+01 4.430000e+00 -2.500000e+01
      vertex   -4.665000e+01 4.430000e+00 -2.500000e+01
      vertex   -4.553405e+01 4.430000e+00 -2.536750e+01
    endloop
  endfacet
  facet normal 0.000000e+00 -1.000000e+00 0.000000e+00
    outer loop
      vertex   -4.553405e+01 4.430000e+00 -2.536750e+01
      vertex   -4.665000e+01 4.430000e+00 -2.500000e+01
      vertex   -4.667896e+01 4.430000e+00 -2.522000e+01
    endloop
  endfacet
  facet normal -0.000000e+00 -1.000000e+00 0.000000e+00
    outer loop
      vertex   -4.553405e+01 4.430000e+00 -2.536750e+01
      vertex   -4.667896e+01 4.430000e+00 -2.522000e+01
      vertex   -4.563506e+01 4.430000e+00 -2.572248e+01
    endloop
  endfacet
  facet normal 0.000000e+00 -1.000000e+00 0.000000e+00
    outer loop
      vertex   -4.563506e+01 4.430000e+00 -2.572248e+01
      vertex   -4.667896e+01 4.430000e+00 -2.522000e+01
      vertex   -4.676388e+01 4.430000e+00 -2.542500e+01
    endloop
  endfacet
  facet normal -0.000000e+00 -1.000000e+00 0.000000e+00
    outer loop
      vertex   -4.563506e+01 4.430000e+00 -2.572248e+01
      vertex   -4.676388e+01 4.430000e+00 -2.542500e+01
      vertex   -4.579957e+01 4.430000e+00 -2.605287e+01
    endloop
  endfacet
  facet normal -0.000000e+00 -1.000000e+00 0.000000e+00
    outer loop
      vertex   -4.579957e+01 4.430000e+00 -2.605287e+01
      vertex   -4.676388e+01 4.430000e+00 -2.542500e+01
      vertex   -4.602198e+01 4.430000e+00 -2.634739e+01
    endloop
  endfacet
  facet normal 0.000000e+00 -1.000000e+00 0.000000e+00
    outer loop
      vertex   -4.602198e+01 4.430000e+00 -2.634739e+01
      vertex   -4.676388e+01 4.430000e+00 -2.542500e+01
      vertex   -4.689896e+01 4.430000e+00 -2.560104e+01
    endloop
  endfacet
  facet normal -0.000000e+00 -1.000000e+00 0.000000e+00
    outer loop
      vertex   -4.602198e+01 4.430000e+00 -2.634739e+01
      vertex   -4.689896e+01 4.430000e+00 -2.560104e+01
      vertex   -4.629473e+01 4.430000e+00 -2.659604e+01
    endloop
  endfacet
  facet normal 0.000000e+00 -1.000000e+00 0.000000e+00
    outer loop
      vertex   -4.629473e+01 4.430000e+00 -2.659604e+01
      vertex   -4.689896e+01 4.430000e+00 -2.560104e+01
      vertex   -4.707500e+01 4.430000e+00 -2.573612e+01
    endloop
  endfacet
  facet normal -0.000000e+00 -1.000000e+00 0.000000e+00
    outer loop
      vertex   -4.629473e+01 4.430000e+00 -2.659604e+01
      vertex   -4.707500e+01 4.430000e+00 -2.573612e+01
      vertex   -4.660852e+01 4.430000e+00 -2.679033e+01
    endloop
  endfacet
  facet normal 0.000000e+00 -1.000000e+00 0.000000e+00
    outer loop
      vertex   -4.660852e+01 4.430000e+00 -2.679033e+01
      vertex   -4.707500e+01 4.430000e+00 -2.573612e+01
      vertex   -4.728001e+01 4.430000e+00 -2.582104e+01
    endloop
  endfacet
  facet normal -0.000000e+00 -1.000000e+00 0.000000e+00
    outer loop
      vertex   -4.660852e+01 4.430000e+00 -2.679033e+01
      vertex   -4.728001e+01 4.430000e+00 -2.582104e+01
      vertex   -4.695267e+01 4.430000e+00 -2.692365e+01
    endloop
  endfacet
  facet normal -0.000000e+00 -1.000000e+00 0.000000e+00
    outer loop
      vertex   -4.695267e+01 4.430000e+00 -2.692365e+01
      vertex   -4.728001e+01 4.430000e+00 -2.582104e+01
      vertex   -4.731546e+01 4.430000e+00 -2.699147e+01
    endloop
  endfacet
  facet normal 0.000000e+00 -1.000000e+00 0.000000e+00
    outer loop
      vertex   -4.731546e+01 4.430000e+00 -2.699147e+01
      vertex   -4.728001e+01 4.430000e+00 -2.582104e+01
      vertex   -4.750000e+01 4.430000e+00 -2.585000e+01
    endloop
  endfacet
  facet normal -0.000000e+00 -1.000000e+00 0.000000e+00
    outer loop
      vertex   -4.731546e+01 4.430000e+00 -2.699147e+01
      vertex   -4.750000e+01 4.430000e+00 -2.585000e+01
      vertex   -4.768454e+01 4.430000e+00 -2.699147e+01
    endloop
  endfacet
  facet normal 0.000000e+00 -1.000000e+00 0.000000e+00
    outer loop
      vertex   -4.768454e+01 4.430000e+00 -2.699147e+01
      vertex   -4.750000e+01 4.430000e+00 -2.585000e+01
      vertex   -4.772000e+01 4.430000e+00 -2.582104e+01
    endloop
  endfacet
  facet normal 0.000000e+00 -1.000000e+00 0.000000e+00
    outer loop
      vertex   -4.768454e+01 4.430000e+00 -2.699147e+01
      vertex   -4.772000e+01 4.430000e+00 -2.582104e+01
      vertex   -4.804733e+01 4.430000e+00 -2.692365e+01
    endloop
  endfacet
  facet normal 0.000000e+00 -1.000000e+00 0.000000e+00
    outer loop
      vertex   -4.804733e+01 4.430000e+00 -2.692365e+01
      vertex   -4.772000e+01 4.430000e+00 -2.582104e+01
      vertex   -4.839148e+01 4.430000e+00 -2.679033e+01
    endloop
  endfacet
  facet normal 0.000000e+00 -1.000000e+00 0.000000e+00
    outer loop
      vertex   -4.839148e+01 4.430000e+00 -2.679033e+01
      vertex   -4.772000e+01 4.430000e+00 -2.582104e+01
      vertex   -4.792500e+01 4.430000e+00 -2.573612e+01
    endloop
  endfacet
  facet normal 0.000000e+00 -1.000000e+00 0.000000e+00
    outer loop
      vertex   -4.839148e+01 4.430000e+00 -2.679033e+01
      vertex   -4.792500e+01 4.430000e+00 -2.573612e+01
      vertex   -4.870527e+01 4.430000e+00 -2.659604e+01
    endloop
  endfacet
  facet normal 0.000000e+00 -1.000000e+00 0.000000e+00
    outer loop
      vertex   -4.870527e+01 4.430000e+00 -2.659604e+01
      vertex   -4.792500e+01 4.430000e+00 -2.573612e+01
      vertex   -4.810104e+01 4.430000e+00 -2.560104e+01
    endloop
  endfacet
  facet normal 0.000000e+00 -1.000000e+00 0.000000e+00
    outer loop
      vertex   -4.870527e+01 4.430000e+00 -2.659604e+01
      vertex   -4.810104e+01 4.430000e+00 -2.560104e+01
      vertex   -4.897802e+01 4.430000e+00 -2.634739e+01
    endloop
  endfacet
  facet normal 0.000000e+00 -1.000000e+00 0.000000e+00
    outer loop
      vertex   -4.897802e+01 4.430000e+00 -2.634739e+01
      vertex   -4.810104e+01 4.430000e+00 -2.560104e+01
      vertex   -4.823612e+01 4.430000e+00 -2.542500e+01
    endloop
  endfacet
  facet normal 0.000000e+00 -1.000000e+00 0.000000e+00
    outer loop
      vertex   -4.897802e+01 4.430000e+00 -2.634739e+01
      vertex   -4.823612e+01 4.430000e+00 -2.542500e+01
      vertex   -4.920044e+01 4.430000e+00 -2.605287e+01
    endloop
  endfacet
  facet normal 0.000000e+00 -1.000000e+00 0.000000e+00
    outer loop
      vertex   -4.920044e+01 4.430000e+00 -2.605287e+01
      vertex   -4.823612e+01 4.430000e+00 -2.542500e+01
      vertex   -4.936495e+01 4.430000e+00 -2.572249e+01
    endloop
  endfacet
  facet normal 0.000000e+00 -1.000000e+00 0.000000e+00
    outer loop
      vertex   -4.936495e+01 4.430000e+00 -2.572249e+01
      vertex   -4.823612e+01 4.430000e+00 -2.542500e+01
      vertex   -4.832104e+01 4.430000e+00 -2.522000e+01
    endloop
  endfacet
  facet normal 0.000000e+00 -1.000000e+00 0.000000e+00
    outer loop
      vertex   -4.936495e+01 4.430000e+00 -2.572249e+01
      vertex   -4.832104e+01 4.430000e+00 -2.522000e+01
      vertex   -4.946595e+01 4.430000e+00 -2.536750e+01
    endloop
  endfacet
  facet normal 0.000000e+00 -1.000000e+00 0.000000e+00
    outer loop
      vertex   -4.946595e+01 4.430000e+00 -2.536750e+01
      vertex   -4.832104e+01 4.430000e+00 -2.522000e+01
      vertex   -4.835000e+01 4.430000e+00 -2.500000e+01
    endloop
  endfacet
  facet normal 0.000000e+00 1.000000e+00 0.000000e+00
    outer loop
      vertex   -4.832104e+01 6.430000e+00 -2.522000e+01
      vertex   -4.870527e+01 6.430000e+00 -2.659604e+01
      vertex   -4.835000e+01 6.430000e+00 -2.500000e+01
    endloop
  endfacet
  facet normal 0.000000e+00 1.000000e+00 0.000000e+00
    outer loop
      vertex   -4.835000e+01 6.430000e+00 -2.500000e+01
      vertex   -4.870527e+01 6.430000e+00 -2.659604e+01
      vertex   -4.897802e+01 6.430000e+00 -2.634739e+01
    endloop
  endfacet
  facet normal 0.000000e+00 1.000000e+00 0.000000e+00
    outer loop
      vertex   -4.835000e+01 6.430000e+00 -2.500000e+01
      vertex   -4.897802e+01 6.430000e+00 -2.634739e+01
      vertex   -4.920044e+01 6.430000e+00 -2.605287e+01
    endloop
  endfacet
  facet normal -0.000000e+00 1.000000e+00 0.000000e+00
    outer loop
      vertex   -4.870527e+01 6.430000e+00 -2.659604e+01
      vertex   -4.832104e+01 6.430000e+00 -2.522000e+01
      vertex   -4.839148e+01 6.430000e+00 -2.679033e+01
    endloop
  endfacet
  facet normal 0.000000e+00 1.000000e+00 0.000000e+00
    outer loop
      vertex   -4.839148e+01 6.430000e+00 -2.679033e+01
      vertex   -4.832104e+01 6.430000e+00 -2.522000e+01
      vertex   -4.823612e+01 6.430000e+00 -2.542500e+01
    endloop
  endfacet
  facet normal 0.000000e+00 1.000000e+00 0.000000e+00
    outer loop
      vertex   -4.839148e+01 6.430000e+00 -2.679033e+01
      vertex   -4.823612e+01 6.430000e+00 -2.542500e+01
      vertex   -4.810104e+01 6.430000e+00 -2.560104e+01
    endloop
  endfacet
  facet normal -0.000000e+00 1.000000e+00 0.000000e+00
    outer loop
      vertex   -4.839148e+01 6.430000e+00 -2.679033e+01
      vertex   -4.810104e+01 6.430000e+00 -2.560104e+01
      vertex   -4.804733e+01 6.430000e+00 -2.692365e+01
    endloop
  endfacet
  facet normal 0.000000e+00 1.000000e+00 -0.000000e+00
    outer loop
      vertex   -4.804733e+01 6.430000e+00 -2.692365e+01
      vertex   -4.810104e+01 6.430000e+00 -2.560104e+01
      vertex   -4.792500e+01 6.430000e+00 -2.573612e+01
    endloop
  endfacet
  facet normal -0.000000e+00 1.000000e+00 0.000000e+00
    outer loop
      vertex   -4.804733e+01 6.430000e+00 -2.692365e+01
      vertex   -4.792500e+01 6.430000e+00 -2.573612e+01
      vertex   -4.768454e+01 6.430000e+00 -2.699147e+01
    endloop
  endfacet
  facet normal 0.000000e+00 1.000000e+00 0.000000e+00
    outer loop
      vertex   -4.768454e+01 6.430000e+00 -2.699147e+01
      vertex   -4.792500e+01 6.430000e+00 -2.573612e+01
      vertex   -4.772000e+01 6.430000e+00 -2.582104e+01
    endloop
  endfacet
  facet normal 0.000000e+00 1.000000e+00 -0.000000e+00
    outer loop
      vertex   -4.768454e+01 6.430000e+00 -2.699147e+01
      vertex   -4.772000e+01 6.430000e+00 -2.582104e+01
      vertex   -4.750000e+01 6.430000e+00 -2.585000e+01
    endloop
  endfacet
  facet normal 0.000000e+00 1.000000e+00 0.000000e+00
    outer loop
      vertex   -4.768454e+01 6.430000e+00 -2.699147e+01
      vertex   -4.750000e+01 6.430000e+00 -2.585000e+01
      vertex   -4.731546e+01 6.430000e+00 -2.699147e+01
    endloop
  endfacet
  facet normal 0.000000e+00 1.000000e+00 -0.000000e+00
    outer loop
      vertex   -4.731546e+01 6.430000e+00 -2.699147e+01
      vertex   -4.750000e+01 6.430000e+00 -2.585000e+01
      vertex   -4.728001e+01 6.430000e+00 -2.582104e+01
    endloop
  endfacet
  facet normal 0.000000e+00 1.000000e+00 0.000000e+00
    outer loop
      vertex   -4.731546e+01 6.430000e+00 -2.699147e+01
      vertex   -4.728001e+01 6.430000e+00 -2.582104e+01
      vertex   -4.707500e+01 6.430000e+00 -2.573612e+01
    endloop
  endfacet
  facet normal 0.000000e+00 1.000000e+00 0.000000e+00
    outer loop
      vertex   -4.731546e+01 6.430000e+00 -2.699147e+01
      vertex   -4.707500e+01 6.430000e+00 -2.573612e+01
      vertex   -4.695267e+01 6.430000e+00 -2.692365e+01
    endloop
  endfacet
  facet normal 0.000000e+00 1.000000e+00 -0.000000e+00
    outer loop
      vertex   -4.695267e+01 6.430000e+00 -2.692365e+01
      vertex   -4.707500e+01 6.430000e+00 -2.573612e+01
      vertex   -4.689896e+01 6.430000e+00 -2.560104e+01
    endloop
  endfacet
  facet normal 0.000000e+00 1.000000e+00 0.000000e+00
    outer loop
      vertex   -4.695267e+01 6.430000e+00 -2.692365e+01
      vertex   -4.689896e+01 6.430000e+00 -2.560104e+01
      vertex   -4.660852e+01 6.430000e+00 -2.679033e+01
    endloop
  endfacet
  facet normal 0.000000e+00 1.000000e+00 0.000000e+00
    outer loop
      vertex   -4.660852e+01 6.430000e+00 -2.679033e+01
      vertex   -4.689896e+01 6.430000e+00 -2.560104e+01
      vertex   -4.676388e+01 6.430000e+00 -2.542500e+01
    endloop
  endfacet
  facet normal 0.000000e+00 1.000000e+00 0.000000e+00
    outer loop
      vertex   -4.660852e+01 6.430000e+00 -2.679033e+01
      vertex   -4.676388e+01 6.430000e+00 -2.542500e+01
      vertex   -4.667896e+01 6.430000e+00 -2.522000e+01
    endloop
  endfacet
  facet normal 0.000000e+00 1.000000e+00 -0.000000e+00
    outer loop
      vertex   -4.660852e+01 6.430000e+00 -2.679033e+01
      vertex   -4.667896e+01 6.430000e+00 -2.522000e+01
      vertex   -4.629473e+01 6.430000e+00 -2.659604e+01
    endloop
  endfacet
  facet normal 0.000000e+00 1.000000e+00 0.000000e+00
    outer loop
      vertex   -4.629473e+01 6.430000e+00 -2.659604e+01
      vertex   -4.667896e+01 6.430000e+00 -2.522000e+01
      vertex   -4.665000e+01 6.430000e+00 -2.500000e+01
    endloop
  endfacet
  facet normal 0.000000e+00 1.000000e+00 -0.000000e+00
    outer loop
      vertex   -4.629473e+01 6.430000e+00 -2.659604e+01
      vertex   -4.665000e+01 6.430000e+00 -2.500000e+01
      vertex   -4.602198e+01 6.430000e+00 -2.634739e+01
    endloop
  endfacet
  facet normal 0.000000e+00 1.000000e+00 -0.000000e+00
    outer loop
      vertex   -4.602198e+01 6.430000e+00 -2.634739e+01
      vertex   -4.665000e+01 6.430000e+00 -2.500000e+01
      vertex   -4.579957e+01 6.430000e+00 -2.605287e+01
    endloop
  endfacet
  facet normal 3.861637e-15 1.000000e+00 3.119183e-15
    outer loop
      vertex   -4.579957e+01 6.430000e+00 -2.605287e+01
      vertex   -4.665000e+01 6.430000e+00 -2.500000e+01
      vertex   -4.550000e+01 6.430000e+00 -2.500000e+01
    endloop
  endfacet
  facet normal -1.976377e-14 1.000000e+00 9.841175e-15
    outer loop
      vertex   -4.579957e+01 6.430000e+00 -2.605287e+01
      vertex   -4.550000e+01 6.430000e+00 -2.500000e+01
      vertex   -4.563506e+01 6.430000e+00 -2.572248e+01
    endloop
  endfacet
  facet normal -6.298356e-14 1.000000e+00 1.792032e-14
    outer loop
      vertex   -4.563506e+01 6.430000e+00 -2.572248e+01
      vertex   -4.550000e+01 6.430000e+00 -2.500000e+01
      vertex   -4.553405e+01 6.430000e+00 -2.536750e+01
    endloop
  endfacet
  facet normal 3.861641e-15 1.000000e+00 5.083946e-16
    outer loop
      vertex   -4.665000e+01 6.430000e+00 -2.500000e+01
      vertex   -4.667896e+01 6.430000e+00 -2.478001e+01
      vertex   -4.550000e+01 6.430000e+00 -2.500000e+01
    endloop
  endfacet
  facet normal 4.082305e-15 1.000000e+00 1.690946e-15
    outer loop
      vertex   -4.550000e+01 6.430000e+00 -2.500000e+01
      vertex   -4.667896e+01 6.430000e+00 -2.478001e+01
      vertex   -4.676388e+01 6.430000e+00 -2.457500e+01
    endloop
  endfacet
  facet normal 3.513699e-15 1.000000e+00 -1.060268e-27
    outer loop
      vertex   -4.550000e+01 6.430000e+00 -2.500000e+01
      vertex   -4.676388e+01 6.430000e+00 -2.457500e+01
      vertex   -4.550000e+01 6.430000e+00 -1.263773e+01
    endloop
  endfacet
  facet normal 4.260391e-16 1.000000e+00 3.269113e-16
    outer loop
      vertex   -4.550000e+01 6.430000e+00 -1.263773e+01
      vertex   -4.676388e+01 6.430000e+00 -2.457500e+01
      vertex   -4.689896e+01 6.430000e+00 -2.439896e+01
    endloop
  endfacet
  facet normal 2.655004e-16 1.000000e+00 3.460069e-16
    outer loop
      vertex   -4.550000e+01 6.430000e+00 -1.263773e+01
      vertex   -4.689896e+01 6.430000e+00 -2.439896e+01
      vertex   -4.707500e+01 6.430000e+00 -2.426388e+01
    endloop
  endfacet
  facet normal 1.498124e-16 1.000000e+00 3.616792e-16
    outer loop
      vertex   -4.707500e+01 6.430000e+00 -2.426388e+01
      vertex   -4.728001e+01 6.430000e+00 -2.417896e+01
      vertex   -4.550000e+01 6.430000e+00 -1.263773e+01
    endloop
  endfacet
  facet normal 4.964975e-17 1.000000e+00 3.771273e-16
    outer loop
      vertex   -4.550000e+01 6.430000e+00 -1.263773e+01
      vertex   -4.728001e+01 6.430000e+00 -2.417896e+01
      vertex   -4.750000e+01 6.430000e+00 -2.415000e+01
    endloop
  endfacet
  facet normal 1.164903e-28 1.000000e+00 3.857528e-16
    outer loop
      vertex   -4.550000e+01 6.430000e+00 -1.263773e+01
      vertex   -4.750000e+01 6.430000e+00 -2.415000e+01
      vertex   -4.949999e+01 6.430000e+00 -1.263773e+01
    endloop
  endfacet
  facet normal -4.964976e-17 1.000000e+00 3.771274e-16
    outer loop
      vertex   -4.949999e+01 6.430000e+00 -1.263773e+01
      vertex   -4.750000e+01 6.430000e+00 -2.415000e+01
      vertex   -4.772000e+01 6.430000e+00 -2.417896e+01
    endloop
  endfacet
  facet normal -1.498125e-16 1.000000e+00 3.616794e-16
    outer loop
      vertex   -4.949999e+01 6.430000e+00 -1.263773e+01
      vertex   -4.772000e+01 6.430000e+00 -2.417896e+01
      vertex   -4.792500e+01 6.430000e+00 -2.426388e+01
    endloop
  endfacet
  facet normal -2.655007e-16 1.000000e+00 3.460072e-16
    outer loop
      vertex   -4.792500e+01 6.430000e+00 -2.426388e+01
      vertex   -4.810104e+01 6.430000e+00 -2.439896e+01
      vertex   -4.949999e+01 6.430000e+00 -1.263773e+01
    endloop
  endfacet
  facet normal -4.260398e-16 1.000000e+00 3.269118e-16
    outer loop
      vertex   -4.949999e+01 6.430000e+00 -1.263773e+01
      vertex   -4.810104e+01 6.430000e+00 -2.439896e+01
      vertex   -4.823612e+01 6.430000e+00 -2.457500e+01
    endloop
  endfacet
  facet normal -1.207968e-16 1.000000e+00 3.592296e-16
    outer loop
      vertex   -4.949999e+01 6.430000e+00 -1.263773e+01
      vertex   -4.823612e+01 6.430000e+00 -2.457500e+01
      vertex   -4.950000e+01 6.430000e+00 -2.500000e+01
    endloop
  endfacet
  facet normal 0.000000e+00 1.000000e+00 0.000000e+00
    outer loop
      vertex   -4.950000e+01 6.430000e+00 -2.500000e+01
      vertex   -4.823612e+01 6.430000e+00 -2.457500e+01
      vertex   -4.832104e+01 6.430000e+00 -2.478001e+01
    endloop
  endfacet
  facet normal 0.000000e+00 1.000000e+00 0.000000e+00
    outer loop
      vertex   -4.950000e+01 6.430000e+00 -2.500000e+01
      vertex   -4.832104e+01 6.430000e+00 -2.478001e+01
      vertex   -4.835000e+01 6.430000e+00 -2.500000e+01
    endloop
  endfacet
  facet normal 0.000000e+00 1.000000e+00 0.000000e+00
    outer loop
      vertex   -4.835000e+01 6.430000e+00 -2.500000e+01
      vertex   -4.920044e+01 6.430000e+00 -2.605287e+01
      vertex   -4.950000e+01 6.430000e+00 -2.500000e+01
    endloop
  endfacet
  facet normal 0.000000e+00 1.000000e+00 0.000000e+00
    outer loop
      vertex   -4.950000e+01 6.430000e+00 -2.500000e+01
      vertex   -4.920044e+01 6.430000e+00 -2.605287e+01
      vertex   -4.936495e+01 6.430000e+00 -2.572249e+01
    endloop
  endfacet
  facet normal 0.000000e+00 1.000000e+00 0.000000e+00
    outer loop
      vertex   -4.950000e+01 6.430000e+00 -2.500000e+01
      vertex   -4.936495e+01 6.430000e+00 -2.572249e+01
      vertex   -4.946595e+01 6.430000e+00 -2.536750e+01
    endloop
  endfacet
  facet normal -3.019816e-13 0.000000e+00 -1.000000e+00
    outer loop
      vertex   -4.550000e+01 4.430000e+00 2.119947e+01
      vertex   -4.949999e+01 4.430000e+00 2.119947e+01
      vertex   -4.550000e+01 6.430000e+00 2.119947e+01
    endloop
  endfacet
  facet normal -3.019816e-13 0.000000e+00 -1.000000e+00
    outer loop
      vertex   -4.550000e+01 6.430000e+00 2.119947e+01
      vertex   -4.949999e+01 4.430000e+00 2.119947e+01
      vertex   -4.949999e+01 6.430000e+00 2.119947e+01
    endloop
  endfacet
  facet normal 9.957342e-01 0.000000e+00 -9.226836e-02
    outer loop
      vertex   -4.949999e+01 4.300000e-01 -2.500000e+01
      vertex   -4.949999e+01 4.430000e+00 -2.500000e+01
      vertex   -4.946593e+01 4.300000e-01 -2.463250e+01
    endloop
  endfacet
  facet normal 9.957342e-01 0.000000e+00 -9.226836e-02
    outer loop
      vertex   -4.946593e+01 4.300000e-01 -2.463250e+01
      vertex   -4.949999e+01 4.430000e+00 -2.500000e+01
      vertex   -4.946593e+01 4.430000e+00 -2.463250e+01
    endloop
  endfacet
  facet normal 9.618256e-01 0.000000e+00 -2.736630e-01
    outer loop
      vertex   -4.946593e+01 4.300000e-01 -2.463250e+01
      vertex   -4.946593e+01 4.430000e+00 -2.463250e+01
      vertex   -4.936493e+01 4.300000e-01 -2.427752e+01
    endloop
  endfacet
  facet normal 9.618256e-01 0.000000e+00 -2.736630e-01
    outer loop
      vertex   -4.936493e+01 4.300000e-01 -2.427752e+01
      vertex   -4.946593e+01 4.430000e+00 -2.463250e+01
      vertex   -4.936493e+01 4.430000e+00 -2.427752e+01
    endloop
  endfacet
  facet normal 8.951633e-01 0.000000e+00 -4.457384e-01
    outer loop
      vertex   -4.936493e+01 4.300000e-01 -2.427752e+01
      vertex   -4.936493e+01 4.430000e+00 -2.427752e+01
      vertex   -4.920042e+01 4.300000e-01 -2.394714e+01
    endloop
  endfacet
  facet normal 8.951633e-01 0.000000e+00 -4.457384e-01
    outer loop
      vertex   -4.920042e+01 4.300000e-01 -2.394714e+01
      vertex   -4.936493e+01 4.430000e+00 -2.427752e+01
      vertex   -4.920042e+01 4.430000e+00 -2.394714e+01
    endloop
  endfacet
  facet normal 7.980172e-01 0.000000e+00 -6.026346e-01
    outer loop
      vertex   -4.920042e+01 4.300000e-01 -2.394714e+01
      vertex   -4.920042e+01 4.430000e+00 -2.394714e+01
      vertex   -4.897801e+01 4.300000e-01 -2.365261e+01
    endloop
  endfacet
  facet normal 7.980172e-01 0.000000e+00 -6.026346e-01
    outer loop
      vertex   -4.897801e+01 4.300000e-01 -2.365261e+01
      vertex   -4.920042e+01 4.430000e+00 -2.394714e+01
      vertex   -4.897801e+01 4.430000e+00 -2.365261e+01
    endloop
  endfacet
  facet normal 6.736956e-01 0.000000e+00 -7.390089e-01
    outer loop
      vertex   -4.897801e+01 4.300000e-01 -2.365261e+01
      vertex   -4.897801e+01 4.430000e+00 -2.365261e+01
      vertex   -4.870526e+01 4.300000e-01 -2.340397e+01
    endloop
  endfacet
  facet normal 6.736956e-01 0.000000e+00 -7.390089e-01
    outer loop
      vertex   -4.870526e+01 4.300000e-01 -2.340397e+01
      vertex   -4.897801e+01 4.430000e+00 -2.365261e+01
      vertex   -4.870526e+01 4.430000e+00 -2.340397e+01
    endloop
  endfacet
  facet normal 5.264322e-01 0.000000e+00 -8.502171e-01
    outer loop
      vertex   -4.870526e+01 4.300000e-01 -2.340397e+01
      vertex   -4.870526e+01 4.430000e+00 -2.340397e+01
      vertex   -4.839147e+01 4.300000e-01 -2.320968e+01
    endloop
  endfacet
  facet normal 5.264322e-01 0.000000e+00 -8.502171e-01
    outer loop
      vertex   -4.839147e+01 4.300000e-01 -2.320968e+01
      vertex   -4.870526e+01 4.430000e+00 -2.340397e+01
      vertex   -4.839147e+01 4.430000e+00 -2.320968e+01
    endloop
  endfacet
  facet normal 3.612417e-01 0.000000e+00 -9.324722e-01
    outer loop
      vertex   -4.839147e+01 4.300000e-01 -2.320968e+01
      vertex   -4.839147e+01 4.430000e+00 -2.320968e+01
      vertex   -4.804732e+01 4.300000e-01 -2.307636e+01
    endloop
  endfacet
  facet normal 3.612417e-01 -8.282017e-16 -9.324722e-01
    outer loop
      vertex   -4.804732e+01 4.300000e-01 -2.307636e+01
      vertex   -4.839147e+01 4.430000e+00 -2.320968e+01
      vertex   -4.804732e+01 4.430000e+00 -2.307636e+01
    endloop
  endfacet
  facet normal 1.837495e-01 -8.730555e-16 -9.829731e-01
    outer loop
      vertex   -4.804732e+01 4.300000e-01 -2.307636e+01
      vertex   -4.804732e+01 4.430000e+00 -2.307636e+01
      vertex   -4.768453e+01 4.300000e-01 -2.300854e+01
    endloop
  endfacet
  facet normal 1.837495e-01 0.000000e+00 -9.829731e-01
    outer loop
      vertex   -4.768453e+01 4.300000e-01 -2.300854e+01
      vertex   -4.804732e+01 4.430000e+00 -2.307636e+01
      vertex   -4.768453e+01 4.430000e+00 -2.300854e+01
    endloop
  endfacet
  facet normal 0.000000e+00 0.000000e+00 -1.000000e+00
    outer loop
      vertex   -4.768453e+01 4.300000e-01 -2.300854e+01
      vertex   -4.768453e+01 4.430000e+00 -2.300854e+01
      vertex   -4.731546e+01 4.300000e-01 -2.300854e+01
    endloop
  endfacet
  facet normal 0.000000e+00 0.000000e+00 -1.000000e+00
    outer loop
      vertex   -4.731546e+01 4.300000e-01 -2.300854e+01
      vertex   -4.768453e+01 4.430000e+00 -2.300854e+01
      vertex   -4.731546e+01 4.430000e+00 -2.300854e+01
    endloop
  endfacet
  facet normal -1.837495e-01 0.000000e+00 -9.829731e-01
    outer loop
      vertex   -4.731546e+01 4.300000e-01 -2.300854e+01
      vertex   -4.731546e+01 4.430000e+00 -2.300854e+01
      vertex   -4.695267e+01 4.300000e-01 -2.307636e+01
    endloop
  endfacet
  facet normal -1.837495e-01 0.000000e+00 -9.829731e-01
    outer loop
      vertex   -4.695267e+01 4.300000e-01 -2.307636e+01
      vertex   -4.731546e+01 4.430000e+00 -2.300854e+01
      vertex   -4.695267e+01 4.430000e+00 -2.307636e+01
    endloop
  endfacet
  facet normal -3.612417e-01 0.000000e+00 -9.324722e-01
    outer loop
      vertex   -4.695267e+01 4.300000e-01 -2.307636e+01
      vertex   -4.695267e+01 4.430000e+00 -2.307636e+01
      vertex   -4.660852e+01 4.300000e-01 -2.320968e+01
    endloop
  endfacet
  facet normal -3.612417e-01 0.000000e+00 -9.324722e-01
    outer loop
      vertex   -4.660852e+01 4.300000e-01 -2.320968e+01
      vertex   -4.695267e+01 4.430000e+00 -2.307636e+01
      vertex   -4.660852e+01 4.430000e+00 -2.320968e+01
    endloop
  endfacet
  facet normal -5.264322e-01 0.000000e+00 -8.502171e-01
    outer loop
      vertex   -4.660852e+01 4.300000e-01 -2.320968e+01
      vertex   -4.660852e+01 4.430000e+00 -2.320968e+01
      vertex   -4.629473e+01 4.300000e-01 -2.340397e+01
    endloop
  endfacet
  facet normal -5.264322e-01 0.000000e+00 -8.502171e-01
    outer loop
      vertex   -4.629473e+01 4.300000e-01 -2.340397e+01
      vertex   -4.660852e+01 4.430000e+00 -2.320968e+01
      vertex   -4.629473e+01 4.430000e+00 -2.340397e+01
    endloop
  endfacet
  facet normal -6.736956e-01 0.000000e+00 -7.390089e-01
    outer loop
      vertex   -4.629473e+01 4.300000e-01 -2.340397e+01
      vertex   -4.629473e+01 4.430000e+00 -2.340397e+01
      vertex   -4.602198e+01 4.300000e-01 -2.365261e+01
    endloop
  endfacet
  facet normal -6.736956e-01 0.000000e+00 -7.390089e-01
    outer loop
      vertex   -4.602198e+01 4.300000e-01 -2.365261e+01
      vertex   -4.629473e+01 4.430000e+00 -2.340397e+01
      vertex   -4.602198e+01 4.430000e+00 -2.365261e+01
    endloop
  endfacet
  facet normal -7.980172e-01 0.000000e+00 -6.026346e-01
    outer loop
      vertex   -4.602198e+01 4.300000e-01 -2.365261e+01
      vertex   -4.602198e+01 4.430000e+00 -2.365261e+01
      vertex   -4.579957e+01 4.300000e-01 -2.394714e+01
    endloop
  endfacet
  facet normal -7.980172e-01 0.000000e+00 -6.026346e-01
    outer loop
      vertex   -4.579957e+01 4.300000e-01 -2.394714e+01
      vertex   -4.602198e+01 4.430000e+00 -2.365261e+01
      vertex   -4.579957e+01 4.430000e+00 -2.394714e+01
    endloop
  endfacet
  facet normal -8.951633e-01 0.000000e+00 -4.457384e-01
    outer loop
      vertex   -4.579957e+01 4.300000e-01 -2.394714e+01
      vertex   -4.579957e+01 4.430000e+00 -2.394714e+01
      vertex   -4.563506e+01 4.300000e-01 -2.427752e+01
    endloop
  endfacet
  facet normal -8.951633e-01 0.000000e+00 -4.457384e-01
    outer loop
      vertex   -4.563506e+01 4.300000e-01 -2.427752e+01
      vertex   -4.579957e+01 4.430000e+00 -2.394714e+01
      vertex   -4.563506e+01 4.430000e+00 -2.427752e+01
    endloop
  endfacet
  facet normal -9.618256e-01 0.000000e+00 -2.736630e-01
    outer loop
      vertex   -4.563506e+01 4.300000e-01 -2.427752e+01
      vertex   -4.563506e+01 4.430000e+00 -2.427752e+01
      vertex   -4.553405e+01 4.300000e-01 -2.463250e+01
    endloop
  endfacet
  facet normal -9.618256e-01 0.000000e+00 -2.736630e-01
    outer loop
      vertex   -4.553405e+01 4.300000e-01 -2.463250e+01
      vertex   -4.563506e+01 4.430000e+00 -2.427752e+01
      vertex   -4.553405e+01 4.430000e+00 -2.463250e+01
    endloop
  endfacet
  facet normal -9.957342e-01 0.000000e+00 -9.226836e-02
    outer loop
      vertex   -4.553405e+01 4.300000e-01 -2.463250e+01
      vertex   -4.553405e+01 4.430000e+00 -2.463250e+01
      vertex   -4.550000e+01 4.300000e-01 -2.500000e+01
    endloop
  endfacet
  facet normal -9.957342e-01 0.000000e+00 -9.226836e-02
    outer loop
      vertex   -4.550000e+01 4.300000e-01 -2.500000e+01
      vertex   -4.553405e+01 4.430000e+00 -2.463250e+01
      vertex   -4.550000e+01 4.430000e+00 -2.500000e+01
    endloop
  endfacet
  facet normal -9.957338e-01 0.000000e+00 9.227211e-02
    outer loop
      vertex   -4.550000e+01 4.300000e-01 2.500000e+01
      vertex   -4.550000e+01 4.430000e+00 2.500000e+01
      vertex   -4.553406e+01 4.300000e-01 2.463250e+01
    endloop
  endfacet
  facet normal -9.957338e-01 -1.639082e-16 9.227211e-02
    outer loop
      vertex   -4.553406e+01 4.300000e-01 2.463250e+01
      vertex   -4.550000e+01 4.430000e+00 2.500000e+01
      vertex   -4.553406e+01 4.430000e+00 2.463250e+01
    endloop
  endfacet
  facet normal -9.618247e-01 -4.861292e-16 2.736664e-01
    outer loop
      vertex   -4.553406e+01 4.300000e-01 2.463250e+01
      vertex   -4.553406e+01 4.430000e+00 2.463250e+01
      vertex   -4.563506e+01 4.300000e-01 2.427752e+01
    endloop
  endfacet
  facet normal -9.618247e-01 0.000000e+00 2.736664e-01
    outer loop
      vertex   -4.563506e+01 4.300000e-01 2.427752e+01
      vertex   -4.553406e+01 4.430000e+00 2.463250e+01
      vertex   -4.563506e+01 4.430000e+00 2.427752e+01
    endloop
  endfacet
  facet normal -8.951618e-01 0.000000e+00 4.457413e-01
    outer loop
      vertex   -4.563506e+01 4.300000e-01 2.427752e+01
      vertex   -4.563506e+01 4.430000e+00 2.427752e+01
      vertex   -4.579957e+01 4.300000e-01 2.394714e+01
    endloop
  endfacet
  facet normal -8.951618e-01 -3.958978e-16 4.457413e-01
    outer loop
      vertex   -4.579957e+01 4.300000e-01 2.394714e+01
      vertex   -4.563506e+01 4.430000e+00 2.427752e+01
      vertex   -4.579957e+01 4.430000e+00 2.394714e+01
    endloop
  endfacet
  facet normal -7.980154e-01 -5.352493e-16 6.026371e-01
    outer loop
      vertex   -4.579957e+01 4.300000e-01 2.394714e+01
      vertex   -4.579957e+01 4.430000e+00 2.394714e+01
      vertex   -4.602199e+01 4.300000e-01 2.365262e+01
    endloop
  endfacet
  facet normal -7.980154e-01 0.000000e+00 6.026371e-01
    outer loop
      vertex   -4.602199e+01 4.300000e-01 2.365262e+01
      vertex   -4.579957e+01 4.430000e+00 2.394714e+01
      vertex   -4.602199e+01 4.430000e+00 2.365262e+01
    endloop
  endfacet
  facet normal -6.736935e-01 0.000000e+00 7.390108e-01
    outer loop
      vertex   -4.602199e+01 4.300000e-01 2.365262e+01
      vertex   -4.602199e+01 4.430000e+00 2.365262e+01
      vertex   -4.629473e+01 4.300000e-01 2.340398e+01
    endloop
  endfacet
  facet normal -6.736935e-01 0.000000e+00 7.390108e-01
    outer loop
      vertex   -4.629473e+01 4.300000e-01 2.340398e+01
      vertex   -4.602199e+01 4.430000e+00 2.365262e+01
      vertex   -4.629473e+01 4.430000e+00 2.340398e+01
    endloop
  endfacet
  facet normal -5.264299e-01 0.000000e+00 8.502185e-01
    outer loop
      vertex   -4.629473e+01 4.300000e-01 2.340398e+01
      vertex   -4.629473e+01 4.430000e+00 2.340398e+01
      vertex   -4.660852e+01 4.300000e-01 2.320968e+01
    endloop
  endfacet
  facet normal -5.264299e-01 0.000000e+00 8.502185e-01
    outer loop
      vertex   -4.660852e+01 4.300000e-01 2.320968e+01
      vertex   -4.629473e+01 4.430000e+00 2.340398e+01
      vertex   -4.660852e+01 4.430000e+00 2.320968e+01
    endloop
  endfacet
  facet normal -3.612394e-01 0.000000e+00 9.324731e-01
    outer loop
      vertex   -4.660852e+01 4.300000e-01 2.320968e+01
      vertex   -4.660852e+01 4.430000e+00 2.320968e+01
      vertex   -4.695267e+01 4.300000e-01 2.307636e+01
    endloop
  endfacet
  facet normal -3.612394e-01 0.000000e+00 9.324731e-01
    outer loop
      vertex   -4.695267e+01 4.300000e-01 2.307636e+01
      vertex   -4.660852e+01 4.430000e+00 2.320968e+01
      vertex   -4.695267e+01 4.430000e+00 2.307636e+01
    endloop
  endfacet
  facet normal -1.837474e-01 0.000000e+00 9.829735e-01
    outer loop
      vertex   -4.695267e+01 4.300000e-01 2.307636e+01
      vertex   -4.695267e+01 4.430000e+00 2.307636e+01
      vertex   -4.731546e+01 4.300000e-01 2.300855e+01
    endloop
  endfacet
  facet normal -1.837474e-01 0.000000e+00 9.829735e-01
    outer loop
      vertex   -4.731546e+01 4.300000e-01 2.300855e+01
      vertex   -4.695267e+01 4.430000e+00 2.307636e+01
      vertex   -4.731546e+01 4.430000e+00 2.300855e+01
    endloop
  endfacet
  facet normal 1.942605e-06 -0.000000e+00 1.000000e+00
    outer loop
      vertex   -4.731546e+01 4.300000e-01 2.300855e+01
      vertex   -4.731546e+01 4.430000e+00 2.300855e+01
      vertex   -4.768453e+01 4.300000e-01 2.300855e+01
    endloop
  endfacet
  facet normal 1.942605e-06 -0.000000e+00 1.000000e+00
    outer loop
      vertex   -4.768453e+01 4.300000e-01 2.300855e+01
      vertex   -4.731546e+01 4.430000e+00 2.300855e+01
      vertex   -4.768453e+01 4.430000e+00 2.300855e+01
    endloop
  endfacet
  facet normal 1.837512e-01 -0.000000e+00 9.829728e-01
    outer loop
      vertex   -4.768453e+01 4.300000e-01 2.300855e+01
      vertex   -4.768453e+01 4.430000e+00 2.300855e+01
      vertex   -4.804732e+01 4.300000e-01 2.307636e+01
    endloop
  endfacet
  facet normal 1.837512e-01 -0.000000e+00 9.829728e-01
    outer loop
      vertex   -4.804732e+01 4.300000e-01 2.307636e+01
      vertex   -4.768453e+01 4.430000e+00 2.300855e+01
      vertex   -4.804732e+01 4.430000e+00 2.307636e+01
    endloop
  endfacet
  facet normal 3.612431e-01 -0.000000e+00 9.324717e-01
    outer loop
      vertex   -4.804732e+01 4.300000e-01 2.307636e+01
      vertex   -4.804732e+01 4.430000e+00 2.307636e+01
      vertex   -4.839147e+01 4.300000e-01 2.320969e+01
    endloop
  endfacet
  facet normal 3.612431e-01 -0.000000e+00 9.324717e-01
    outer loop
      vertex   -4.839147e+01 4.300000e-01 2.320969e+01
      vertex   -4.804732e+01 4.430000e+00 2.307636e+01
      vertex   -4.839147e+01 4.430000e+00 2.320969e+01
    endloop
  endfacet
  facet normal 5.264332e-01 -0.000000e+00 8.502165e-01
    outer loop
      vertex   -4.839147e+01 4.300000e-01 2.320969e+01
      vertex   -4.839147e+01 4.430000e+00 2.320969e+01
      vertex   -4.870526e+01 4.300000e-01 2.340398e+01
    endloop
  endfacet
  facet normal 5.264332e-01 -0.000000e+00 8.502165e-01
    outer loop
      vertex   -4.870526e+01 4.300000e-01 2.340398e+01
      vertex   -4.839147e+01 4.430000e+00 2.320969e+01
      vertex   -4.870526e+01 4.430000e+00 2.340398e+01
    endloop
  endfacet
  facet normal 6.736964e-01 -0.000000e+00 7.390082e-01
    outer loop
      vertex   -4.870526e+01 4.300000e-01 2.340398e+01
      vertex   -4.870526e+01 4.430000e+00 2.340398e+01
      vertex   -4.897801e+01 4.300000e-01 2.365262e+01
    endloop
  endfacet
  facet normal 6.736964e-01 -0.000000e+00 7.390082e-01
    outer loop
      vertex   -4.897801e+01 4.300000e-01 2.365262e+01
      vertex   -4.870526e+01 4.430000e+00 2.340398e+01
      vertex   -4.897801e+01 4.430000e+00 2.365262e+01
    endloop
  endfacet
  facet normal 7.980177e-01 -0.000000e+00 6.026340e-01
    outer loop
      vertex   -4.897801e+01 4.300000e-01 2.365262e+01
      vertex   -4.897801e+01 4.430000e+00 2.365262e+01
      vertex   -4.920042e+01 4.300000e-01 2.394715e+01
    endloop
  endfacet
  facet normal 7.980177e-01 -0.000000e+00 6.026340e-01
    outer loop
      vertex   -4.920042e+01 4.300000e-01 2.394715e+01
      vertex   -4.897801e+01 4.430000e+00 2.365262e+01
      vertex   -4.920042e+01 4.430000e+00 2.394715e+01
    endloop
  endfacet
  facet normal 8.951635e-01 -0.000000e+00 4.457378e-01
    outer loop
      vertex   -4.920042e+01 4.300000e-01 2.394715e+01
      vertex   -4.920042e+01 4.430000e+00 2.394715e+01
      vertex   -4.936493e+01 4.300000e-01 2.427753e+01
    endloop
  endfacet
  facet normal 8.951635e-01 3.958947e-16 4.457378e-01
    outer loop
      vertex   -4.936493e+01 4.300000e-01 2.427753e+01
      vertex   -4.920042e+01 4.430000e+00 2.394715e+01
      vertex   -4.936493e+01 4.430000e+00 2.427753e+01
    endloop
  endfacet
  facet normal 9.618257e-01 2.430613e-16 2.736627e-01
    outer loop
      vertex   -4.936493e+01 4.300000e-01 2.427753e+01
      vertex   -4.936493e+01 4.430000e+00 2.427753e+01
      vertex   -4.946593e+01 4.300000e-01 2.463251e+01
    endloop
  endfacet
  facet normal 9.618257e-01 -0.000000e+00 2.736627e-01
    outer loop
      vertex   -4.946593e+01 4.300000e-01 2.463251e+01
      vertex   -4.936493e+01 4.430000e+00 2.427753e+01
      vertex   -4.946593e+01 4.430000e+00 2.463251e+01
    endloop
  endfacet
  facet normal 9.957342e-01 -0.000000e+00 9.226825e-02
    outer loop
      vertex   -4.946593e+01 4.300000e-01 2.463251e+01
      vertex   -4.946593e+01 4.430000e+00 2.463251e+01
      vertex   -4.949999e+01 4.300000e-01 2.500001e+01
    endloop
  endfacet
  facet normal 9.957342e-01 -0.000000e+00 9.226825e-02
    outer loop
      vertex   -4.949999e+01 4.300000e-01 2.500001e+01
      vertex   -4.946593e+01 4.430000e+00 2.463251e+01
      vertex   -4.949999e+01 4.430000e+00 2.500001e+01
    endloop
  endfacet
  facet normal 9.914449e-01 -0.000000e+00 1.305262e-01
    outer loop
      vertex   -4.832104e+01 4.430000e+00 2.478000e+01
      vertex   -4.832104e+01 6.430000e+00 2.478000e+01
      vertex   -4.835000e+01 4.430000e+00 2.500000e+01
    endloop
  endfacet
  facet normal 9.914449e-01 -0.000000e+00 1.305262e-01
    outer loop
      vertex   -4.835000e+01 4.430000e+00 2.500000e+01
      vertex   -4.832104e+01 6.430000e+00 2.478000e+01
      vertex   -4.835000e+01 6.430000e+00 2.500000e+01
    endloop
  endfacet
  facet normal 9.914449e-01 0.000000e+00 -1.305262e-01
    outer loop
      vertex   -4.835000e+01 4.430000e+00 2.500000e+01
      vertex   -4.835000e+01 6.430000e+00 2.500000e+01
      vertex   -4.832104e+01 4.430000e+00 2.522000e+01
    endloop
  endfacet
  facet normal 9.914449e-01 0.000000e+00 -1.305262e-01
    outer loop
      vertex   -4.832104e+01 4.430000e+00 2.522000e+01
      vertex   -4.835000e+01 6.430000e+00 2.500000e+01
      vertex   -4.832104e+01 6.430000e+00 2.522000e+01
    endloop
  endfacet
  facet normal 9.238795e-01 0.000000e+00 -3.826834e-01
    outer loop
      vertex   -4.832104e+01 4.430000e+00 2.522000e+01
      vertex   -4.832104e+01 6.430000e+00 2.522000e+01
      vertex   -4.823612e+01 4.430000e+00 2.542500e+01
    endloop
  endfacet
  facet normal 9.238795e-01 0.000000e+00 -3.826834e-01
    outer loop
      vertex   -4.823612e+01 4.430000e+00 2.542500e+01
      vertex   -4.832104e+01 6.430000e+00 2.522000e+01
      vertex   -4.823612e+01 6.430000e+00 2.542500e+01
    endloop
  endfacet
  facet normal 7.933533e-01 0.000000e+00 -6.087614e-01
    outer loop
      vertex   -4.823612e+01 4.430000e+00 2.542500e+01
      vertex   -4.823612e+01 6.430000e+00 2.542500e+01
      vertex   -4.810104e+01 4.430000e+00 2.560104e+01
    endloop
  endfacet
  facet normal 7.933533e-01 0.000000e+00 -6.087614e-01
    outer loop
      vertex   -4.810104e+01 4.430000e+00 2.560104e+01
      vertex   -4.823612e+01 6.430000e+00 2.542500e+01
      vertex   -4.810104e+01 6.430000e+00 2.560104e+01
    endloop
  endfacet
  facet normal 6.087614e-01 0.000000e+00 -7.933533e-01
    outer loop
      vertex   -4.810104e+01 4.430000e+00 2.560104e+01
      vertex   -4.810104e+01 6.430000e+00 2.560104e+01
      vertex   -4.792500e+01 4.430000e+00 2.573612e+01
    endloop
  endfacet
  facet normal 6.087614e-01 0.000000e+00 -7.933533e-01
    outer loop
      vertex   -4.792500e+01 4.430000e+00 2.573612e+01
      vertex   -4.810104e+01 6.430000e+00 2.560104e+01
      vertex   -4.792500e+01 6.430000e+00 2.573612e+01
    endloop
  endfacet
  facet normal 3.826834e-01 0.000000e+00 -9.238795e-01
    outer loop
      vertex   -4.792500e+01 4.430000e+00 2.573612e+01
      vertex   -4.792500e+01 6.430000e+00 2.573612e+01
      vertex   -4.772000e+01 4.430000e+00 2.582104e+01
    endloop
  endfacet
  facet normal 3.826834e-01 0.000000e+00 -9.238795e-01
    outer loop
      vertex   -4.772000e+01 4.430000e+00 2.582104e+01
      vertex   -4.792500e+01 6.430000e+00 2.573612e+01
      vertex   -4.772000e+01 6.430000e+00 2.582104e+01
    endloop
  endfacet
  facet normal 1.305262e-01 0.000000e+00 -9.914449e-01
    outer loop
      vertex   -4.772000e+01 4.430000e+00 2.582104e+01
      vertex   -4.772000e+01 6.430000e+00 2.582104e+01
      vertex   -4.750000e+01 4.430000e+00 2.585000e+01
    endloop
  endfacet
  facet normal 1.305262e-01 0.000000e+00 -9.914449e-01
    outer loop
      vertex   -4.750000e+01 4.430000e+00 2.585000e+01
      vertex   -4.772000e+01 6.430000e+00 2.582104e+01
      vertex   -4.750000e+01 6.430000e+00 2.585000e+01
    endloop
  endfacet
  facet normal -1.305262e-01 0.000000e+00 -9.914449e-01
    outer loop
      vertex   -4.750000e+01 4.430000e+00 2.585000e+01
      vertex   -4.750000e+01 6.430000e+00 2.585000e+01
      vertex   -4.728000e+01 4.430000e+00 2.582104e+01
    endloop
  endfacet
  facet normal -1.305262e-01 0.000000e+00 -9.914449e-01
    outer loop
      vertex   -4.728000e+01 4.430000e+00 2.582104e+01
      vertex   -4.750000e+01 6.430000e+00 2.585000e+01
      vertex   -4.728000e+01 6.430000e+00 2.582104e+01
    endloop
  endfacet
  facet normal -3.826834e-01 0.000000e+00 -9.238795e-01
    outer loop
      vertex   -4.728000e+01 4.430000e+00 2.582104e+01
      vertex   -4.728000e+01 6.430000e+00 2.582104e+01
      vertex   -4.707500e+01 4.430000e+00 2.573612e+01
    endloop
  endfacet
  facet normal -3.826834e-01 0.000000e+00 -9.238795e-01
    outer loop
      vertex   -4.707500e+01 4.430000e+00 2.573612e+01
      vertex   -4.728000e+01 6.430000e+00 2.582104e+01
      vertex   -4.707500e+01 6.430000e+00 2.573612e+01
    endloop
  endfacet
  facet normal -6.087614e-01 0.000000e+00 -7.933533e-01
    outer loop
      vertex   -4.707500e+01 4.430000e+00 2.573612e+01
      vertex   -4.707500e+01 6.430000e+00 2.573612e+01
      vertex   -4.689896e+01 4.430000e+00 2.560104e+01
    endloop
  endfacet
  facet normal -6.087614e-01 0.000000e+00 -7.933533e-01
    outer loop
      vertex   -4.689896e+01 4.430000e+00 2.560104e+01
      vertex   -4.707500e+01 6.430000e+00 2.573612e+01
      vertex   -4.689896e+01 6.430000e+00 2.560104e+01
    endloop
  endfacet
  facet normal -7.933533e-01 0.000000e+00 -6.087614e-01
    outer loop
      vertex   -4.689896e+01 4.430000e+00 2.560104e+01
      vertex   -4.689896e+01 6.430000e+00 2.560104e+01
      vertex   -4.676388e+01 4.430000e+00 2.542500e+01
    endloop
  endfacet
  facet normal -7.933533e-01 0.000000e+00 -6.087614e-01
    outer loop
      vertex   -4.676388e+01 4.430000e+00 2.542500e+01
      vertex   -4.689896e+01 6.430000e+00 2.560104e+01
      vertex   -4.676388e+01 6.430000e+00 2.542500e+01
    endloop
  endfacet
  facet normal -9.238795e-01 0.000000e+00 -3.826834e-01
    outer loop
      vertex   -4.676388e+01 4.430000e+00 2.542500e+01
      vertex   -4.676388e+01 6.430000e+00 2.542500e+01
      vertex   -4.667896e+01 4.430000e+00 2.522000e+01
    endloop
  endfacet
  facet normal -9.238795e-01 0.000000e+00 -3.826834e-01
    outer loop
      vertex   -4.667896e+01 4.430000e+00 2.522000e+01
      vertex   -4.676388e+01 6.430000e+00 2.542500e+01
      vertex   -4.667896e+01 6.430000e+00 2.522000e+01
    endloop
  endfacet
  facet normal -9.914449e-01 0.000000e+00 -1.305262e-01
    outer loop
      vertex   -4.667896e+01 4.430000e+00 2.522000e+01
      vertex   -4.667896e+01 6.430000e+00 2.522000e+01
      vertex   -4.665000e+01 4.430000e+00 2.500000e+01
    endloop
  endfacet
  facet normal -9.914449e-01 0.000000e+00 -1.305262e-01
    outer loop
      vertex   -4.665000e+01 4.430000e+00 2.500000e+01
      vertex   -4.667896e+01 6.430000e+00 2.522000e+01
      vertex   -4.665000e+01 6.430000e+00 2.500000e+01
    endloop
  endfacet
  facet normal -9.914449e-01 0.000000e+00 1.305262e-01
    outer loop
      vertex   -4.665000e+01 4.430000e+00 2.500000e+01
      vertex   -4.665000e+01 6.430000e+00 2.500000e+01
      vertex   -4.667896e+01 4.430000e+00 2.478000e+01
    endloop
  endfacet
  facet normal -9.914449e-01 0.000000e+00 1.305262e-01
    outer loop
      vertex   -4.667896e+01 4.430000e+00 2.478000e+01
      vertex   -4.665000e+01 6.430000e+00 2.500000e+01
      vertex   -4.667896e+01 6.430000e+00 2.478000e+01
    endloop
  endfacet
  facet normal -9.238795e-01 0.000000e+00 3.826834e-01
    outer loop
      vertex   -4.667896e+01 4.430000e+00 2.478000e+01
      vertex   -4.667896e+01 6.430000e+00 2.478000e+01
      vertex   -4.676388e+01 4.430000e+00 2.457500e+01
    endloop
  endfacet
  facet normal -9.238795e-01 0.000000e+00 3.826834e-01
    outer loop
      vertex   -4.676388e+01 4.430000e+00 2.457500e+01
      vertex   -4.667896e+01 6.430000e+00 2.478000e+01
      vertex   -4.676388e+01 6.430000e+00 2.457500e+01
    endloop
  endfacet
  facet normal -7.933533e-01 0.000000e+00 6.087614e-01
    outer loop
      vertex   -4.676388e+01 4.430000e+00 2.457500e+01
      vertex   -4.676388e+01 6.430000e+00 2.457500e+01
      vertex   -4.689896e+01 4.430000e+00 2.439896e+01
    endloop
  endfacet
  facet normal -7.933533e-01 0.000000e+00 6.087614e-01
    outer loop
      vertex   -4.689896e+01 4.430000e+00 2.439896e+01
      vertex   -4.676388e+01 6.430000e+00 2.457500e+01
      vertex   -4.689896e+01 6.430000e+00 2.439896e+01
    endloop
  endfacet
  facet normal -6.087614e-01 0.000000e+00 7.933533e-01
    outer loop
      vertex   -4.689896e+01 4.430000e+00 2.439896e+01
      vertex   -4.689896e+01 6.430000e+00 2.439896e+01
      vertex   -4.707500e+01 4.430000e+00 2.426388e+01
    endloop
  endfacet
  facet normal -6.087614e-01 0.000000e+00 7.933533e-01
    outer loop
      vertex   -4.707500e+01 4.430000e+00 2.426388e+01
      vertex   -4.689896e+01 6.430000e+00 2.439896e+01
      vertex   -4.707500e+01 6.430000e+00 2.426388e+01
    endloop
  endfacet
  facet normal -3.826834e-01 0.000000e+00 9.238795e-01
    outer loop
      vertex   -4.707500e+01 4.430000e+00 2.426388e+01
      vertex   -4.707500e+01 6.430000e+00 2.426388e+01
      vertex   -4.728000e+01 4.430000e+00 2.417896e+01
    endloop
  endfacet
  facet normal -3.826834e-01 0.000000e+00 9.238795e-01
    outer loop
      vertex   -4.728000e+01 4.430000e+00 2.417896e+01
      vertex   -4.707500e+01 6.430000e+00 2.426388e+01
      vertex   -4.728000e+01 6.430000e+00 2.417896e+01
    endloop
  endfacet
  facet normal -1.305262e-01 0.000000e+00 9.914449e-01
    outer loop
      vertex   -4.728000e+01 4.430000e+00 2.417896e+01
      vertex   -4.728000e+01 6.430000e+00 2.417896e+01
      vertex   -4.750000e+01 4.430000e+00 2.415000e+01
    endloop
  endfacet
  facet normal -1.305262e-01 0.000000e+00 9.914449e-01
    outer loop
      vertex   -4.750000e+01 4.430000e+00 2.415000e+01
      vertex   -4.728000e+01 6.430000e+00 2.417896e+01
      vertex   -4.750000e+01 6.430000e+00 2.415000e+01
    endloop
  endfacet
  facet normal 1.305262e-01 -0.000000e+00 9.914449e-01
    outer loop
      vertex   -4.750000e+01 4.430000e+00 2.415000e+01
      vertex   -4.750000e+01 6.430000e+00 2.415000e+01
      vertex   -4.772000e+01 4.430000e+00 2.417896e+01
    endloop
  endfacet
  facet normal 1.305262e-01 -0.000000e+00 9.914449e-01
    outer loop
      vertex   -4.772000e+01 4.430000e+00 2.417896e+01
      vertex   -4.750000e+01 6.430000e+00 2.415000e+01
      vertex   -4.772000e+01 6.430000e+00 2.417896e+01
    endloop
  endfacet
  facet normal 3.826834e-01 -0.000000e+00 9.238795e-01
    outer loop
      vertex   -4.772000e+01 4.430000e+00 2.417896e+01
      vertex   -4.772000e+01 6.430000e+00 2.417896e+01
      vertex   -4.792500e+01 4.430000e+00 2.426388e+01
    endloop
  endfacet
  facet normal 3.826834e-01 -0.000000e+00 9.238795e-01
    outer loop
      vertex   -4.792500e+01 4.430000e+00 2.426388e+01
      vertex   -4.772000e+01 6.430000e+00 2.417896e+01
      vertex   -4.792500e+01 6.430000e+00 2.426388e+01
    endloop
  endfacet
  facet normal 6.087614e-01 -0.000000e+00 7.933533e-01
    outer loop
      vertex   -4.792500e+01 4.430000e+00 2.426388e+01
      vertex   -4.792500e+01 6.430000e+00 2.426388e+01
      vertex   -4.810104e+01 4.430000e+00 2.439896e+01
    endloop
  endfacet
  facet normal 6.087614e-01 -0.000000e+00 7.933533e-01
    outer loop
      vertex   -4.810104e+01 4.430000e+00 2.439896e+01
      vertex   -4.792500e+01 6.430000e+00 2.426388e+01
      vertex   -4.810104e+01 6.430000e+00 2.439896e+01
    endloop
  endfacet
  facet normal 7.933533e-01 -0.000000e+00 6.087614e-01
    outer loop
      vertex   -4.810104e+01 4.430000e+00 2.439896e+01
      vertex   -4.810104e+01 6.430000e+00 2.439896e+01
      vertex   -4.823612e+01 4.430000e+00 2.457500e+01
    endloop
  endfacet
  facet normal 7.933533e-01 -0.000000e+00 6.087614e-01
    outer loop
      vertex   -4.823612e+01 4.430000e+00 2.457500e+01
      vertex   -4.810104e+01 6.430000e+00 2.439896e+01
      vertex   -4.823612e+01 6.430000e+00 2.457500e+01
    endloop
  endfacet
  facet normal 9.238795e-01 -0.000000e+00 3.826834e-01
    outer loop
      vertex   -4.823612e+01 4.430000e+00 2.457500e+01
      vertex   -4.823612e+01 6.430000e+00 2.457500e+01
      vertex   -4.832104e+01 4.430000e+00 2.478000e+01
    endloop
  endfacet
  facet normal 9.238795e-01 -0.000000e+00 3.826834e-01
    outer loop
      vertex   -4.832104e+01 4.430000e+00 2.478000e+01
      vertex   -4.823612e+01 6.430000e+00 2.457500e+01
      vertex   -4.832104e+01 6.430000e+00 2.478000e+01
    endloop
  endfacet
  facet normal 9.957345e-01 -0.000000e+00 9.226460e-02
    outer loop
      vertex   -4.550000e+01 4.430000e+00 2.500000e+01
      vertex   -4.550000e+01 6.430000e+00 2.500000e+01
      vertex   -4.553405e+01 4.430000e+00 2.536750e+01
    endloop
  endfacet
  facet normal 9.957345e-01 -0.000000e+00 9.226460e-02
    outer loop
      vertex   -4.553405e+01 4.430000e+00 2.536750e+01
      vertex   -4.550000e+01 6.430000e+00 2.500000e+01
      vertex   -4.553405e+01 6.430000e+00 2.536750e+01
    endloop
  endfacet
  facet normal 9.618266e-01 -0.000000e+00 2.736596e-01
    outer loop
      vertex   -4.553405e+01 4.430000e+00 2.536750e+01
      vertex   -4.553405e+01 6.430000e+00 2.536750e+01
      vertex   -4.563505e+01 4.430000e+00 2.572248e+01
    endloop
  endfacet
  facet normal 9.618266e-01 -0.000000e+00 2.736596e-01
    outer loop
      vertex   -4.563505e+01 4.430000e+00 2.572248e+01
      vertex   -4.553405e+01 6.430000e+00 2.536750e+01
      vertex   -4.563505e+01 6.430000e+00 2.572248e+01
    endloop
  endfacet
  facet normal 8.951648e-01 -0.000000e+00 4.457354e-01
    outer loop
      vertex   -4.563505e+01 4.430000e+00 2.572248e+01
      vertex   -4.563505e+01 6.430000e+00 2.572248e+01
      vertex   -4.579956e+01 4.430000e+00 2.605286e+01
    endloop
  endfacet
  facet normal 8.951648e-01 -0.000000e+00 4.457354e-01
    outer loop
      vertex   -4.579956e+01 4.430000e+00 2.605286e+01
      vertex   -4.563505e+01 6.430000e+00 2.572248e+01
      vertex   -4.579956e+01 6.430000e+00 2.605286e+01
    endloop
  endfacet
  facet normal 7.980191e-01 -0.000000e+00 6.026322e-01
    outer loop
      vertex   -4.579956e+01 4.430000e+00 2.605286e+01
      vertex   -4.579956e+01 6.430000e+00 2.605286e+01
      vertex   -4.602198e+01 4.430000e+00 2.634739e+01
    endloop
  endfacet
  facet normal 7.980191e-01 -0.000000e+00 6.026322e-01
    outer loop
      vertex   -4.602198e+01 4.430000e+00 2.634739e+01
      vertex   -4.579956e+01 6.430000e+00 2.605286e+01
      vertex   -4.602198e+01 6.430000e+00 2.634739e+01
    endloop
  endfacet
  facet normal 6.736978e-01 -0.000000e+00 7.390070e-01
    outer loop
      vertex   -4.602198e+01 4.430000e+00 2.634739e+01
      vertex   -4.602198e+01 6.430000e+00 2.634739e+01
      vertex   -4.629472e+01 4.430000e+00 2.659603e+01
    endloop
  endfacet
  facet normal 6.736978e-01 -0.000000e+00 7.390070e-01
    outer loop
      vertex   -4.629472e+01 4.430000e+00 2.659603e+01
      vertex   -4.602198e+01 6.430000e+00 2.634739e+01
      vertex   -4.629472e+01 6.430000e+00 2.659603e+01
    endloop
  endfacet
  facet normal 5.264344e-01 -0.000000e+00 8.502158e-01
    outer loop
      vertex   -4.629472e+01 4.430000e+00 2.659603e+01
      vertex   -4.629472e+01 6.430000e+00 2.659603e+01
      vertex   -4.660852e+01 4.430000e+00 2.679033e+01
    endloop
  endfacet
  facet normal 5.264344e-01 -0.000000e+00 8.502158e-01
    outer loop
      vertex   -4.660852e+01 4.430000e+00 2.679033e+01
      vertex   -4.629472e+01 6.430000e+00 2.659603e+01
      vertex   -4.660852e+01 6.430000e+00 2.679033e+01
    endloop
  endfacet
  facet normal 3.612439e-01 -0.000000e+00 9.324714e-01
    outer loop
      vertex   -4.660852e+01 4.430000e+00 2.679033e+01
      vertex   -4.660852e+01 6.430000e+00 2.679033e+01
      vertex   -4.695267e+01 4.430000e+00 2.692365e+01
    endloop
  endfacet
  facet normal 3.612439e-01 -0.000000e+00 9.324714e-01
    outer loop
      vertex   -4.695267e+01 4.430000e+00 2.692365e+01
      vertex   -4.660852e+01 6.430000e+00 2.679033e+01
      vertex   -4.695267e+01 6.430000e+00 2.692365e+01
    endloop
  endfacet
  facet normal 1.837517e-01 -0.000000e+00 9.829727e-01
    outer loop
      vertex   -4.695267e+01 4.430000e+00 2.692365e+01
      vertex   -4.695267e+01 6.430000e+00 2.692365e+01
      vertex   -4.731545e+01 4.430000e+00 2.699147e+01
    endloop
  endfacet
  facet normal 1.837517e-01 -0.000000e+00 9.829727e-01
    outer loop
      vertex   -4.731545e+01 4.430000e+00 2.699147e+01
      vertex   -4.695267e+01 6.430000e+00 2.692365e+01
      vertex   -4.731545e+01 6.430000e+00 2.699147e+01
    endloop
  endfacet
  facet normal 1.942605e-06 -0.000000e+00 1.000000e+00
    outer loop
      vertex   -4.731545e+01 4.430000e+00 2.699147e+01
      vertex   -4.731545e+01 6.430000e+00 2.699147e+01
      vertex   -4.768453e+01 4.430000e+00 2.699147e+01
    endloop
  endfacet
  facet normal 1.942605e-06 -0.000000e+00 1.000000e+00
    outer loop
      vertex   -4.768453e+01 4.430000e+00 2.699147e+01
      vertex   -4.731545e+01 6.430000e+00 2.699147e+01
      vertex   -4.768453e+01 6.430000e+00 2.699147e+01
    endloop
  endfacet
  facet normal -1.837478e-01 0.000000e+00 9.829734e-01
    outer loop
      vertex   -4.768453e+01 4.430000e+00 2.699147e+01
      vertex   -4.768453e+01 6.430000e+00 2.699147e+01
      vertex   -4.804732e+01 4.430000e+00 2.692365e+01
    endloop
  endfacet
  facet normal -1.837478e-01 0.000000e+00 9.829734e-01
    outer loop
      vertex   -4.804732e+01 4.430000e+00 2.692365e+01
      vertex   -4.768453e+01 6.430000e+00 2.699147e+01
      vertex   -4.804732e+01 6.430000e+00 2.692365e+01
    endloop
  endfacet
  facet normal -3.612403e-01 0.000000e+00 9.324728e-01
    outer loop
      vertex   -4.804732e+01 4.430000e+00 2.692365e+01
      vertex   -4.804732e+01 6.430000e+00 2.692365e+01
      vertex   -4.839147e+01 4.430000e+00 2.679033e+01
    endloop
  endfacet
  facet normal -3.612403e-01 0.000000e+00 9.324728e-01
    outer loop
      vertex   -4.839147e+01 4.430000e+00 2.679033e+01
      vertex   -4.804732e+01 6.430000e+00 2.692365e+01
      vertex   -4.839147e+01 6.430000e+00 2.679033e+01
    endloop
  endfacet
  facet normal -5.264311e-01 0.000000e+00 8.502178e-01
    outer loop
      vertex   -4.839147e+01 4.430000e+00 2.679033e+01
      vertex   -4.839147e+01 6.430000e+00 2.679033e+01
      vertex   -4.870526e+01 4.430000e+00 2.659604e+01
    endloop
  endfacet
  facet normal -5.264311e-01 0.000000e+00 8.502178e-01
    outer loop
      vertex   -4.870526e+01 4.430000e+00 2.659604e+01
      vertex   -4.839147e+01 6.430000e+00 2.679033e+01
      vertex   -4.870526e+01 6.430000e+00 2.659604e+01
    endloop
  endfacet
  facet normal -6.736949e-01 0.000000e+00 7.390096e-01
    outer loop
      vertex   -4.870526e+01 4.430000e+00 2.659604e+01
      vertex   -4.870526e+01 6.430000e+00 2.659604e+01
      vertex   -4.897801e+01 4.430000e+00 2.634740e+01
    endloop
  endfacet
  facet normal -6.736949e-01 0.000000e+00 7.390096e-01
    outer loop
      vertex   -4.897801e+01 4.430000e+00 2.634740e+01
      vertex   -4.870526e+01 6.430000e+00 2.659604e+01
      vertex   -4.897801e+01 6.430000e+00 2.634740e+01
    endloop
  endfacet
  facet normal -7.980167e-01 0.000000e+00 6.026353e-01
    outer loop
      vertex   -4.897801e+01 4.430000e+00 2.634740e+01
      vertex   -4.897801e+01 6.430000e+00 2.634740e+01
      vertex   -4.920042e+01 4.430000e+00 2.605287e+01
    endloop
  endfacet
  facet normal -7.980167e-01 0.000000e+00 6.026353e-01
    outer loop
      vertex   -4.920042e+01 4.430000e+00 2.605287e+01
      vertex   -4.897801e+01 6.430000e+00 2.634740e+01
      vertex   -4.920042e+01 6.430000e+00 2.605287e+01
    endloop
  endfacet
  facet normal -8.951630e-01 0.000000e+00 4.457389e-01
    outer loop
      vertex   -4.920042e+01 4.430000e+00 2.605287e+01
      vertex   -4.920042e+01 6.430000e+00 2.605287e+01
      vertex   -4.936493e+01 4.430000e+00 2.572249e+01
    endloop
  endfacet
  facet normal -8.951630e-01 0.000000e+00 4.457389e-01
    outer loop
      vertex   -4.936493e+01 4.430000e+00 2.572249e+01
      vertex   -4.920042e+01 6.430000e+00 2.605287e+01
      vertex   -4.936493e+01 6.430000e+00 2.572249e+01
    endloop
  endfacet
  facet normal -9.618255e-01 0.000000e+00 2.736633e-01
    outer loop
      vertex   -4.936493e+01 4.430000e+00 2.572249e+01
      vertex   -4.936493e+01 6.430000e+00 2.572249e+01
      vertex   -4.946593e+01 4.430000e+00 2.536751e+01
    endloop
  endfacet
  facet normal -9.618255e-01 0.000000e+00 2.736633e-01
    outer loop
      vertex   -4.946593e+01 4.430000e+00 2.536751e+01
      vertex   -4.936493e+01 6.430000e+00 2.572249e+01
      vertex   -4.946593e+01 6.430000e+00 2.536751e+01
    endloop
  endfacet
  facet normal -9.957342e-01 0.000000e+00 9.226847e-02
    outer loop
      vertex   -4.946593e+01 4.430000e+00 2.536751e+01
      vertex   -4.946593e+01 6.430000e+00 2.536751e+01
      vertex   -4.949999e+01 4.430000e+00 2.500001e+01
    endloop
  endfacet
  facet normal -9.957342e-01 0.000000e+00 9.226847e-02
    outer loop
      vertex   -4.949999e+01 4.430000e+00 2.500001e+01
      vertex   -4.946593e+01 6.430000e+00 2.536751e+01
      vertex   -4.949999e+01 6.430000e+00 2.500001e+01
    endloop
  endfacet
  facet normal -0.000000e+00 -1.000000e+00 0.000000e+00
    outer loop
      vertex   -4.832104e+01 4.430000e+00 2.522000e+01
      vertex   -4.946593e+01 4.430000e+00 2.536751e+01
      vertex   -4.835000e+01 4.430000e+00 2.500000e+01
    endloop
  endfacet
  facet normal 0.000000e+00 -1.000000e+00 0.000000e+00
    outer loop
      vertex   -4.835000e+01 4.430000e+00 2.500000e+01
      vertex   -4.946593e+01 4.430000e+00 2.536751e+01
      vertex   -4.949999e+01 4.430000e+00 2.500001e+01
    endloop
  endfacet
  facet normal -0.000000e+00 -1.000000e+00 0.000000e+00
    outer loop
      vertex   -4.835000e+01 4.430000e+00 2.500000e+01
      vertex   -4.949999e+01 4.430000e+00 2.500001e+01
      vertex   -4.946593e+01 4.430000e+00 2.463251e+01
    endloop
  endfacet
  facet normal 0.000000e+00 -1.000000e+00 0.000000e+00
    outer loop
      vertex   -4.946593e+01 4.430000e+00 2.536751e+01
      vertex   -4.832104e+01 4.430000e+00 2.522000e+01
      vertex   -4.936493e+01 4.430000e+00 2.572249e+01
    endloop
  endfacet
  facet normal 0.000000e+00 -1.000000e+00 0.000000e+00
    outer loop
      vertex   -4.936493e+01 4.430000e+00 2.572249e+01
      vertex   -4.832104e+01 4.430000e+00 2.522000e+01
      vertex   -4.823612e+01 4.430000e+00 2.542500e+01
    endloop
  endfacet
  facet normal 0.000000e+00 -1.000000e+00 0.000000e+00
    outer loop
      vertex   -4.936493e+01 4.430000e+00 2.572249e+01
      vertex   -4.823612e+01 4.430000e+00 2.542500e+01
      vertex   -4.920042e+01 4.430000e+00 2.605287e+01
    endloop
  endfacet
  facet normal 0.000000e+00 -1.000000e+00 0.000000e+00
    outer loop
      vertex   -4.920042e+01 4.430000e+00 2.605287e+01
      vertex   -4.823612e+01 4.430000e+00 2.542500e+01
      vertex   -4.897801e+01 4.430000e+00 2.634740e+01
    endloop
  endfacet
  facet normal 0.000000e+00 -1.000000e+00 0.000000e+00
    outer loop
      vertex   -4.897801e+01 4.430000e+00 2.634740e+01
      vertex   -4.823612e+01 4.430000e+00 2.542500e+01
      vertex   -4.810104e+01 4.430000e+00 2.560104e+01
    endloop
  endfacet
  facet normal 0.000000e+00 -1.000000e+00 0.000000e+00
    outer loop
      vertex   -4.897801e+01 4.430000e+00 2.634740e+01
      vertex   -4.810104e+01 4.430000e+00 2.560104e+01
      vertex   -4.870526e+01 4.430000e+00 2.659604e+01
    endloop
  endfacet
  facet normal 0.000000e+00 -1.000000e+00 0.000000e+00
    outer loop
      vertex   -4.870526e+01 4.430000e+00 2.659604e+01
      vertex   -4.810104e+01 4.430000e+00 2.560104e+01
      vertex   -4.792500e+01 4.430000e+00 2.573612e+01
    endloop
  endfacet
  facet normal 0.000000e+00 -1.000000e+00 0.000000e+00
    outer loop
      vertex   -4.870526e+01 4.430000e+00 2.659604e+01
      vertex   -4.792500e+01 4.430000e+00 2.573612e+01
      vertex   -4.839147e+01 4.430000e+00 2.679033e+01
    endloop
  endfacet
  facet normal 0.000000e+00 -1.000000e+00 0.000000e+00
    outer loop
      vertex   -4.839147e+01 4.430000e+00 2.679033e+01
      vertex   -4.792500e+01 4.430000e+00 2.573612e+01
      vertex   -4.772000e+01 4.430000e+00 2.582104e+01
    endloop
  endfacet
  facet normal 0.000000e+00 -1.000000e+00 0.000000e+00
    outer loop
      vertex   -4.839147e+01 4.430000e+00 2.679033e+01
      vertex   -4.772000e+01 4.430000e+00 2.582104e+01
      vertex   -4.804732e+01 4.430000e+00 2.692365e+01
    endloop
  endfacet
  facet normal 0.000000e+00 -1.000000e+00 0.000000e+00
    outer loop
      vertex   -4.804732e+01 4.430000e+00 2.692365e+01
      vertex   -4.772000e+01 4.430000e+00 2.582104e+01
      vertex   -4.768453e+01 4.430000e+00 2.699147e+01
    endloop
  endfacet
  facet normal 0.000000e+00 -1.000000e+00 -0.000000e+00
    outer loop
      vertex   -4.768453e+01 4.430000e+00 2.699147e+01
      vertex   -4.772000e+01 4.430000e+00 2.582104e+01
      vertex   -4.750000e+01 4.430000e+00 2.585000e+01
    endloop
  endfacet
  facet normal 0.000000e+00 -1.000000e+00 0.000000e+00
    outer loop
      vertex   -4.768453e+01 4.430000e+00 2.699147e+01
      vertex   -4.750000e+01 4.430000e+00 2.585000e+01
      vertex   -4.731545e+01 4.430000e+00 2.699147e+01
    endloop
  endfacet
  facet normal 0.000000e+00 -1.000000e+00 -0.000000e+00
    outer loop
      vertex   -4.731545e+01 4.430000e+00 2.699147e+01
      vertex   -4.750000e+01 4.430000e+00 2.585000e+01
      vertex   -4.728000e+01 4.430000e+00 2.582104e+01
    endloop
  endfacet
  facet normal 0.000000e+00 -1.000000e+00 0.000000e+00
    outer loop
      vertex   -4.731545e+01 4.430000e+00 2.699147e+01
      vertex   -4.728000e+01 4.430000e+00 2.582104e+01
      vertex   -4.695267e+01 4.430000e+00 2.692365e+01
    endloop
  endfacet
  facet normal 0.000000e+00 -1.000000e+00 -0.000000e+00
    outer loop
      vertex   -4.695267e+01 4.430000e+00 2.692365e+01
      vertex   -4.728000e+01 4.430000e+00 2.582104e+01
      vertex   -4.660852e+01 4.430000e+00 2.679033e+01
    endloop
  endfacet
  facet normal 0.000000e+00 -1.000000e+00 0.000000e+00
    outer loop
      vertex   -4.660852e+01 4.430000e+00 2.679033e+01
      vertex   -4.728000e+01 4.430000e+00 2.582104e+01
      vertex   -4.707500e+01 4.430000e+00 2.573612e+01
    endloop
  endfacet
  facet normal 0.000000e+00 -1.000000e+00 -0.000000e+00
    outer loop
      vertex   -4.660852e+01 4.430000e+00 2.679033e+01
      vertex   -4.707500e+01 4.430000e+00 2.573612e+01
      vertex   -4.629472e+01 4.430000e+00 2.659603e+01
    endloop
  endfacet
  facet normal 0.000000e+00 -1.000000e+00 0.000000e+00
    outer loop
      vertex   -4.629472e+01 4.430000e+00 2.659603e+01
      vertex   -4.707500e+01 4.430000e+00 2.573612e+01
      vertex   -4.689896e+01 4.430000e+00 2.560104e+01
    endloop
  endfacet
  facet normal 0.000000e+00 -1.000000e+00 -0.000000e+00
    outer loop
      vertex   -4.629472e+01 4.430000e+00 2.659603e+01
      vertex   -4.689896e+01 4.430000e+00 2.560104e+01
      vertex   -4.602198e+01 4.430000e+00 2.634739e+01
    endloop
  endfacet
  facet normal 0.000000e+00 -1.000000e+00 0.000000e+00
    outer loop
      vertex   -4.602198e+01 4.430000e+00 2.634739e+01
      vertex   -4.689896e+01 4.430000e+00 2.560104e+01
      vertex   -4.676388e+01 4.430000e+00 2.542500e+01
    endloop
  endfacet
  facet normal 0.000000e+00 -1.000000e+00 -0.000000e+00
    outer loop
      vertex   -4.602198e+01 4.430000e+00 2.634739e+01
      vertex   -4.676388e+01 4.430000e+00 2.542500e+01
      vertex   -4.579956e+01 4.430000e+00 2.605286e+01
    endloop
  endfacet
  facet normal 0.000000e+00 -1.000000e+00 -0.000000e+00
    outer loop
      vertex   -4.579956e+01 4.430000e+00 2.605286e+01
      vertex   -4.676388e+01 4.430000e+00 2.542500e+01
      vertex   -4.563505e+01 4.430000e+00 2.572248e+01
    endloop
  endfacet
  facet normal 0.000000e+00 -1.000000e+00 0.000000e+00
    outer loop
      vertex   -4.563505e+01 4.430000e+00 2.572248e+01
      vertex   -4.676388e+01 4.430000e+00 2.542500e+01
      vertex   -4.667896e+01 4.430000e+00 2.522000e+01
    endloop
  endfacet
  facet normal 0.000000e+00 -1.000000e+00 -0.000000e+00
    outer loop
      vertex   -4.563505e+01 4.430000e+00 2.572248e+01
      vertex   -4.667896e+01 4.430000e+00 2.522000e+01
      vertex   -4.553405e+01 4.430000e+00 2.536750e+01
    endloop
  endfacet
  facet normal 0.000000e+00 -1.000000e+00 0.000000e+00
    outer loop
      vertex   -4.553405e+01 4.430000e+00 2.536750e+01
      vertex   -4.667896e+01 4.430000e+00 2.522000e+01
      vertex   -4.665000e+01 4.430000e+00 2.500000e+01
    endloop
  endfacet
  facet normal 0.000000e+00 -1.000000e+00 -0.000000e+00
    outer loop
      vertex   -4.553405e+01 4.430000e+00 2.536750e+01
      vertex   -4.665000e+01 4.430000e+00 2.500000e+01
      vertex   -4.550000e+01 4.430000e+00 2.500000e+01
    endloop
  endfacet
  facet normal 0.000000e+00 -1.000000e+00 0.000000e+00
    outer loop
      vertex   -4.550000e+01 4.430000e+00 2.500000e+01
      vertex   -4.665000e+01 4.430000e+00 2.500000e+01
      vertex   -4.553406e+01 4.430000e+00 2.463250e+01
    endloop
  endfacet
  facet normal 0.000000e+00 -1.000000e+00 0.000000e+00
    outer loop
      vertex   -4.553406e+01 4.430000e+00 2.463250e+01
      vertex   -4.665000e+01 4.430000e+00 2.500000e+01
      vertex   -4.667896e+01 4.430000e+00 2.478000e+01
    endloop
  endfacet
  facet normal -0.000000e+00 -1.000000e+00 0.000000e+00
    outer loop
      vertex   -4.553406e+01 4.430000e+00 2.463250e+01
      vertex   -4.667896e+01 4.430000e+00 2.478000e+01
      vertex   -4.563506e+01 4.430000e+00 2.427752e+01
    endloop
  endfacet
  facet normal 0.000000e+00 -1.000000e+00 0.000000e+00
    outer loop
      vertex   -4.563506e+01 4.430000e+00 2.427752e+01
      vertex   -4.667896e+01 4.430000e+00 2.478000e+01
      vertex   -4.676388e+01 4.430000e+00 2.457500e+01
    endloop
  endfacet
  facet normal -0.000000e+00 -1.000000e+00 0.000000e+00
    outer loop
      vertex   -4.563506e+01 4.430000e+00 2.427752e+01
      vertex   -4.676388e+01 4.430000e+00 2.457500e+01
      vertex   -4.579957e+01 4.430000e+00 2.394714e+01
    endloop
  endfacet
  facet normal -0.000000e+00 -1.000000e+00 0.000000e+00
    outer loop
      vertex   -4.579957e+01 4.430000e+00 2.394714e+01
      vertex   -4.676388e+01 4.430000e+00 2.457500e+01
      vertex   -4.602199e+01 4.430000e+00 2.365262e+01
    endloop
  endfacet
  facet normal 0.000000e+00 -1.000000e+00 0.000000e+00
    outer loop
      vertex   -4.602199e+01 4.430000e+00 2.365262e+01
      vertex   -4.676388e+01 4.430000e+00 2.457500e+01
      vertex   -4.689896e+01 4.430000e+00 2.439896e+01
    endloop
  endfacet
  facet normal -0.000000e+00 -1.000000e+00 0.000000e+00
    outer loop
      vertex   -4.602199e+01 4.430000e+00 2.365262e+01
      vertex   -4.689896e+01 4.430000e+00 2.439896e+01
      vertex   -4.629473e+01 4.430000e+00 2.340398e+01
    endloop
  endfacet
  facet normal 0.000000e+00 -1.000000e+00 0.000000e+00
    outer loop
      vertex   -4.629473e+01 4.430000e+00 2.340398e+01
      vertex   -4.689896e+01 4.430000e+00 2.439896e+01
      vertex   -4.707500e+01 4.430000e+00 2.426388e+01
    endloop
  endfacet
  facet normal -0.000000e+00 -1.000000e+00 0.000000e+00
    outer loop
      vertex   -4.629473e+01 4.430000e+00 2.340398e+01
      vertex   -4.707500e+01 4.430000e+00 2.426388e+01
      vertex   -4.660852e+01 4.430000e+00 2.320968e+01
    endloop
  endfacet
  facet normal 0.000000e+00 -1.000000e+00 0.000000e+00
    outer loop
      vertex   -4.660852e+01 4.430000e+00 2.320968e+01
      vertex   -4.707500e+01 4.430000e+00 2.426388e+01
      vertex   -4.728000e+01 4.430000e+00 2.417896e+01
    endloop
  endfacet
  facet normal -0.000000e+00 -1.000000e+00 0.000000e+00
    outer loop
      vertex   -4.660852e+01 4.430000e+00 2.320968e+01
      vertex   -4.728000e+01 4.430000e+00 2.417896e+01
      vertex   -4.695267e+01 4.430000e+00 2.307636e+01
    endloop
  endfacet
  facet normal -0.000000e+00 -1.000000e+00 0.000000e+00
    outer loop
      vertex   -4.695267e+01 4.430000e+00 2.307636e+01
      vertex   -4.728000e+01 4.430000e+00 2.417896e+01
      vertex   -4.731546e+01 4.430000e+00 2.300855e+01
    endloop
  endfacet
  facet normal 0.000000e+00 -1.000000e+00 0.000000e+00
    outer loop
      vertex   -4.731546e+01 4.430000e+00 2.300855e+01
      vertex   -4.728000e+01 4.430000e+00 2.417896e+01
      vertex   -4.750000e+01 4.430000e+00 2.415000e+01
    endloop
  endfacet
  facet normal 0.000000e+00 -1.000000e+00 0.000000e+00
    outer loop
      vertex   -4.731546e+01 4.430000e+00 2.300855e+01
      vertex   -4.750000e+01 4.430000e+00 2.415000e+01
      vertex   -4.768453e+01 4.430000e+00 2.300855e+01
    endloop
  endfacet
  facet normal 0.000000e+00 -1.000000e+00 0.000000e+00
    outer loop
      vertex   -4.768453e+01 4.430000e+00 2.300855e+01
      vertex   -4.750000e+01 4.430000e+00 2.415000e+01
      vertex   -4.772000e+01 4.430000e+00 2.417896e+01
    endloop
  endfacet
  facet normal 0.000000e+00 -1.000000e+00 0.000000e+00
    outer loop
      vertex   -4.768453e+01 4.430000e+00 2.300855e+01
      vertex   -4.772000e+01 4.430000e+00 2.417896e+01
      vertex   -4.804732e+01 4.430000e+00 2.307636e+01
    endloop
  endfacet
  facet normal 0.000000e+00 -1.000000e+00 0.000000e+00
    outer loop
      vertex   -4.804732e+01 4.430000e+00 2.307636e+01
      vertex   -4.772000e+01 4.430000e+00 2.417896e+01
      vertex   -4.839147e+01 4.430000e+00 2.320969e+01
    endloop
  endfacet
  facet normal 0.000000e+00 -1.000000e+00 0.000000e+00
    outer loop
      vertex   -4.839147e+01 4.430000e+00 2.320969e+01
      vertex   -4.772000e+01 4.430000e+00 2.417896e+01
      vertex   -4.792500e+01 4.430000e+00 2.426388e+01
    endloop
  endfacet
  facet normal 0.000000e+00 -1.000000e+00 0.000000e+00
    outer loop
      vertex   -4.839147e+01 4.430000e+00 2.320969e+01
      vertex   -4.792500e+01 4.430000e+00 2.426388e+01
      vertex   -4.870526e+01 4.430000e+00 2.340398e+01
    endloop
  endfacet
  facet normal 0.000000e+00 -1.000000e+00 0.000000e+00
    outer loop
      vertex   -4.870526e+01 4.430000e+00 2.340398e+01
      vertex   -4.792500e+01 4.430000e+00 2.426388e+01
      vertex   -4.810104e+01 4.430000e+00 2.439896e+01
    endloop
  endfacet
  facet normal 0.000000e+00 -1.000000e+00 0.000000e+00
    outer loop
      vertex   -4.870526e+01 4.430000e+00 2.340398e+01
      vertex   -4.810104e+01 4.430000e+00 2.439896e+01
      vertex   -4.897801e+01 4.430000e+00 2.365262e+01
    endloop
  endfacet
  facet normal 0.000000e+00 -1.000000e+00 0.000000e+00
    outer loop
      vertex   -4.897801e+01 4.430000e+00 2.365262e+01
      vertex   -4.810104e+01 4.430000e+00 2.439896e+01
      vertex   -4.823612e+01 4.430000e+00 2.457500e+01
    endloop
  endfacet
  facet normal 0.000000e+00 -1.000000e+00 0.000000e+00
    outer loop
      vertex   -4.897801e+01 4.430000e+00 2.365262e+01
      vertex   -4.823612e+01 4.430000e+00 2.457500e+01
      vertex   -4.920042e+01 4.430000e+00 2.394715e+01
    endloop
  endfacet
  facet normal 0.000000e+00 -1.000000e+00 0.000000e+00
    outer loop
      vertex   -4.920042e+01 4.430000e+00 2.394715e+01
      vertex   -4.823612e+01 4.430000e+00 2.457500e+01
      vertex   -4.936493e+01 4.430000e+00 2.427753e+01
    endloop
  endfacet
  facet normal 0.000000e+00 -1.000000e+00 0.000000e+00
    outer loop
      vertex   -4.936493e+01 4.430000e+00 2.427753e+01
      vertex   -4.823612e+01 4.430000e+00 2.457500e+01
      vertex   -4.832104e+01 4.430000e+00 2.478000e+01
    endloop
  endfacet
  facet normal 0.000000e+00 -1.000000e+00 0.000000e+00
    outer loop
      vertex   -4.936493e+01 4.430000e+00 2.427753e+01
      vertex   -4.832104e+01 4.430000e+00 2.478000e+01
      vertex   -4.946593e+01 4.430000e+00 2.463251e+01
    endloop
  endfacet
  facet normal 0.000000e+00 -1.000000e+00 0.000000e+00
    outer loop
      vertex   -4.946593e+01 4.430000e+00 2.463251e+01
      vertex   -4.832104e+01 4.430000e+00 2.478000e+01
      vertex   -4.835000e+01 4.430000e+00 2.500000e+01
    endloop
  endfacet
  facet normal 0.000000e+00 1.000000e+00 0.000000e+00
    outer loop
      vertex   -4.832104e+01 6.430000e+00 2.478000e+01
      vertex   -4.949999e+01 6.430000e+00 2.500001e+01
      vertex   -4.835000e+01 6.430000e+00 2.500000e+01
    endloop
  endfacet
  facet normal 0.000000e+00 1.000000e+00 0.000000e+00
    outer loop
      vertex   -4.835000e+01 6.430000e+00 2.500000e+01
      vertex   -4.949999e+01 6.430000e+00 2.500001e+01
      vertex   -4.946593e+01 6.430000e+00 2.536751e+01
    endloop
  endfacet
  facet normal 0.000000e+00 1.000000e+00 0.000000e+00
    outer loop
      vertex   -4.835000e+01 6.430000e+00 2.500000e+01
      vertex   -4.946593e+01 6.430000e+00 2.536751e+01
      vertex   -4.936493e+01 6.430000e+00 2.572249e+01
    endloop
  endfacet
  facet normal 0.000000e+00 1.000000e+00 0.000000e+00
    outer loop
      vertex   -4.832104e+01 6.430000e+00 2.478000e+01
      vertex   -4.823612e+01 6.430000e+00 2.457500e+01
      vertex   -4.949999e+01 6.430000e+00 2.500001e+01
    endloop
  endfacet
  facet normal 0.000000e+00 1.000000e+00 0.000000e+00
    outer loop
      vertex   -4.949999e+01 6.430000e+00 2.500001e+01
      vertex   -4.823612e+01 6.430000e+00 2.457500e+01
      vertex   -4.949999e+01 6.430000e+00 2.119947e+01
    endloop
  endfacet
  facet normal 0.000000e+00 1.000000e+00 0.000000e+00
    outer loop
      vertex   -4.949999e+01 6.430000e+00 2.119947e+01
      vertex   -4.823612e+01 6.430000e+00 2.457500e+01
      vertex   -4.810104e+01 6.430000e+00 2.439896e+01
    endloop
  endfacet
  facet normal 0.000000e+00 1.000000e+00 0.000000e+00
    outer loop
      vertex   -4.949999e+01 6.430000e+00 2.119947e+01
      vertex   -4.810104e+01 6.430000e+00 2.439896e+01
      vertex   -4.792500e+01 6.430000e+00 2.426388e+01
    endloop
  endfacet
  facet normal 0.000000e+00 1.000000e+00 0.000000e+00
    outer loop
      vertex   -4.792500e+01 6.430000e+00 2.426388e+01
      vertex   -4.772000e+01 6.430000e+00 2.417896e+01
      vertex   -4.949999e+01 6.430000e+00 2.119947e+01
    endloop
  endfacet
  facet normal 0.000000e+00 1.000000e+00 0.000000e+00
    outer loop
      vertex   -4.949999e+01 6.430000e+00 2.119947e+01
      vertex   -4.772000e+01 6.430000e+00 2.417896e+01
      vertex   -4.750000e+01 6.430000e+00 2.415000e+01
    endloop
  endfacet
  facet normal -0.000000e+00 1.000000e+00 0.000000e+00
    outer loop
      vertex   -4.949999e+01 6.430000e+00 2.119947e+01
      vertex   -4.750000e+01 6.430000e+00 2.415000e+01
      vertex   -4.550000e+01 6.430000e+00 2.119947e+01
    endloop
  endfacet
  facet normal 0.000000e+00 1.000000e+00 0.000000e+00
    outer loop
      vertex   -4.550000e+01 6.430000e+00 2.119947e+01
      vertex   -4.750000e+01 6.430000e+00 2.415000e+01
      vertex   -4.728000e+01 6.430000e+00 2.417896e+01
    endloop
  endfacet
  facet normal 0.000000e+00 1.000000e+00 0.000000e+00
    outer loop
      vertex   -4.550000e+01 6.430000e+00 2.119947e+01
      vertex   -4.728000e+01 6.430000e+00 2.417896e+01
      vertex   -4.707500e+01 6.430000e+00 2.426388e+01
    endloop
  endfacet
  facet normal -0.000000e+00 1.000000e+00 0.000000e+00
    outer loop
      vertex   -4.707500e+01 6.430000e+00 2.426388e+01
      vertex   -4.689896e+01 6.430000e+00 2.439896e+01
      vertex   -4.550000e+01 6.430000e+00 2.119947e+01
    endloop
  endfacet
  facet normal 0.000000e+00 1.000000e+00 0.000000e+00
    outer loop
      vertex   -4.550000e+01 6.430000e+00 2.119947e+01
      vertex   -4.689896e+01 6.430000e+00 2.439896e+01
      vertex   -4.676388e+01 6.430000e+00 2.457500e+01
    endloop
  endfacet
  facet normal 0.000000e+00 1.000000e+00 -0.000000e+00
    outer loop
      vertex   -4.550000e+01 6.430000e+00 2.119947e+01
      vertex   -4.676388e+01 6.430000e+00 2.457500e+01
      vertex   -4.550000e+01 6.430000e+00 2.500000e+01
    endloop
  endfacet
  facet normal 0.000000e+00 1.000000e+00 0.000000e+00
    outer loop
      vertex   -4.550000e+01 6.430000e+00 2.500000e+01
      vertex   -4.676388e+01 6.430000e+00 2.457500e+01
      vertex   -4.667896e+01 6.430000e+00 2.478000e+01
    endloop
  endfacet
  facet normal 0.000000e+00 1.000000e+00 0.000000e+00
    outer loop
      vertex   -4.550000e+01 6.430000e+00 2.500000e+01
      vertex   -4.667896e+01 6.430000e+00 2.478000e+01
      vertex   -4.665000e+01 6.430000e+00 2.500000e+01
    endloop
  endfacet
  facet normal -0.000000e+00 1.000000e+00 0.000000e+00
    outer loop
      vertex   -4.667896e+01 6.430000e+00 2.522000e+01
      vertex   -4.563505e+01 6.430000e+00 2.572248e+01
      vertex   -4.665000e+01 6.430000e+00 2.500000e+01
    endloop
  endfacet
  facet normal 0.000000e+00 1.000000e+00 0.000000e+00
    outer loop
      vertex   -4.665000e+01 6.430000e+00 2.500000e+01
      vertex   -4.563505e+01 6.430000e+00 2.572248e+01
      vertex   -4.553405e+01 6.430000e+00 2.536750e+01
    endloop
  endfacet
  facet normal 0.000000e+00 1.000000e+00 0.000000e+00
    outer loop
      vertex   -4.665000e+01 6.430000e+00 2.500000e+01
      vertex   -4.553405e+01 6.430000e+00 2.536750e+01
      vertex   -4.550000e+01 6.430000e+00 2.500000e+01
    endloop
  endfacet
  facet normal -0.000000e+00 1.000000e+00 0.000000e+00
    outer loop
      vertex   -4.676388e+01 6.430000e+00 2.542500e+01
      vertex   -4.602198e+01 6.430000e+00 2.634739e+01
      vertex   -4.667896e+01 6.430000e+00 2.522000e+01
    endloop
  endfacet
  facet normal 0.000000e+00 1.000000e+00 0.000000e+00
    outer loop
      vertex   -4.667896e+01 6.430000e+00 2.522000e+01
      vertex   -4.602198e+01 6.430000e+00 2.634739e+01
      vertex   -4.579956e+01 6.430000e+00 2.605286e+01
    endloop
  endfacet
  facet normal 0.000000e+00 1.000000e+00 0.000000e+00
    outer loop
      vertex   -4.667896e+01 6.430000e+00 2.522000e+01
      vertex   -4.579956e+01 6.430000e+00 2.605286e+01
      vertex   -4.563505e+01 6.430000e+00 2.572248e+01
    endloop
  endfacet
  facet normal 0.000000e+00 1.000000e+00 0.000000e+00
    outer loop
      vertex   -4.602198e+01 6.430000e+00 2.634739e+01
      vertex   -4.676388e+01 6.430000e+00 2.542500e+01
      vertex   -4.629472e+01 6.430000e+00 2.659603e+01
    endloop
  endfacet
  facet normal 0.000000e+00 1.000000e+00 0.000000e+00
    outer loop
      vertex   -4.629472e+01 6.430000e+00 2.659603e+01
      vertex   -4.676388e+01 6.430000e+00 2.542500e+01
      vertex   -4.689896e+01 6.430000e+00 2.560104e+01
    endloop
  endfacet
  facet normal 0.000000e+00 1.000000e+00 0.000000e+00
    outer loop
      vertex   -4.629472e+01 6.430000e+00 2.659603e+01
      vertex   -4.689896e+01 6.430000e+00 2.560104e+01
      vertex   -4.660852e+01 6.430000e+00 2.679033e+01
    endloop
  endfacet
  facet normal 0.000000e+00 1.000000e+00 0.000000e+00
    outer loop
      vertex   -4.660852e+01 6.430000e+00 2.679033e+01
      vertex   -4.689896e+01 6.430000e+00 2.560104e+01
      vertex   -4.707500e+01 6.430000e+00 2.573612e+01
    endloop
  endfacet
  facet normal 0.000000e+00 1.000000e+00 0.000000e+00
    outer loop
      vertex   -4.660852e+01 6.430000e+00 2.679033e+01
      vertex   -4.707500e+01 6.430000e+00 2.573612e+01
      vertex   -4.695267e+01 6.430000e+00 2.692365e+01
    endloop
  endfacet
  facet normal 0.000000e+00 1.000000e+00 0.000000e+00
    outer loop
      vertex   -4.695267e+01 6.430000e+00 2.692365e+01
      vertex   -4.707500e+01 6.430000e+00 2.573612e+01
      vertex   -4.728000e+01 6.430000e+00 2.582104e+01
    endloop
  endfacet
  facet normal 0.000000e+00 1.000000e+00 0.000000e+00
    outer loop
      vertex   -4.695267e+01 6.430000e+00 2.692365e+01
      vertex   -4.728000e+01 6.430000e+00 2.582104e+01
      vertex   -4.731545e+01 6.430000e+00 2.699147e+01
    endloop
  endfacet
  facet normal 0.000000e+00 1.000000e+00 0.000000e+00
    outer loop
      vertex   -4.731545e+01 6.430000e+00 2.699147e+01
      vertex   -4.728000e+01 6.430000e+00 2.582104e+01
      vertex   -4.750000e+01 6.430000e+00 2.585000e+01
    endloop
  endfacet
  facet normal 0.000000e+00 1.000000e+00 0.000000e+00
    outer loop
      vertex   -4.731545e+01 6.430000e+00 2.699147e+01
      vertex   -4.750000e+01 6.430000e+00 2.585000e+01
      vertex   -4.768453e+01 6.430000e+00 2.699147e+01
    endloop
  endfacet
  facet normal 0.000000e+00 1.000000e+00 0.000000e+00
    outer loop
      vertex   -4.768453e+01 6.430000e+00 2.699147e+01
      vertex   -4.750000e+01 6.430000e+00 2.585000e+01
      vertex   -4.772000e+01 6.430000e+00 2.582104e+01
    endloop
  endfacet
  facet normal 0.000000e+00 1.000000e+00 0.000000e+00
    outer loop
      vertex   -4.768453e+01 6.430000e+00 2.699147e+01
      vertex   -4.772000e+01 6.430000e+00 2.582104e+01
      vertex   -4.804732e+01 6.430000e+00 2.692365e+01
    endloop
  endfacet
  facet normal 0.000000e+00 1.000000e+00 0.000000e+00
    outer loop
      vertex   -4.804732e+01 6.430000e+00 2.692365e+01
      vertex   -4.772000e+01 6.430000e+00 2.582104e+01
      vertex   -4.792500e+01 6.430000e+00 2.573612e+01
    endloop
  endfacet
  facet normal 0.000000e+00 1.000000e+00 0.000000e+00
    outer loop
      vertex   -4.804732e+01 6.430000e+00 2.692365e+01
      vertex   -4.792500e+01 6.430000e+00 2.573612e+01
      vertex   -4.839147e+01 6.430000e+00 2.679033e+01
    endloop
  endfacet
  facet normal 0.000000e+00 1.000000e+00 0.000000e+00
    outer loop
      vertex   -4.839147e+01 6.430000e+00 2.679033e+01
      vertex   -4.792500e+01 6.430000e+00 2.573612e+01
      vertex   -4.810104e+01 6.430000e+00 2.560104e+01
    endloop
  endfacet
  facet normal 0.000000e+00 1.000000e+00 0.000000e+00
    outer loop
      vertex   -4.839147e+01 6.430000e+00 2.679033e+01
      vertex   -4.810104e+01 6.430000e+00 2.560104e+01
      vertex   -4.870526e+01 6.430000e+00 2.659604e+01
    endloop
  endfacet
  facet normal 0.000000e+00 1.000000e+00 0.000000e+00
    outer loop
      vertex   -4.870526e+01 6.430000e+00 2.659604e+01
      vertex   -4.810104e+01 6.430000e+00 2.560104e+01
      vertex   -4.823612e+01 6.430000e+00 2.542500e+01
    endloop
  endfacet
  facet normal 0.000000e+00 1.000000e+00 0.000000e+00
    outer loop
      vertex   -4.870526e+01 6.430000e+00 2.659604e+01
      vertex   -4.823612e+01 6.430000e+00 2.542500e+01
      vertex   -4.897801e+01 6.430000e+00 2.634740e+01
    endloop
  endfacet
  facet normal 0.000000e+00 1.000000e+00 0.000000e+00
    outer loop
      vertex   -4.897801e+01 6.430000e+00 2.634740e+01
      vertex   -4.823612e+01 6.430000e+00 2.542500e+01
      vertex   -4.832104e+01 6.430000e+00 2.522000e+01
    endloop
  endfacet
  facet normal 0.000000e+00 1.000000e+00 0.000000e+00
    outer loop
      vertex   -4.897801e+01 6.430000e+00 2.634740e+01
      vertex   -4.832104e+01 6.430000e+00 2.522000e+01
      vertex   -4.920042e+01 6.430000e+00 2.605287e+01
    endloop
  endfacet
  facet normal 0.000000e+00 1.000000e+00 0.000000e+00
    outer loop
      vertex   -4.920042e+01 6.430000e+00 2.605287e+01
      vertex   -4.832104e+01 6.430000e+00 2.522000e+01
      vertex   -4.936493e+01 6.430000e+00 2.572249e+01
    endloop
  endfacet
  facet normal 0.000000e+00 1.000000e+00 0.000000e+00
    outer loop
      vertex   -4.936493e+01 6.430000e+00 2.572249e+01
      vertex   -4.832104e+01 6.430000e+00 2.522000e+01
      vertex   -4.835000e+01 6.430000e+00 2.500000e+01
    endloop
  endfacet
endsolid
