solid ASCII
  facet normal -1.000000e+00 0.000000e+00 0.000000e+00
    outer loop
      vertex   1.290000e+01 4.780000e+00 3.087780e+01
      vertex   1.290000e+01 7.600000e+00 3.087780e+01
      vertex   1.290000e+01 4.780000e+00 2.837780e+01
    endloop
  endfacet
  facet normal -1.000000e+00 0.000000e+00 0.000000e+00
    outer loop
      vertex   1.290000e+01 4.780000e+00 2.837780e+01
      vertex   1.290000e+01 7.600000e+00 3.087780e+01
      vertex   1.290000e+01 7.600000e+00 2.837780e+01
    endloop
  endfacet
  facet normal 0.000000e+00 0.000000e+00 1.000000e+00
    outer loop
      vertex   1.939494e+01 4.780000e+00 3.087780e+01
      vertex   2.240000e+01 4.780000e+00 3.087780e+01
      vertex   1.939494e+01 6.780000e+00 3.087780e+01
    endloop
  endfacet
  facet normal -8.384717e-16 -1.259828e-15 1.000000e+00
    outer loop
      vertex   1.939494e+01 6.780000e+00 3.087780e+01
      vertex   2.240000e+01 4.780000e+00 3.087780e+01
      vertex   2.240000e+01 7.600000e+00 3.087780e+01
    endloop
  endfacet
  facet normal 0.000000e+00 -4.332579e-15 1.000000e+00
    outer loop
      vertex   1.939494e+01 6.780000e+00 3.087780e+01
      vertex   2.240000e+01 7.600000e+00 3.087780e+01
      vertex   1.290000e+01 7.600000e+00 3.087780e+01
    endloop
  endfacet
  facet normal 0.000000e+00 -4.332579e-15 1.000000e+00
    outer loop
      vertex   1.939494e+01 6.780000e+00 3.087780e+01
      vertex   1.290000e+01 7.600000e+00 3.087780e+01
      vertex   1.389494e+01 6.780000e+00 3.087780e+01
    endloop
  endfacet
  facet normal 3.570772e-15 0.000000e+00 1.000000e+00
    outer loop
      vertex   1.389494e+01 6.780000e+00 3.087780e+01
      vertex   1.290000e+01 7.600000e+00 3.087780e+01
      vertex   1.290000e+01 4.780000e+00 3.087780e+01
    endloop
  endfacet
  facet normal 3.570772e-15 0.000000e+00 1.000000e+00
    outer loop
      vertex   1.389494e+01 6.780000e+00 3.087780e+01
      vertex   1.290000e+01 4.780000e+00 3.087780e+01
      vertex   1.389494e+01 4.780000e+00 3.087780e+01
    endloop
  endfacet
  facet normal 0.000000e+00 -9.801714e-02 -9.951847e-01
    outer loop
      vertex   1.649494e+01 6.580000e+00 2.757780e+01
      vertex   1.829494e+01 6.580000e+00 2.757780e+01
      vertex   1.654372e+01 6.531227e+00 2.758260e+01
    endloop
  endfacet
  facet normal 7.133728e-04 -1.233535e-01 -9.923625e-01
    outer loop
      vertex   1.654372e+01 6.531227e+00 2.758260e+01
      vertex   1.829494e+01 6.580000e+00 2.757780e+01
      vertex   1.739494e+01 6.524370e+00 2.758407e+01
    endloop
  endfacet
  facet normal -6.978743e-04 -2.909236e-01 -9.567460e-01
    outer loop
      vertex   1.654372e+01 6.531227e+00 2.758260e+01
      vertex   1.739494e+01 6.524370e+00 2.758407e+01
      vertex   1.659061e+01 6.484329e+00 2.759683e+01
    endloop
  endfacet
  facet normal 1.465383e-03 -3.302787e-01 -9.438823e-01
    outer loop
      vertex   1.659061e+01 6.484329e+00 2.759683e+01
      vertex   1.739494e+01 6.524370e+00 2.758407e+01
      vertex   1.739494e+01 6.471529e+00 2.760256e+01
    endloop
  endfacet
  facet normal -1.240621e-03 -4.723610e-01 -8.814043e-01
    outer loop
      vertex   1.659061e+01 6.484329e+00 2.759683e+01
      vertex   1.739494e+01 6.471529e+00 2.760256e+01
      vertex   1.663384e+01 6.441107e+00 2.761993e+01
    endloop
  endfacet
  facet normal 1.936128e-03 -5.320311e-01 -8.467226e-01
    outer loop
      vertex   1.663384e+01 6.441107e+00 2.761993e+01
      vertex   1.739494e+01 6.471529e+00 2.760256e+01
      vertex   1.739494e+01 6.424128e+00 2.763234e+01
    endloop
  endfacet
  facet normal -1.583122e-03 -6.353380e-01 -7.722326e-01
    outer loop
      vertex   1.663384e+01 6.441107e+00 2.761993e+01
      vertex   1.739494e+01 6.424128e+00 2.763234e+01
      vertex   1.667172e+01 6.403223e+00 2.765102e+01
    endloop
  endfacet
  facet normal 2.173525e-03 -7.071051e-01 -7.071051e-01
    outer loop
      vertex   1.667172e+01 6.403223e+00 2.765102e+01
      vertex   1.739494e+01 6.424128e+00 2.763234e+01
      vertex   1.739494e+01 6.384542e+00 2.767193e+01
    endloop
  endfacet
  facet normal -1.671589e-03 -7.736817e-01 -6.335723e-01
    outer loop
      vertex   1.667172e+01 6.403223e+00 2.765102e+01
      vertex   1.739494e+01 6.384542e+00 2.767193e+01
      vertex   1.670281e+01 6.372133e+00 2.768891e+01
    endloop
  endfacet
  facet normal 2.129073e-03 -8.467223e-01 -5.320309e-01
    outer loop
      vertex   1.670281e+01 6.372133e+00 2.768891e+01
      vertex   1.739494e+01 6.384542e+00 2.767193e+01
      vertex   1.739494e+01 6.354758e+00 2.771933e+01
    endloop
  endfacet
  facet normal -1.454303e-03 -8.822433e-01 -4.707915e-01
    outer loop
      vertex   1.670281e+01 6.372133e+00 2.768891e+01
      vertex   1.739494e+01 6.354758e+00 2.771933e+01
      vertex   1.672591e+01 6.349030e+00 2.773213e+01
    endloop
  endfacet
  facet normal 1.761729e-03 -9.438819e-01 -3.302785e-01
    outer loop
      vertex   1.672591e+01 6.349030e+00 2.773213e+01
      vertex   1.739494e+01 6.354758e+00 2.771933e+01
      vertex   1.739494e+01 6.336268e+00 2.777217e+01
    endloop
  endfacet
  facet normal -8.973121e-04 -9.570155e-01 -2.900353e-01
    outer loop
      vertex   1.672591e+01 6.349030e+00 2.773213e+01
      vertex   1.739494e+01 6.336268e+00 2.777217e+01
      vertex   1.674014e+01 6.334804e+00 2.777903e+01
    endloop
  endfacet
  facet normal 6.743602e-04 -9.891618e-01 -1.468283e-01
    outer loop
      vertex   1.674014e+01 6.334804e+00 2.777903e+01
      vertex   1.739494e+01 6.336268e+00 2.777217e+01
      vertex   1.674374e+01 6.331204e+00 2.780330e+01
    endloop
  endfacet
  facet normal 1.346201e-15 -9.870214e-01 -1.605888e-01
    outer loop
      vertex   1.674374e+01 6.331204e+00 2.780330e+01
      vertex   1.739494e+01 6.336268e+00 2.777217e+01
      vertex   1.804615e+01 6.331204e+00 2.780330e+01
    endloop
  endfacet
  facet normal 1.362259e-15 -9.987955e-01 -4.906767e-02
    outer loop
      vertex   1.674374e+01 6.331204e+00 2.780330e+01
      vertex   1.804615e+01 6.331204e+00 2.780330e+01
      vertex   1.674494e+01 6.330000e+00 2.782780e+01
    endloop
  endfacet
  facet normal 0.000000e+00 -9.987955e-01 -4.906767e-02
    outer loop
      vertex   1.674494e+01 6.330000e+00 2.782780e+01
      vertex   1.804615e+01 6.331204e+00 2.780330e+01
      vertex   1.804494e+01 6.330000e+00 2.782780e+01
    endloop
  endfacet
  facet normal -9.299175e-04 -9.709607e-02 -9.952746e-01
    outer loop
      vertex   1.829494e+01 6.580000e+00 2.757780e+01
      vertex   1.824617e+01 6.531227e+00 2.758260e+01
      vertex   1.739494e+01 6.524370e+00 2.758407e+01
    endloop
  endfacet
  facet normal 6.978743e-04 -2.909236e-01 -9.567460e-01
    outer loop
      vertex   1.739494e+01 6.524370e+00 2.758407e+01
      vertex   1.824617e+01 6.531227e+00 2.758260e+01
      vertex   1.819927e+01 6.484329e+00 2.759683e+01
    endloop
  endfacet
  facet normal -1.465383e-03 -3.302787e-01 -9.438823e-01
    outer loop
      vertex   1.739494e+01 6.524370e+00 2.758407e+01
      vertex   1.819927e+01 6.484329e+00 2.759683e+01
      vertex   1.739494e+01 6.471529e+00 2.760256e+01
    endloop
  endfacet
  facet normal 1.240621e-03 -4.723610e-01 -8.814043e-01
    outer loop
      vertex   1.739494e+01 6.471529e+00 2.760256e+01
      vertex   1.819927e+01 6.484329e+00 2.759683e+01
      vertex   1.815605e+01 6.441107e+00 2.761993e+01
    endloop
  endfacet
  facet normal -1.936128e-03 -5.320311e-01 -8.467226e-01
    outer loop
      vertex   1.739494e+01 6.471529e+00 2.760256e+01
      vertex   1.815605e+01 6.441107e+00 2.761993e+01
      vertex   1.739494e+01 6.424128e+00 2.763234e+01
    endloop
  endfacet
  facet normal 1.583122e-03 -6.353380e-01 -7.722326e-01
    outer loop
      vertex   1.739494e+01 6.424128e+00 2.763234e+01
      vertex   1.815605e+01 6.441107e+00 2.761993e+01
      vertex   1.811817e+01 6.403223e+00 2.765102e+01
    endloop
  endfacet
  facet normal -2.173525e-03 -7.071051e-01 -7.071051e-01
    outer loop
      vertex   1.739494e+01 6.424128e+00 2.763234e+01
      vertex   1.811817e+01 6.403223e+00 2.765102e+01
      vertex   1.739494e+01 6.384542e+00 2.767193e+01
    endloop
  endfacet
  facet normal 1.671589e-03 -7.736817e-01 -6.335723e-01
    outer loop
      vertex   1.739494e+01 6.384542e+00 2.767193e+01
      vertex   1.811817e+01 6.403223e+00 2.765102e+01
      vertex   1.808708e+01 6.372133e+00 2.768891e+01
    endloop
  endfacet
  facet normal -2.129073e-03 -8.467223e-01 -5.320309e-01
    outer loop
      vertex   1.739494e+01 6.384542e+00 2.767193e+01
      vertex   1.808708e+01 6.372133e+00 2.768891e+01
      vertex   1.739494e+01 6.354758e+00 2.771933e+01
    endloop
  endfacet
  facet normal 1.454303e-03 -8.822433e-01 -4.707915e-01
    outer loop
      vertex   1.739494e+01 6.354758e+00 2.771933e+01
      vertex   1.808708e+01 6.372133e+00 2.768891e+01
      vertex   1.806397e+01 6.349030e+00 2.773213e+01
    endloop
  endfacet
  facet normal -1.761729e-03 -9.438819e-01 -3.302785e-01
    outer loop
      vertex   1.739494e+01 6.354758e+00 2.771933e+01
      vertex   1.806397e+01 6.349030e+00 2.773213e+01
      vertex   1.739494e+01 6.336268e+00 2.777217e+01
    endloop
  endfacet
  facet normal 8.973121e-04 -9.570155e-01 -2.900353e-01
    outer loop
      vertex   1.739494e+01 6.336268e+00 2.777217e+01
      vertex   1.806397e+01 6.349030e+00 2.773213e+01
      vertex   1.804975e+01 6.334804e+00 2.777903e+01
    endloop
  endfacet
  facet normal -6.743602e-04 -9.891618e-01 -1.468283e-01
    outer loop
      vertex   1.739494e+01 6.336268e+00 2.777217e+01
      vertex   1.804975e+01 6.334804e+00 2.777903e+01
      vertex   1.804615e+01 6.331204e+00 2.780330e+01
    endloop
  endfacet
  facet normal -9.801714e-02 -0.000000e+00 -9.951847e-01
    outer loop
      vertex   1.829494e+01 6.580000e+00 2.757780e+01
      vertex   1.829494e+01 4.980000e+00 2.757780e+01
      vertex   1.824617e+01 6.531227e+00 2.758260e+01
    endloop
  endfacet
  facet normal -1.234260e-01 -8.076546e-04 -9.923535e-01
    outer loop
      vertex   1.824617e+01 6.531227e+00 2.758260e+01
      vertex   1.829494e+01 4.980000e+00 2.757780e+01
      vertex   1.823931e+01 5.780000e+00 2.758407e+01
    endloop
  endfacet
  facet normal -2.910094e-01 7.916063e-04 -9.567199e-01
    outer loop
      vertex   1.824617e+01 6.531227e+00 2.758260e+01
      vertex   1.823931e+01 5.780000e+00 2.758407e+01
      vertex   1.819927e+01 6.484329e+00 2.759683e+01
    endloop
  endfacet
  facet normal -3.302786e-01 -1.673436e-03 -9.438820e-01
    outer loop
      vertex   1.819927e+01 6.484329e+00 2.759683e+01
      vertex   1.823931e+01 5.780000e+00 2.758407e+01
      vertex   1.818647e+01 5.780000e+00 2.760256e+01
    endloop
  endfacet
  facet normal -4.725003e-01 1.419903e-03 -8.813294e-01
    outer loop
      vertex   1.819927e+01 6.484329e+00 2.759683e+01
      vertex   1.818647e+01 5.780000e+00 2.760256e+01
      vertex   1.815605e+01 6.441107e+00 2.761993e+01
    endloop
  endfacet
  facet normal -5.320308e-01 -2.228988e-03 -8.467221e-01
    outer loop
      vertex   1.815605e+01 6.441107e+00 2.761993e+01
      vertex   1.818647e+01 5.780000e+00 2.760256e+01
      vertex   1.813907e+01 5.780000e+00 2.763234e+01
    endloop
  endfacet
  facet normal -6.354843e-01 1.828613e-03 -7.721117e-01
    outer loop
      vertex   1.815605e+01 6.441107e+00 2.761993e+01
      vertex   1.813907e+01 5.780000e+00 2.763234e+01
      vertex   1.811817e+01 6.403223e+00 2.765102e+01
    endloop
  endfacet
  facet normal -7.071045e-01 -2.522278e-03 -7.071045e-01
    outer loop
      vertex   1.811817e+01 6.403223e+00 2.765102e+01
      vertex   1.813907e+01 5.780000e+00 2.763234e+01
      vertex   1.809948e+01 5.780000e+00 2.767193e+01
    endloop
  endfacet
  facet normal -7.737922e-01 1.947677e-03 -6.334365e-01
    outer loop
      vertex   1.811817e+01 6.403223e+00 2.765102e+01
      vertex   1.809948e+01 5.780000e+00 2.767193e+01
      vertex   1.808708e+01 6.372133e+00 2.768891e+01
    endloop
  endfacet
  facet normal -8.467216e-01 -2.488631e-03 -5.320304e-01
    outer loop
      vertex   1.808708e+01 6.372133e+00 2.768891e+01
      vertex   1.809948e+01 5.780000e+00 2.767193e+01
      vertex   1.806970e+01 5.780000e+00 2.771933e+01
    endloop
  endfacet
  facet normal -8.822990e-01 1.706950e-03 -4.706863e-01
    outer loop
      vertex   1.808708e+01 6.372133e+00 2.768891e+01
      vertex   1.806970e+01 5.780000e+00 2.771933e+01
      vertex   1.806397e+01 6.349030e+00 2.773213e+01
    endloop
  endfacet
  facet normal -9.438813e-01 -2.071329e-03 -3.302784e-01
    outer loop
      vertex   1.806397e+01 6.349030e+00 2.773213e+01
      vertex   1.806970e+01 5.780000e+00 2.771933e+01
      vertex   1.805121e+01 5.780000e+00 2.777217e+01
    endloop
  endfacet
  facet normal -9.570289e-01 1.058458e-03 -2.899905e-01
    outer loop
      vertex   1.806397e+01 6.349030e+00 2.773213e+01
      vertex   1.805121e+01 5.780000e+00 2.777217e+01
      vertex   1.804975e+01 6.334804e+00 2.777903e+01
    endloop
  endfacet
  facet normal -9.891591e-01 -7.956849e-04 -1.468459e-01
    outer loop
      vertex   1.804975e+01 6.334804e+00 2.777903e+01
      vertex   1.805121e+01 5.780000e+00 2.777217e+01
      vertex   1.804615e+01 6.331204e+00 2.780330e+01
    endloop
  endfacet
  facet normal -9.870214e-01 3.180860e-15 -1.605888e-01
    outer loop
      vertex   1.804615e+01 6.331204e+00 2.780330e+01
      vertex   1.805121e+01 5.780000e+00 2.777217e+01
      vertex   1.804615e+01 5.228796e+00 2.780330e+01
    endloop
  endfacet
  facet normal -9.987955e-01 3.218804e-15 -4.906767e-02
    outer loop
      vertex   1.804615e+01 6.331204e+00 2.780330e+01
      vertex   1.804615e+01 5.228796e+00 2.780330e+01
      vertex   1.804494e+01 6.330000e+00 2.782780e+01
    endloop
  endfacet
  facet normal -9.987955e-01 -0.000000e+00 -4.906767e-02
    outer loop
      vertex   1.804494e+01 6.330000e+00 2.782780e+01
      vertex   1.804615e+01 5.228796e+00 2.780330e+01
      vertex   1.804494e+01 5.230000e+00 2.782780e+01
    endloop
  endfacet
  facet normal -9.697231e-02 1.054857e-03 -9.952865e-01
    outer loop
      vertex   1.829494e+01 4.980000e+00 2.757780e+01
      vertex   1.824617e+01 5.028773e+00 2.758260e+01
      vertex   1.823931e+01 5.780000e+00 2.758407e+01
    endloop
  endfacet
  facet normal -2.910094e-01 -7.916063e-04 -9.567199e-01
    outer loop
      vertex   1.823931e+01 5.780000e+00 2.758407e+01
      vertex   1.824617e+01 5.028773e+00 2.758260e+01
      vertex   1.819927e+01 5.075671e+00 2.759683e+01
    endloop
  endfacet
  facet normal -3.302786e-01 1.673436e-03 -9.438820e-01
    outer loop
      vertex   1.823931e+01 5.780000e+00 2.758407e+01
      vertex   1.819927e+01 5.075671e+00 2.759683e+01
      vertex   1.818647e+01 5.780000e+00 2.760256e+01
    endloop
  endfacet
  facet normal -4.725003e-01 -1.419903e-03 -8.813294e-01
    outer loop
      vertex   1.818647e+01 5.780000e+00 2.760256e+01
      vertex   1.819927e+01 5.075671e+00 2.759683e+01
      vertex   1.815605e+01 5.118893e+00 2.761993e+01
    endloop
  endfacet
  facet normal -5.320308e-01 2.228988e-03 -8.467221e-01
    outer loop
      vertex   1.818647e+01 5.780000e+00 2.760256e+01
      vertex   1.815605e+01 5.118893e+00 2.761993e+01
      vertex   1.813907e+01 5.780000e+00 2.763234e+01
    endloop
  endfacet
  facet normal -6.354843e-01 -1.828613e-03 -7.721117e-01
    outer loop
      vertex   1.813907e+01 5.780000e+00 2.763234e+01
      vertex   1.815605e+01 5.118893e+00 2.761993e+01
      vertex   1.811817e+01 5.156777e+00 2.765102e+01
    endloop
  endfacet
  facet normal -7.071045e-01 2.522278e-03 -7.071045e-01
    outer loop
      vertex   1.813907e+01 5.780000e+00 2.763234e+01
      vertex   1.811817e+01 5.156777e+00 2.765102e+01
      vertex   1.809948e+01 5.780000e+00 2.767193e+01
    endloop
  endfacet
  facet normal -7.737922e-01 -1.947677e-03 -6.334365e-01
    outer loop
      vertex   1.809948e+01 5.780000e+00 2.767193e+01
      vertex   1.811817e+01 5.156777e+00 2.765102e+01
      vertex   1.808708e+01 5.187867e+00 2.768891e+01
    endloop
  endfacet
  facet normal -8.467216e-01 2.488631e-03 -5.320304e-01
    outer loop
      vertex   1.809948e+01 5.780000e+00 2.767193e+01
      vertex   1.808708e+01 5.187867e+00 2.768891e+01
      vertex   1.806970e+01 5.780000e+00 2.771933e+01
    endloop
  endfacet
  facet normal -8.822990e-01 -1.706950e-03 -4.706863e-01
    outer loop
      vertex   1.806970e+01 5.780000e+00 2.771933e+01
      vertex   1.808708e+01 5.187867e+00 2.768891e+01
      vertex   1.806397e+01 5.210970e+00 2.773213e+01
    endloop
  endfacet
  facet normal -9.438813e-01 2.071329e-03 -3.302784e-01
    outer loop
      vertex   1.806970e+01 5.780000e+00 2.771933e+01
      vertex   1.806397e+01 5.210970e+00 2.773213e+01
      vertex   1.805121e+01 5.780000e+00 2.777217e+01
    endloop
  endfacet
  facet normal -9.570289e-01 -1.058458e-03 -2.899905e-01
    outer loop
      vertex   1.805121e+01 5.780000e+00 2.777217e+01
      vertex   1.806397e+01 5.210970e+00 2.773213e+01
      vertex   1.804975e+01 5.225196e+00 2.777903e+01
    endloop
  endfacet
  facet normal -9.891591e-01 7.956849e-04 -1.468459e-01
    outer loop
      vertex   1.805121e+01 5.780000e+00 2.777217e+01
      vertex   1.804975e+01 5.225196e+00 2.777903e+01
      vertex   1.804615e+01 5.228796e+00 2.780330e+01
    endloop
  endfacet
  facet normal 0.000000e+00 9.801714e-02 -9.951847e-01
    outer loop
      vertex   1.829494e+01 4.980000e+00 2.757780e+01
      vertex   1.649494e+01 4.980000e+00 2.757780e+01
      vertex   1.824617e+01 5.028773e+00 2.758260e+01
    endloop
  endfacet
  facet normal -7.133728e-04 1.233535e-01 -9.923625e-01
    outer loop
      vertex   1.824617e+01 5.028773e+00 2.758260e+01
      vertex   1.649494e+01 4.980000e+00 2.757780e+01
      vertex   1.739494e+01 5.035630e+00 2.758407e+01
    endloop
  endfacet
  facet normal 6.978743e-04 2.909236e-01 -9.567460e-01
    outer loop
      vertex   1.824617e+01 5.028773e+00 2.758260e+01
      vertex   1.739494e+01 5.035630e+00 2.758407e+01
      vertex   1.819927e+01 5.075671e+00 2.759683e+01
    endloop
  endfacet
  facet normal -1.465383e-03 3.302787e-01 -9.438823e-01
    outer loop
      vertex   1.819927e+01 5.075671e+00 2.759683e+01
      vertex   1.739494e+01 5.035630e+00 2.758407e+01
      vertex   1.739494e+01 5.088471e+00 2.760256e+01
    endloop
  endfacet
  facet normal 1.240621e-03 4.723610e-01 -8.814043e-01
    outer loop
      vertex   1.819927e+01 5.075671e+00 2.759683e+01
      vertex   1.739494e+01 5.088471e+00 2.760256e+01
      vertex   1.815605e+01 5.118893e+00 2.761993e+01
    endloop
  endfacet
  facet normal -1.936128e-03 5.320311e-01 -8.467226e-01
    outer loop
      vertex   1.815605e+01 5.118893e+00 2.761993e+01
      vertex   1.739494e+01 5.088471e+00 2.760256e+01
      vertex   1.739494e+01 5.135872e+00 2.763234e+01
    endloop
  endfacet
  facet normal 1.583122e-03 6.353380e-01 -7.722326e-01
    outer loop
      vertex   1.815605e+01 5.118893e+00 2.761993e+01
      vertex   1.739494e+01 5.135872e+00 2.763234e+01
      vertex   1.811817e+01 5.156777e+00 2.765102e+01
    endloop
  endfacet
  facet normal -2.173525e-03 7.071051e-01 -7.071051e-01
    outer loop
      vertex   1.811817e+01 5.156777e+00 2.765102e+01
      vertex   1.739494e+01 5.135872e+00 2.763234e+01
      vertex   1.739494e+01 5.175458e+00 2.767193e+01
    endloop
  endfacet
  facet normal 1.671589e-03 7.736817e-01 -6.335723e-01
    outer loop
      vertex   1.811817e+01 5.156777e+00 2.765102e+01
      vertex   1.739494e+01 5.175458e+00 2.767193e+01
      vertex   1.808708e+01 5.187867e+00 2.768891e+01
    endloop
  endfacet
  facet normal -2.129073e-03 8.467223e-01 -5.320309e-01
    outer loop
      vertex   1.808708e+01 5.187867e+00 2.768891e+01
      vertex   1.739494e+01 5.175458e+00 2.767193e+01
      vertex   1.739494e+01 5.205242e+00 2.771933e+01
    endloop
  endfacet
  facet normal 1.454303e-03 8.822433e-01 -4.707915e-01
    outer loop
      vertex   1.808708e+01 5.187867e+00 2.768891e+01
      vertex   1.739494e+01 5.205242e+00 2.771933e+01
      vertex   1.806397e+01 5.210970e+00 2.773213e+01
    endloop
  endfacet
  facet normal -1.761729e-03 9.438819e-01 -3.302785e-01
    outer loop
      vertex   1.806397e+01 5.210970e+00 2.773213e+01
      vertex   1.739494e+01 5.205242e+00 2.771933e+01
      vertex   1.739494e+01 5.223732e+00 2.777217e+01
    endloop
  endfacet
  facet normal 8.973121e-04 9.570155e-01 -2.900353e-01
    outer loop
      vertex   1.806397e+01 5.210970e+00 2.773213e+01
      vertex   1.739494e+01 5.223732e+00 2.777217e+01
      vertex   1.804975e+01 5.225196e+00 2.777903e+01
    endloop
  endfacet
  facet normal -6.743602e-04 9.891618e-01 -1.468283e-01
    outer loop
      vertex   1.804975e+01 5.225196e+00 2.777903e+01
      vertex   1.739494e+01 5.223732e+00 2.777217e+01
      vertex   1.804615e+01 5.228796e+00 2.780330e+01
    endloop
  endfacet
  facet normal -1.346201e-15 9.870214e-01 -1.605888e-01
    outer loop
      vertex   1.804615e+01 5.228796e+00 2.780330e+01
      vertex   1.739494e+01 5.223732e+00 2.777217e+01
      vertex   1.674374e+01 5.228796e+00 2.780330e+01
    endloop
  endfacet
  facet normal -1.362259e-15 9.987955e-01 -4.906767e-02
    outer loop
      vertex   1.804615e+01 5.228796e+00 2.780330e+01
      vertex   1.674374e+01 5.228796e+00 2.780330e+01
      vertex   1.804494e+01 5.230000e+00 2.782780e+01
    endloop
  endfacet
  facet normal 0.000000e+00 9.987955e-01 -4.906767e-02
    outer loop
      vertex   1.804494e+01 5.230000e+00 2.782780e+01
      vertex   1.674374e+01 5.228796e+00 2.780330e+01
      vertex   1.674494e+01 5.230000e+00 2.782780e+01
    endloop
  endfacet
  facet normal 9.299175e-04 9.709607e-02 -9.952746e-01
    outer loop
      vertex   1.649494e+01 4.980000e+00 2.757780e+01
      vertex   1.654372e+01 5.028773e+00 2.758260e+01
      vertex   1.739494e+01 5.035630e+00 2.758407e+01
    endloop
  endfacet
  facet normal -6.978743e-04 2.909236e-01 -9.567460e-01
    outer loop
      vertex   1.739494e+01 5.035630e+00 2.758407e+01
      vertex   1.654372e+01 5.028773e+00 2.758260e+01
      vertex   1.659061e+01 5.075671e+00 2.759683e+01
    endloop
  endfacet
  facet normal 1.465383e-03 3.302787e-01 -9.438823e-01
    outer loop
      vertex   1.739494e+01 5.035630e+00 2.758407e+01
      vertex   1.659061e+01 5.075671e+00 2.759683e+01
      vertex   1.739494e+01 5.088471e+00 2.760256e+01
    endloop
  endfacet
  facet normal -1.240621e-03 4.723610e-01 -8.814043e-01
    outer loop
      vertex   1.739494e+01 5.088471e+00 2.760256e+01
      vertex   1.659061e+01 5.075671e+00 2.759683e+01
      vertex   1.663384e+01 5.118893e+00 2.761993e+01
    endloop
  endfacet
  facet normal 1.936128e-03 5.320311e-01 -8.467226e-01
    outer loop
      vertex   1.739494e+01 5.088471e+00 2.760256e+01
      vertex   1.663384e+01 5.118893e+00 2.761993e+01
      vertex   1.739494e+01 5.135872e+00 2.763234e+01
    endloop
  endfacet
  facet normal -1.583122e-03 6.353380e-01 -7.722326e-01
    outer loop
      vertex   1.739494e+01 5.135872e+00 2.763234e+01
      vertex   1.663384e+01 5.118893e+00 2.761993e+01
      vertex   1.667172e+01 5.156777e+00 2.765102e+01
    endloop
  endfacet
  facet normal 2.173525e-03 7.071051e-01 -7.071051e-01
    outer loop
      vertex   1.739494e+01 5.135872e+00 2.763234e+01
      vertex   1.667172e+01 5.156777e+00 2.765102e+01
      vertex   1.739494e+01 5.175458e+00 2.767193e+01
    endloop
  endfacet
  facet normal -1.671589e-03 7.736817e-01 -6.335723e-01
    outer loop
      vertex   1.739494e+01 5.175458e+00 2.767193e+01
      vertex   1.667172e+01 5.156777e+00 2.765102e+01
      vertex   1.670281e+01 5.187867e+00 2.768891e+01
    endloop
  endfacet
  facet normal 2.129073e-03 8.467223e-01 -5.320309e-01
    outer loop
      vertex   1.739494e+01 5.175458e+00 2.767193e+01
      vertex   1.670281e+01 5.187867e+00 2.768891e+01
      vertex   1.739494e+01 5.205242e+00 2.771933e+01
    endloop
  endfacet
  facet normal -1.454303e-03 8.822433e-01 -4.707915e-01
    outer loop
      vertex   1.739494e+01 5.205242e+00 2.771933e+01
      vertex   1.670281e+01 5.187867e+00 2.768891e+01
      vertex   1.672591e+01 5.210970e+00 2.773213e+01
    endloop
  endfacet
  facet normal 1.761729e-03 9.438819e-01 -3.302785e-01
    outer loop
      vertex   1.739494e+01 5.205242e+00 2.771933e+01
      vertex   1.672591e+01 5.210970e+00 2.773213e+01
      vertex   1.739494e+01 5.223732e+00 2.777217e+01
    endloop
  endfacet
  facet normal -8.973121e-04 9.570155e-01 -2.900353e-01
    outer loop
      vertex   1.739494e+01 5.223732e+00 2.777217e+01
      vertex   1.672591e+01 5.210970e+00 2.773213e+01
      vertex   1.674014e+01 5.225196e+00 2.777903e+01
    endloop
  endfacet
  facet normal 6.743602e-04 9.891618e-01 -1.468283e-01
    outer loop
      vertex   1.739494e+01 5.223732e+00 2.777217e+01
      vertex   1.674014e+01 5.225196e+00 2.777903e+01
      vertex   1.674374e+01 5.228796e+00 2.780330e+01
    endloop
  endfacet
  facet normal 9.987955e-01 0.000000e+00 -4.906767e-02
    outer loop
      vertex   1.674494e+01 6.330000e+00 2.782780e+01
      vertex   1.674494e+01 5.230000e+00 2.782780e+01
      vertex   1.674374e+01 6.331204e+00 2.780330e+01
    endloop
  endfacet
  facet normal 9.987955e-01 -3.218804e-15 -4.906767e-02
    outer loop
      vertex   1.674374e+01 6.331204e+00 2.780330e+01
      vertex   1.674494e+01 5.230000e+00 2.782780e+01
      vertex   1.674374e+01 5.228796e+00 2.780330e+01
    endloop
  endfacet
  facet normal 9.870214e-01 -3.180860e-15 -1.605888e-01
    outer loop
      vertex   1.674374e+01 6.331204e+00 2.780330e+01
      vertex   1.674374e+01 5.228796e+00 2.780330e+01
      vertex   1.673867e+01 5.780000e+00 2.777217e+01
    endloop
  endfacet
  facet normal 9.891591e-01 7.956849e-04 -1.468459e-01
    outer loop
      vertex   1.673867e+01 5.780000e+00 2.777217e+01
      vertex   1.674374e+01 5.228796e+00 2.780330e+01
      vertex   1.674014e+01 5.225196e+00 2.777903e+01
    endloop
  endfacet
  facet normal 9.570289e-01 -1.058458e-03 -2.899905e-01
    outer loop
      vertex   1.673867e+01 5.780000e+00 2.777217e+01
      vertex   1.674014e+01 5.225196e+00 2.777903e+01
      vertex   1.672591e+01 5.210970e+00 2.773213e+01
    endloop
  endfacet
  facet normal 9.438813e-01 2.071329e-03 -3.302784e-01
    outer loop
      vertex   1.673867e+01 5.780000e+00 2.777217e+01
      vertex   1.672591e+01 5.210970e+00 2.773213e+01
      vertex   1.672018e+01 5.780000e+00 2.771933e+01
    endloop
  endfacet
  facet normal 8.822990e-01 -1.706950e-03 -4.706863e-01
    outer loop
      vertex   1.672018e+01 5.780000e+00 2.771933e+01
      vertex   1.672591e+01 5.210970e+00 2.773213e+01
      vertex   1.670281e+01 5.187867e+00 2.768891e+01
    endloop
  endfacet
  facet normal 8.467216e-01 2.488631e-03 -5.320304e-01
    outer loop
      vertex   1.672018e+01 5.780000e+00 2.771933e+01
      vertex   1.670281e+01 5.187867e+00 2.768891e+01
      vertex   1.669040e+01 5.780000e+00 2.767193e+01
    endloop
  endfacet
  facet normal 7.737922e-01 -1.947677e-03 -6.334365e-01
    outer loop
      vertex   1.669040e+01 5.780000e+00 2.767193e+01
      vertex   1.670281e+01 5.187867e+00 2.768891e+01
      vertex   1.667172e+01 5.156777e+00 2.765102e+01
    endloop
  endfacet
  facet normal 7.071045e-01 2.522278e-03 -7.071045e-01
    outer loop
      vertex   1.669040e+01 5.780000e+00 2.767193e+01
      vertex   1.667172e+01 5.156777e+00 2.765102e+01
      vertex   1.665081e+01 5.780000e+00 2.763234e+01
    endloop
  endfacet
  facet normal 6.354843e-01 -1.828613e-03 -7.721117e-01
    outer loop
      vertex   1.665081e+01 5.780000e+00 2.763234e+01
      vertex   1.667172e+01 5.156777e+00 2.765102e+01
      vertex   1.663384e+01 5.118893e+00 2.761993e+01
    endloop
  endfacet
  facet normal 5.320308e-01 2.228988e-03 -8.467221e-01
    outer loop
      vertex   1.665081e+01 5.780000e+00 2.763234e+01
      vertex   1.663384e+01 5.118893e+00 2.761993e+01
      vertex   1.660341e+01 5.780000e+00 2.760256e+01
    endloop
  endfacet
  facet normal 4.725003e-01 -1.419903e-03 -8.813294e-01
    outer loop
      vertex   1.660341e+01 5.780000e+00 2.760256e+01
      vertex   1.663384e+01 5.118893e+00 2.761993e+01
      vertex   1.659061e+01 5.075671e+00 2.759683e+01
    endloop
  endfacet
  facet normal 3.302786e-01 1.673436e-03 -9.438820e-01
    outer loop
      vertex   1.660341e+01 5.780000e+00 2.760256e+01
      vertex   1.659061e+01 5.075671e+00 2.759683e+01
      vertex   1.655057e+01 5.780000e+00 2.758407e+01
    endloop
  endfacet
  facet normal 2.910094e-01 -7.916063e-04 -9.567199e-01
    outer loop
      vertex   1.655057e+01 5.780000e+00 2.758407e+01
      vertex   1.659061e+01 5.075671e+00 2.759683e+01
      vertex   1.654372e+01 5.028773e+00 2.758260e+01
    endloop
  endfacet
  facet normal 1.234260e-01 8.076546e-04 -9.923535e-01
    outer loop
      vertex   1.655057e+01 5.780000e+00 2.758407e+01
      vertex   1.654372e+01 5.028773e+00 2.758260e+01
      vertex   1.649494e+01 6.580000e+00 2.757780e+01
    endloop
  endfacet
  facet normal 9.801714e-02 0.000000e+00 -9.951847e-01
    outer loop
      vertex   1.649494e+01 6.580000e+00 2.757780e+01
      vertex   1.654372e+01 5.028773e+00 2.758260e+01
      vertex   1.649494e+01 4.980000e+00 2.757780e+01
    endloop
  endfacet
  facet normal 9.697231e-02 -1.054857e-03 -9.952865e-01
    outer loop
      vertex   1.649494e+01 6.580000e+00 2.757780e+01
      vertex   1.654372e+01 6.531227e+00 2.758260e+01
      vertex   1.655057e+01 5.780000e+00 2.758407e+01
    endloop
  endfacet
  facet normal 2.910094e-01 7.916063e-04 -9.567199e-01
    outer loop
      vertex   1.655057e+01 5.780000e+00 2.758407e+01
      vertex   1.654372e+01 6.531227e+00 2.758260e+01
      vertex   1.659061e+01 6.484329e+00 2.759683e+01
    endloop
  endfacet
  facet normal 3.302786e-01 -1.673436e-03 -9.438820e-01
    outer loop
      vertex   1.655057e+01 5.780000e+00 2.758407e+01
      vertex   1.659061e+01 6.484329e+00 2.759683e+01
      vertex   1.660341e+01 5.780000e+00 2.760256e+01
    endloop
  endfacet
  facet normal 4.725003e-01 1.419903e-03 -8.813294e-01
    outer loop
      vertex   1.660341e+01 5.780000e+00 2.760256e+01
      vertex   1.659061e+01 6.484329e+00 2.759683e+01
      vertex   1.663384e+01 6.441107e+00 2.761993e+01
    endloop
  endfacet
  facet normal 5.320308e-01 -2.228988e-03 -8.467221e-01
    outer loop
      vertex   1.660341e+01 5.780000e+00 2.760256e+01
      vertex   1.663384e+01 6.441107e+00 2.761993e+01
      vertex   1.665081e+01 5.780000e+00 2.763234e+01
    endloop
  endfacet
  facet normal 6.354843e-01 1.828613e-03 -7.721117e-01
    outer loop
      vertex   1.665081e+01 5.780000e+00 2.763234e+01
      vertex   1.663384e+01 6.441107e+00 2.761993e+01
      vertex   1.667172e+01 6.403223e+00 2.765102e+01
    endloop
  endfacet
  facet normal 7.071045e-01 -2.522278e-03 -7.071045e-01
    outer loop
      vertex   1.665081e+01 5.780000e+00 2.763234e+01
      vertex   1.667172e+01 6.403223e+00 2.765102e+01
      vertex   1.669040e+01 5.780000e+00 2.767193e+01
    endloop
  endfacet
  facet normal 7.737922e-01 1.947677e-03 -6.334365e-01
    outer loop
      vertex   1.669040e+01 5.780000e+00 2.767193e+01
      vertex   1.667172e+01 6.403223e+00 2.765102e+01
      vertex   1.670281e+01 6.372133e+00 2.768891e+01
    endloop
  endfacet
  facet normal 8.467216e-01 -2.488631e-03 -5.320304e-01
    outer loop
      vertex   1.669040e+01 5.780000e+00 2.767193e+01
      vertex   1.670281e+01 6.372133e+00 2.768891e+01
      vertex   1.672018e+01 5.780000e+00 2.771933e+01
    endloop
  endfacet
  facet normal 8.822990e-01 1.706950e-03 -4.706863e-01
    outer loop
      vertex   1.672018e+01 5.780000e+00 2.771933e+01
      vertex   1.670281e+01 6.372133e+00 2.768891e+01
      vertex   1.672591e+01 6.349030e+00 2.773213e+01
    endloop
  endfacet
  facet normal 9.438813e-01 -2.071329e-03 -3.302784e-01
    outer loop
      vertex   1.672018e+01 5.780000e+00 2.771933e+01
      vertex   1.672591e+01 6.349030e+00 2.773213e+01
      vertex   1.673867e+01 5.780000e+00 2.777217e+01
    endloop
  endfacet
  facet normal 9.570289e-01 1.058458e-03 -2.899905e-01
    outer loop
      vertex   1.673867e+01 5.780000e+00 2.777217e+01
      vertex   1.672591e+01 6.349030e+00 2.773213e+01
      vertex   1.674014e+01 6.334804e+00 2.777903e+01
    endloop
  endfacet
  facet normal 9.891591e-01 -7.956849e-04 -1.468459e-01
    outer loop
      vertex   1.673867e+01 5.780000e+00 2.777217e+01
      vertex   1.674014e+01 6.334804e+00 2.777903e+01
      vertex   1.674374e+01 6.331204e+00 2.780330e+01
    endloop
  endfacet
  facet normal 1.000000e+00 0.000000e+00 0.000000e+00
    outer loop
      vertex   1.674494e+01 5.230000e+00 2.782780e+01
      vertex   1.674494e+01 6.330000e+00 2.782780e+01
      vertex   1.674494e+01 5.230000e+00 2.837780e+01
    endloop
  endfacet
  facet normal 1.000000e+00 -0.000000e+00 0.000000e+00
    outer loop
      vertex   1.674494e+01 5.230000e+00 2.837780e+01
      vertex   1.674494e+01 6.330000e+00 2.782780e+01
      vertex   1.674494e+01 6.330000e+00 2.837780e+01
    endloop
  endfacet
  facet normal 0.000000e+00 -1.000000e+00 0.000000e+00
    outer loop
      vertex   1.674494e+01 6.330000e+00 2.782780e+01
      vertex   1.804494e+01 6.330000e+00 2.782780e+01
      vertex   1.674494e+01 6.330000e+00 2.837780e+01
    endloop
  endfacet
  facet normal 0.000000e+00 -1.000000e+00 0.000000e+00
    outer loop
      vertex   1.674494e+01 6.330000e+00 2.837780e+01
      vertex   1.804494e+01 6.330000e+00 2.782780e+01
      vertex   1.804494e+01 6.330000e+00 2.837780e+01
    endloop
  endfacet
  facet normal 0.000000e+00 0.000000e+00 -1.000000e+00
    outer loop
      vertex   1.389494e+01 4.780000e+00 2.757780e+01
      vertex   1.649494e+01 4.980000e+00 2.757780e+01
      vertex   1.939494e+01 4.780000e+00 2.757780e+01
    endloop
  endfacet
  facet normal 0.000000e+00 0.000000e+00 -1.000000e+00
    outer loop
      vertex   1.939494e+01 4.780000e+00 2.757780e+01
      vertex   1.649494e+01 4.980000e+00 2.757780e+01
      vertex   1.829494e+01 4.980000e+00 2.757780e+01
    endloop
  endfacet
  facet normal 0.000000e+00 0.000000e+00 -1.000000e+00
    outer loop
      vertex   1.939494e+01 4.780000e+00 2.757780e+01
      vertex   1.829494e+01 4.980000e+00 2.757780e+01
      vertex   1.829494e+01 6.580000e+00 2.757780e+01
    endloop
  endfacet
  facet normal -0.000000e+00 0.000000e+00 -1.000000e+00
    outer loop
      vertex   1.649494e+01 4.980000e+00 2.757780e+01
      vertex   1.389494e+01 4.780000e+00 2.757780e+01
      vertex   1.649494e+01 6.580000e+00 2.757780e+01
    endloop
  endfacet
  facet normal -0.000000e+00 0.000000e+00 -1.000000e+00
    outer loop
      vertex   1.649494e+01 6.580000e+00 2.757780e+01
      vertex   1.389494e+01 4.780000e+00 2.757780e+01
      vertex   1.389494e+01 6.780000e+00 2.757780e+01
    endloop
  endfacet
  facet normal 0.000000e+00 0.000000e+00 -1.000000e+00
    outer loop
      vertex   1.649494e+01 6.580000e+00 2.757780e+01
      vertex   1.389494e+01 6.780000e+00 2.757780e+01
      vertex   1.939494e+01 6.780000e+00 2.757780e+01
    endloop
  endfacet
  facet normal 0.000000e+00 0.000000e+00 -1.000000e+00
    outer loop
      vertex   1.649494e+01 6.580000e+00 2.757780e+01
      vertex   1.939494e+01 6.780000e+00 2.757780e+01
      vertex   1.829494e+01 6.580000e+00 2.757780e+01
    endloop
  endfacet
  facet normal 0.000000e+00 0.000000e+00 -1.000000e+00
    outer loop
      vertex   1.829494e+01 6.580000e+00 2.757780e+01
      vertex   1.939494e+01 6.780000e+00 2.757780e+01
      vertex   1.939494e+01 4.780000e+00 2.757780e+01
    endloop
  endfacet
  facet normal 9.139610e-01 -0.000000e+00 4.058020e-01
    outer loop
      vertex   1.479079e+01 4.780000e+00 3.373494e+01
      vertex   1.479079e+01 6.780000e+00 3.373494e+01
      vertex   1.477005e+01 5.780000e+00 3.378165e+01
    endloop
  endfacet
  facet normal 9.139610e-01 -0.000000e+00 4.058020e-01
    outer loop
      vertex   1.477005e+01 5.780000e+00 3.378165e+01
      vertex   1.479079e+01 6.780000e+00 3.373494e+01
      vertex   1.477005e+01 6.780000e+00 3.378165e+01
    endloop
  endfacet
  facet normal 7.812908e-01 -0.000000e+00 6.241672e-01
    outer loop
      vertex   1.477005e+01 5.780000e+00 3.378165e+01
      vertex   1.477005e+01 6.780000e+00 3.378165e+01
      vertex   1.473815e+01 5.780000e+00 3.382157e+01
    endloop
  endfacet
  facet normal 7.812908e-01 -0.000000e+00 6.241672e-01
    outer loop
      vertex   1.473815e+01 5.780000e+00 3.382157e+01
      vertex   1.477005e+01 6.780000e+00 3.378165e+01
      vertex   1.473815e+01 6.780000e+00 3.382157e+01
    endloop
  endfacet
  facet normal 5.976143e-01 -0.000000e+00 8.017837e-01
    outer loop
      vertex   1.473815e+01 5.780000e+00 3.382157e+01
      vertex   1.473815e+01 6.780000e+00 3.382157e+01
      vertex   1.469718e+01 5.780000e+00 3.385211e+01
    endloop
  endfacet
  facet normal 5.976143e-01 6.758592e-15 8.017837e-01
    outer loop
      vertex   1.469718e+01 5.780000e+00 3.385211e+01
      vertex   1.473815e+01 6.780000e+00 3.382157e+01
      vertex   1.469718e+01 6.780000e+00 3.385211e+01
    endloop
  endfacet
  facet normal 3.749227e-01 7.253126e-15 9.270561e-01
    outer loop
      vertex   1.469718e+01 5.780000e+00 3.385211e+01
      vertex   1.469718e+01 6.780000e+00 3.385211e+01
      vertex   1.464981e+01 5.780000e+00 3.387127e+01
    endloop
  endfacet
  facet normal 3.749227e-01 -0.000000e+00 9.270561e-01
    outer loop
      vertex   1.464981e+01 5.780000e+00 3.387127e+01
      vertex   1.469718e+01 6.780000e+00 3.385211e+01
      vertex   1.464981e+01 6.780000e+00 3.387127e+01
    endloop
  endfacet
  facet normal 1.277544e-01 -0.000000e+00 9.918058e-01
    outer loop
      vertex   1.464981e+01 5.780000e+00 3.387127e+01
      vertex   1.464981e+01 6.780000e+00 3.387127e+01
      vertex   1.459912e+01 6.780000e+00 3.387780e+01
    endloop
  endfacet
  facet normal 1.277544e-01 0.000000e+00 9.918058e-01
    outer loop
      vertex   1.459912e+01 6.780000e+00 3.387780e+01
      vertex   1.459912e+01 4.780000e+00 3.387780e+01
      vertex   1.464981e+01 5.780000e+00 3.387127e+01
    endloop
  endfacet
  facet normal 1.277544e-01 0.000000e+00 9.918058e-01
    outer loop
      vertex   1.464981e+01 5.780000e+00 3.387127e+01
      vertex   1.459912e+01 4.780000e+00 3.387780e+01
      vertex   1.464981e+01 4.780000e+00 3.387127e+01
    endloop
  endfacet
  facet normal 3.749227e-01 0.000000e+00 9.270561e-01
    outer loop
      vertex   1.464981e+01 5.780000e+00 3.387127e+01
      vertex   1.464981e+01 4.780000e+00 3.387127e+01
      vertex   1.469718e+01 5.780000e+00 3.385211e+01
    endloop
  endfacet
  facet normal 3.749227e-01 -7.253126e-15 9.270561e-01
    outer loop
      vertex   1.469718e+01 5.780000e+00 3.385211e+01
      vertex   1.464981e+01 4.780000e+00 3.387127e+01
      vertex   1.469718e+01 4.780000e+00 3.385211e+01
    endloop
  endfacet
  facet normal 5.976143e-01 -6.758592e-15 8.017837e-01
    outer loop
      vertex   1.469718e+01 5.780000e+00 3.385211e+01
      vertex   1.469718e+01 4.780000e+00 3.385211e+01
      vertex   1.473815e+01 5.780000e+00 3.382157e+01
    endloop
  endfacet
  facet normal 5.976143e-01 0.000000e+00 8.017837e-01
    outer loop
      vertex   1.473815e+01 5.780000e+00 3.382157e+01
      vertex   1.469718e+01 4.780000e+00 3.385211e+01
      vertex   1.473815e+01 4.780000e+00 3.382157e+01
    endloop
  endfacet
  facet normal 7.812908e-01 0.000000e+00 6.241672e-01
    outer loop
      vertex   1.473815e+01 5.780000e+00 3.382157e+01
      vertex   1.473815e+01 4.780000e+00 3.382157e+01
      vertex   1.477005e+01 5.780000e+00 3.378165e+01
    endloop
  endfacet
  facet normal 7.812908e-01 0.000000e+00 6.241672e-01
    outer loop
      vertex   1.477005e+01 5.780000e+00 3.378165e+01
      vertex   1.473815e+01 4.780000e+00 3.382157e+01
      vertex   1.477005e+01 4.780000e+00 3.378165e+01
    endloop
  endfacet
  facet normal 9.139610e-01 0.000000e+00 4.058020e-01
    outer loop
      vertex   1.477005e+01 5.780000e+00 3.378165e+01
      vertex   1.477005e+01 4.780000e+00 3.378165e+01
      vertex   1.479079e+01 4.780000e+00 3.373494e+01
    endloop
  endfacet
  facet normal 9.304510e-01 0.000000e+00 3.664165e-01
    outer loop
      vertex   1.479079e+01 6.780000e+00 3.373494e+01
      vertex   1.479079e+01 4.780000e+00 3.373494e+01
      vertex   1.482204e+01 6.780000e+00 3.365558e+01
    endloop
  endfacet
  facet normal 9.304510e-01 0.000000e+00 3.664165e-01
    outer loop
      vertex   1.482204e+01 6.780000e+00 3.365558e+01
      vertex   1.479079e+01 4.780000e+00 3.373494e+01
      vertex   1.482204e+01 4.780000e+00 3.365558e+01
    endloop
  endfacet
  facet normal 8.546289e-01 0.000000e+00 5.192393e-01
    outer loop
      vertex   1.482204e+01 6.780000e+00 3.365558e+01
      vertex   1.482204e+01 4.780000e+00 3.365558e+01
      vertex   1.486633e+01 6.780000e+00 3.358268e+01
    endloop
  endfacet
  facet normal 8.546289e-01 0.000000e+00 5.192393e-01
    outer loop
      vertex   1.486633e+01 6.780000e+00 3.358268e+01
      vertex   1.482204e+01 4.780000e+00 3.365558e+01
      vertex   1.486633e+01 4.780000e+00 3.358268e+01
    endloop
  endfacet
  facet normal 7.539339e-01 0.000000e+00 6.569503e-01
    outer loop
      vertex   1.486633e+01 6.780000e+00 3.358268e+01
      vertex   1.486633e+01 4.780000e+00 3.358268e+01
      vertex   1.492237e+01 6.780000e+00 3.351837e+01
    endloop
  endfacet
  facet normal 7.539339e-01 0.000000e+00 6.569503e-01
    outer loop
      vertex   1.492237e+01 6.780000e+00 3.351837e+01
      vertex   1.486633e+01 4.780000e+00 3.358268e+01
      vertex   1.492237e+01 4.780000e+00 3.351837e+01
    endloop
  endfacet
  facet normal 6.312965e-01 0.000000e+00 7.755416e-01
    outer loop
      vertex   1.492237e+01 6.780000e+00 3.351837e+01
      vertex   1.492237e+01 4.780000e+00 3.351837e+01
      vertex   1.498852e+01 6.780000e+00 3.346452e+01
    endloop
  endfacet
  facet normal 6.312965e-01 0.000000e+00 7.755416e-01
    outer loop
      vertex   1.498852e+01 6.780000e+00 3.346452e+01
      vertex   1.492237e+01 4.780000e+00 3.351837e+01
      vertex   1.498852e+01 4.780000e+00 3.346452e+01
    endloop
  endfacet
  facet normal 4.902860e-01 0.000000e+00 8.715616e-01
    outer loop
      vertex   1.498852e+01 6.780000e+00 3.346452e+01
      vertex   1.498852e+01 4.780000e+00 3.346452e+01
      vertex   1.506286e+01 6.780000e+00 3.342270e+01
    endloop
  endfacet
  facet normal 4.902860e-01 0.000000e+00 8.715616e-01
    outer loop
      vertex   1.506286e+01 6.780000e+00 3.342270e+01
      vertex   1.498852e+01 4.780000e+00 3.346452e+01
      vertex   1.506286e+01 4.780000e+00 3.342270e+01
    endloop
  endfacet
  facet normal 3.350063e-01 0.000000e+00 9.422159e-01
    outer loop
      vertex   1.506286e+01 6.780000e+00 3.342270e+01
      vertex   1.506286e+01 4.780000e+00 3.342270e+01
      vertex   1.514324e+01 6.780000e+00 3.339412e+01
    endloop
  endfacet
  facet normal 3.350063e-01 0.000000e+00 9.422159e-01
    outer loop
      vertex   1.514324e+01 6.780000e+00 3.339412e+01
      vertex   1.506286e+01 4.780000e+00 3.342270e+01
      vertex   1.514324e+01 4.780000e+00 3.339412e+01
    endloop
  endfacet
  facet normal 1.699766e-01 0.000000e+00 9.854481e-01
    outer loop
      vertex   1.514324e+01 6.780000e+00 3.339412e+01
      vertex   1.514324e+01 4.780000e+00 3.339412e+01
      vertex   1.522729e+01 6.780000e+00 3.337962e+01
    endloop
  endfacet
  facet normal 1.699766e-01 0.000000e+00 9.854481e-01
    outer loop
      vertex   1.522729e+01 6.780000e+00 3.337962e+01
      vertex   1.514324e+01 4.780000e+00 3.339412e+01
      vertex   1.522729e+01 4.780000e+00 3.337962e+01
    endloop
  endfacet
  facet normal -0.000000e+00 0.000000e+00 1.000000e+00
    outer loop
      vertex   1.522729e+01 6.780000e+00 3.337962e+01
      vertex   1.522729e+01 4.780000e+00 3.337962e+01
      vertex   1.531259e+01 6.780000e+00 3.337962e+01
    endloop
  endfacet
  facet normal 0.000000e+00 0.000000e+00 1.000000e+00
    outer loop
      vertex   1.531259e+01 6.780000e+00 3.337962e+01
      vertex   1.522729e+01 4.780000e+00 3.337962e+01
      vertex   1.531259e+01 4.780000e+00 3.337962e+01
    endloop
  endfacet
  facet normal -1.699766e-01 0.000000e+00 9.854481e-01
    outer loop
      vertex   1.531259e+01 6.780000e+00 3.337962e+01
      vertex   1.531259e+01 4.780000e+00 3.337962e+01
      vertex   1.539665e+01 6.780000e+00 3.339412e+01
    endloop
  endfacet
  facet normal -1.699766e-01 0.000000e+00 9.854481e-01
    outer loop
      vertex   1.539665e+01 6.780000e+00 3.339412e+01
      vertex   1.531259e+01 4.780000e+00 3.337962e+01
      vertex   1.539665e+01 4.780000e+00 3.339412e+01
    endloop
  endfacet
  facet normal -3.350063e-01 0.000000e+00 9.422159e-01
    outer loop
      vertex   1.539665e+01 6.780000e+00 3.339412e+01
      vertex   1.539665e+01 4.780000e+00 3.339412e+01
      vertex   1.547702e+01 6.780000e+00 3.342270e+01
    endloop
  endfacet
  facet normal -3.350063e-01 0.000000e+00 9.422159e-01
    outer loop
      vertex   1.547702e+01 6.780000e+00 3.342270e+01
      vertex   1.539665e+01 4.780000e+00 3.339412e+01
      vertex   1.547702e+01 4.780000e+00 3.342270e+01
    endloop
  endfacet
  facet normal -4.902860e-01 0.000000e+00 8.715616e-01
    outer loop
      vertex   1.547702e+01 6.780000e+00 3.342270e+01
      vertex   1.547702e+01 4.780000e+00 3.342270e+01
      vertex   1.555136e+01 6.780000e+00 3.346452e+01
    endloop
  endfacet
  facet normal -4.902860e-01 0.000000e+00 8.715616e-01
    outer loop
      vertex   1.555136e+01 6.780000e+00 3.346452e+01
      vertex   1.547702e+01 4.780000e+00 3.342270e+01
      vertex   1.555136e+01 4.780000e+00 3.346452e+01
    endloop
  endfacet
  facet normal -6.312965e-01 0.000000e+00 7.755416e-01
    outer loop
      vertex   1.555136e+01 6.780000e+00 3.346452e+01
      vertex   1.555136e+01 4.780000e+00 3.346452e+01
      vertex   1.561752e+01 6.780000e+00 3.351837e+01
    endloop
  endfacet
  facet normal -6.312965e-01 0.000000e+00 7.755416e-01
    outer loop
      vertex   1.561752e+01 6.780000e+00 3.351837e+01
      vertex   1.555136e+01 4.780000e+00 3.346452e+01
      vertex   1.561752e+01 4.780000e+00 3.351837e+01
    endloop
  endfacet
  facet normal -7.539339e-01 0.000000e+00 6.569503e-01
    outer loop
      vertex   1.561752e+01 6.780000e+00 3.351837e+01
      vertex   1.561752e+01 4.780000e+00 3.351837e+01
      vertex   1.567355e+01 6.780000e+00 3.358268e+01
    endloop
  endfacet
  facet normal -7.539339e-01 0.000000e+00 6.569503e-01
    outer loop
      vertex   1.567355e+01 6.780000e+00 3.358268e+01
      vertex   1.561752e+01 4.780000e+00 3.351837e+01
      vertex   1.567355e+01 4.780000e+00 3.358268e+01
    endloop
  endfacet
  facet normal -8.546289e-01 0.000000e+00 5.192393e-01
    outer loop
      vertex   1.567355e+01 6.780000e+00 3.358268e+01
      vertex   1.567355e+01 4.780000e+00 3.358268e+01
      vertex   1.571784e+01 6.780000e+00 3.365558e+01
    endloop
  endfacet
  facet normal -8.546289e-01 0.000000e+00 5.192393e-01
    outer loop
      vertex   1.571784e+01 6.780000e+00 3.365558e+01
      vertex   1.567355e+01 4.780000e+00 3.358268e+01
      vertex   1.571784e+01 4.780000e+00 3.365558e+01
    endloop
  endfacet
  facet normal -9.304510e-01 0.000000e+00 3.664165e-01
    outer loop
      vertex   1.571784e+01 6.780000e+00 3.365558e+01
      vertex   1.571784e+01 4.780000e+00 3.365558e+01
      vertex   1.574910e+01 6.780000e+00 3.373494e+01
    endloop
  endfacet
  facet normal -9.304510e-01 0.000000e+00 3.664165e-01
    outer loop
      vertex   1.574910e+01 6.780000e+00 3.373494e+01
      vertex   1.571784e+01 4.780000e+00 3.365558e+01
      vertex   1.574910e+01 4.780000e+00 3.373494e+01
    endloop
  endfacet
  facet normal -9.139610e-01 0.000000e+00 4.058020e-01
    outer loop
      vertex   1.849910e+01 6.780000e+00 3.373494e+01
      vertex   1.849910e+01 4.780000e+00 3.373494e+01
      vertex   1.851984e+01 5.780000e+00 3.378165e+01
    endloop
  endfacet
  facet normal -9.139610e-01 0.000000e+00 4.058020e-01
    outer loop
      vertex   1.851984e+01 5.780000e+00 3.378165e+01
      vertex   1.849910e+01 4.780000e+00 3.373494e+01
      vertex   1.851984e+01 4.780000e+00 3.378165e+01
    endloop
  endfacet
  facet normal -7.812908e-01 0.000000e+00 6.241672e-01
    outer loop
      vertex   1.851984e+01 5.780000e+00 3.378165e+01
      vertex   1.851984e+01 4.780000e+00 3.378165e+01
      vertex   1.855173e+01 5.780000e+00 3.382157e+01
    endloop
  endfacet
  facet normal -7.812908e-01 0.000000e+00 6.241672e-01
    outer loop
      vertex   1.855173e+01 5.780000e+00 3.382157e+01
      vertex   1.851984e+01 4.780000e+00 3.378165e+01
      vertex   1.855173e+01 4.780000e+00 3.382157e+01
    endloop
  endfacet
  facet normal -5.976143e-01 0.000000e+00 8.017837e-01
    outer loop
      vertex   1.855173e+01 5.780000e+00 3.382157e+01
      vertex   1.855173e+01 4.780000e+00 3.382157e+01
      vertex   1.859271e+01 5.780000e+00 3.385211e+01
    endloop
  endfacet
  facet normal -5.976143e-01 -5.697016e-15 8.017837e-01
    outer loop
      vertex   1.859271e+01 5.780000e+00 3.385211e+01
      vertex   1.855173e+01 4.780000e+00 3.382157e+01
      vertex   1.859271e+01 4.780000e+00 3.385211e+01
    endloop
  endfacet
  facet normal -3.749227e-01 -6.587130e-15 9.270561e-01
    outer loop
      vertex   1.859271e+01 5.780000e+00 3.385211e+01
      vertex   1.859271e+01 4.780000e+00 3.385211e+01
      vertex   1.864008e+01 5.780000e+00 3.387127e+01
    endloop
  endfacet
  facet normal -3.749227e-01 0.000000e+00 9.270561e-01
    outer loop
      vertex   1.864008e+01 5.780000e+00 3.387127e+01
      vertex   1.859271e+01 4.780000e+00 3.385211e+01
      vertex   1.864008e+01 4.780000e+00 3.387127e+01
    endloop
  endfacet
  facet normal -1.277544e-01 0.000000e+00 9.918058e-01
    outer loop
      vertex   1.864008e+01 5.780000e+00 3.387127e+01
      vertex   1.864008e+01 4.780000e+00 3.387127e+01
      vertex   1.869076e+01 4.780000e+00 3.387780e+01
    endloop
  endfacet
  facet normal -1.277544e-01 0.000000e+00 9.918058e-01
    outer loop
      vertex   1.869076e+01 4.780000e+00 3.387780e+01
      vertex   1.869076e+01 6.780000e+00 3.387780e+01
      vertex   1.864008e+01 5.780000e+00 3.387127e+01
    endloop
  endfacet
  facet normal -1.277544e-01 0.000000e+00 9.918058e-01
    outer loop
      vertex   1.864008e+01 5.780000e+00 3.387127e+01
      vertex   1.869076e+01 6.780000e+00 3.387780e+01
      vertex   1.864008e+01 6.780000e+00 3.387127e+01
    endloop
  endfacet
  facet normal -3.749227e-01 0.000000e+00 9.270561e-01
    outer loop
      vertex   1.864008e+01 5.780000e+00 3.387127e+01
      vertex   1.864008e+01 6.780000e+00 3.387127e+01
      vertex   1.859271e+01 5.780000e+00 3.385211e+01
    endloop
  endfacet
  facet normal -3.749227e-01 6.587130e-15 9.270561e-01
    outer loop
      vertex   1.859271e+01 5.780000e+00 3.385211e+01
      vertex   1.864008e+01 6.780000e+00 3.387127e+01
      vertex   1.859271e+01 6.780000e+00 3.385211e+01
    endloop
  endfacet
  facet normal -5.976143e-01 5.697016e-15 8.017837e-01
    outer loop
      vertex   1.859271e+01 5.780000e+00 3.385211e+01
      vertex   1.859271e+01 6.780000e+00 3.385211e+01
      vertex   1.855173e+01 5.780000e+00 3.382157e+01
    endloop
  endfacet
  facet normal -5.976143e-01 0.000000e+00 8.017837e-01
    outer loop
      vertex   1.855173e+01 5.780000e+00 3.382157e+01
      vertex   1.859271e+01 6.780000e+00 3.385211e+01
      vertex   1.855173e+01 6.780000e+00 3.382157e+01
    endloop
  endfacet
  facet normal -7.812908e-01 0.000000e+00 6.241672e-01
    outer loop
      vertex   1.855173e+01 5.780000e+00 3.382157e+01
      vertex   1.855173e+01 6.780000e+00 3.382157e+01
      vertex   1.851984e+01 5.780000e+00 3.378165e+01
    endloop
  endfacet
  facet normal -7.812908e-01 0.000000e+00 6.241672e-01
    outer loop
      vertex   1.851984e+01 5.780000e+00 3.378165e+01
      vertex   1.855173e+01 6.780000e+00 3.382157e+01
      vertex   1.851984e+01 6.780000e+00 3.378165e+01
    endloop
  endfacet
  facet normal -9.139610e-01 0.000000e+00 4.058020e-01
    outer loop
      vertex   1.851984e+01 5.780000e+00 3.378165e+01
      vertex   1.851984e+01 6.780000e+00 3.378165e+01
      vertex   1.849910e+01 6.780000e+00 3.373494e+01
    endloop
  endfacet
  facet normal 0.000000e+00 0.000000e+00 1.000000e+00
    outer loop
      vertex   1.869076e+01 4.780000e+00 3.387780e+01
      vertex   1.919494e+01 4.780000e+00 3.387780e+01
      vertex   1.869076e+01 6.780000e+00 3.387780e+01
    endloop
  endfacet
  facet normal -0.000000e+00 0.000000e+00 1.000000e+00
    outer loop
      vertex   1.869076e+01 6.780000e+00 3.387780e+01
      vertex   1.919494e+01 4.780000e+00 3.387780e+01
      vertex   1.919494e+01 6.780000e+00 3.387780e+01
    endloop
  endfacet
  facet normal -9.139610e-01 0.000000e+00 4.058020e-01
    outer loop
      vertex   1.574910e+01 6.780000e+00 3.373494e+01
      vertex   1.574910e+01 4.780000e+00 3.373494e+01
      vertex   1.576984e+01 5.780000e+00 3.378165e+01
    endloop
  endfacet
  facet normal -9.139610e-01 0.000000e+00 4.058020e-01
    outer loop
      vertex   1.576984e+01 5.780000e+00 3.378165e+01
      vertex   1.574910e+01 4.780000e+00 3.373494e+01
      vertex   1.576984e+01 4.780000e+00 3.378165e+01
    endloop
  endfacet
  facet normal -7.812908e-01 0.000000e+00 6.241672e-01
    outer loop
      vertex   1.576984e+01 5.780000e+00 3.378165e+01
      vertex   1.576984e+01 4.780000e+00 3.378165e+01
      vertex   1.580173e+01 5.780000e+00 3.382157e+01
    endloop
  endfacet
  facet normal -7.812908e-01 0.000000e+00 6.241672e-01
    outer loop
      vertex   1.580173e+01 5.780000e+00 3.382157e+01
      vertex   1.576984e+01 4.780000e+00 3.378165e+01
      vertex   1.580173e+01 4.780000e+00 3.382157e+01
    endloop
  endfacet
  facet normal -5.976143e-01 0.000000e+00 8.017837e-01
    outer loop
      vertex   1.580173e+01 5.780000e+00 3.382157e+01
      vertex   1.580173e+01 4.780000e+00 3.382157e+01
      vertex   1.584271e+01 5.780000e+00 3.385211e+01
    endloop
  endfacet
  facet normal -5.976143e-01 -6.758592e-15 8.017837e-01
    outer loop
      vertex   1.584271e+01 5.780000e+00 3.385211e+01
      vertex   1.580173e+01 4.780000e+00 3.382157e+01
      vertex   1.584271e+01 4.780000e+00 3.385211e+01
    endloop
  endfacet
  facet normal -3.749227e-01 -7.253126e-15 9.270561e-01
    outer loop
      vertex   1.584271e+01 5.780000e+00 3.385211e+01
      vertex   1.584271e+01 4.780000e+00 3.385211e+01
      vertex   1.589008e+01 5.780000e+00 3.387127e+01
    endloop
  endfacet
  facet normal -3.749227e-01 0.000000e+00 9.270561e-01
    outer loop
      vertex   1.589008e+01 5.780000e+00 3.387127e+01
      vertex   1.584271e+01 4.780000e+00 3.385211e+01
      vertex   1.589008e+01 4.780000e+00 3.387127e+01
    endloop
  endfacet
  facet normal -1.277544e-01 0.000000e+00 9.918058e-01
    outer loop
      vertex   1.589008e+01 5.780000e+00 3.387127e+01
      vertex   1.589008e+01 4.780000e+00 3.387127e+01
      vertex   1.594076e+01 4.780000e+00 3.387780e+01
    endloop
  endfacet
  facet normal -1.277544e-01 0.000000e+00 9.918058e-01
    outer loop
      vertex   1.594076e+01 4.780000e+00 3.387780e+01
      vertex   1.594076e+01 6.780000e+00 3.387780e+01
      vertex   1.589008e+01 5.780000e+00 3.387127e+01
    endloop
  endfacet
  facet normal -1.277544e-01 0.000000e+00 9.918058e-01
    outer loop
      vertex   1.589008e+01 5.780000e+00 3.387127e+01
      vertex   1.594076e+01 6.780000e+00 3.387780e+01
      vertex   1.589008e+01 6.780000e+00 3.387127e+01
    endloop
  endfacet
  facet normal -3.749227e-01 0.000000e+00 9.270561e-01
    outer loop
      vertex   1.589008e+01 5.780000e+00 3.387127e+01
      vertex   1.589008e+01 6.780000e+00 3.387127e+01
      vertex   1.584271e+01 5.780000e+00 3.385211e+01
    endloop
  endfacet
  facet normal -3.749227e-01 7.253126e-15 9.270561e-01
    outer loop
      vertex   1.584271e+01 5.780000e+00 3.385211e+01
      vertex   1.589008e+01 6.780000e+00 3.387127e+01
      vertex   1.584271e+01 6.780000e+00 3.385211e+01
    endloop
  endfacet
  facet normal -5.976143e-01 6.758592e-15 8.017837e-01
    outer loop
      vertex   1.584271e+01 5.780000e+00 3.385211e+01
      vertex   1.584271e+01 6.780000e+00 3.385211e+01
      vertex   1.580173e+01 5.780000e+00 3.382157e+01
    endloop
  endfacet
  facet normal -5.976143e-01 0.000000e+00 8.017837e-01
    outer loop
      vertex   1.580173e+01 5.780000e+00 3.382157e+01
      vertex   1.584271e+01 6.780000e+00 3.385211e+01
      vertex   1.580173e+01 6.780000e+00 3.382157e+01
    endloop
  endfacet
  facet normal -7.812908e-01 0.000000e+00 6.241672e-01
    outer loop
      vertex   1.580173e+01 5.780000e+00 3.382157e+01
      vertex   1.580173e+01 6.780000e+00 3.382157e+01
      vertex   1.576984e+01 5.780000e+00 3.378165e+01
    endloop
  endfacet
  facet normal -7.812908e-01 0.000000e+00 6.241672e-01
    outer loop
      vertex   1.576984e+01 5.780000e+00 3.378165e+01
      vertex   1.580173e+01 6.780000e+00 3.382157e+01
      vertex   1.576984e+01 6.780000e+00 3.378165e+01
    endloop
  endfacet
  facet normal -9.139610e-01 0.000000e+00 4.058020e-01
    outer loop
      vertex   1.576984e+01 5.780000e+00 3.378165e+01
      vertex   1.576984e+01 6.780000e+00 3.378165e+01
      vertex   1.574910e+01 6.780000e+00 3.373494e+01
    endloop
  endfacet
  facet normal 0.000000e+00 0.000000e+00 1.000000e+00
    outer loop
      vertex   1.594076e+01 4.780000e+00 3.387780e+01
      vertex   1.597412e+01 4.780000e+00 3.387780e+01
      vertex   1.594076e+01 6.780000e+00 3.387780e+01
    endloop
  endfacet
  facet normal -0.000000e+00 0.000000e+00 1.000000e+00
    outer loop
      vertex   1.594076e+01 6.780000e+00 3.387780e+01
      vertex   1.597412e+01 4.780000e+00 3.387780e+01
      vertex   1.597412e+01 6.780000e+00 3.387780e+01
    endloop
  endfacet
  facet normal 9.139610e-01 -0.000000e+00 4.058020e-01
    outer loop
      vertex   1.616579e+01 4.780000e+00 3.373494e+01
      vertex   1.616579e+01 6.780000e+00 3.373494e+01
      vertex   1.614505e+01 5.780000e+00 3.378165e+01
    endloop
  endfacet
  facet normal 9.139610e-01 -0.000000e+00 4.058020e-01
    outer loop
      vertex   1.614505e+01 5.780000e+00 3.378165e+01
      vertex   1.616579e+01 6.780000e+00 3.373494e+01
      vertex   1.614505e+01 6.780000e+00 3.378165e+01
    endloop
  endfacet
  facet normal 7.812908e-01 -0.000000e+00 6.241672e-01
    outer loop
      vertex   1.614505e+01 5.780000e+00 3.378165e+01
      vertex   1.614505e+01 6.780000e+00 3.378165e+01
      vertex   1.611315e+01 5.780000e+00 3.382157e+01
    endloop
  endfacet
  facet normal 7.812908e-01 -0.000000e+00 6.241672e-01
    outer loop
      vertex   1.611315e+01 5.780000e+00 3.382157e+01
      vertex   1.614505e+01 6.780000e+00 3.378165e+01
      vertex   1.611315e+01 6.780000e+00 3.382157e+01
    endloop
  endfacet
  facet normal 5.976143e-01 -0.000000e+00 8.017837e-01
    outer loop
      vertex   1.611315e+01 5.780000e+00 3.382157e+01
      vertex   1.611315e+01 6.780000e+00 3.382157e+01
      vertex   1.607218e+01 5.780000e+00 3.385211e+01
    endloop
  endfacet
  facet normal 5.976143e-01 7.820169e-15 8.017837e-01
    outer loop
      vertex   1.607218e+01 5.780000e+00 3.385211e+01
      vertex   1.611315e+01 6.780000e+00 3.382157e+01
      vertex   1.607218e+01 6.780000e+00 3.385211e+01
    endloop
  endfacet
  facet normal 3.749227e-01 7.919123e-15 9.270561e-01
    outer loop
      vertex   1.607218e+01 5.780000e+00 3.385211e+01
      vertex   1.607218e+01 6.780000e+00 3.385211e+01
      vertex   1.602481e+01 5.780000e+00 3.387127e+01
    endloop
  endfacet
  facet normal 3.749227e-01 -0.000000e+00 9.270561e-01
    outer loop
      vertex   1.602481e+01 5.780000e+00 3.387127e+01
      vertex   1.607218e+01 6.780000e+00 3.385211e+01
      vertex   1.602481e+01 6.780000e+00 3.387127e+01
    endloop
  endfacet
  facet normal 1.277544e-01 -0.000000e+00 9.918058e-01
    outer loop
      vertex   1.602481e+01 5.780000e+00 3.387127e+01
      vertex   1.602481e+01 6.780000e+00 3.387127e+01
      vertex   1.597412e+01 6.780000e+00 3.387780e+01
    endloop
  endfacet
  facet normal 1.277544e-01 0.000000e+00 9.918058e-01
    outer loop
      vertex   1.597412e+01 6.780000e+00 3.387780e+01
      vertex   1.597412e+01 4.780000e+00 3.387780e+01
      vertex   1.602481e+01 5.780000e+00 3.387127e+01
    endloop
  endfacet
  facet normal 1.277544e-01 0.000000e+00 9.918058e-01
    outer loop
      vertex   1.602481e+01 5.780000e+00 3.387127e+01
      vertex   1.597412e+01 4.780000e+00 3.387780e+01
      vertex   1.602481e+01 4.780000e+00 3.387127e+01
    endloop
  endfacet
  facet normal 3.749227e-01 0.000000e+00 9.270561e-01
    outer loop
      vertex   1.602481e+01 5.780000e+00 3.387127e+01
      vertex   1.602481e+01 4.780000e+00 3.387127e+01
      vertex   1.607218e+01 5.780000e+00 3.385211e+01
    endloop
  endfacet
  facet normal 3.749227e-01 -7.919123e-15 9.270561e-01
    outer loop
      vertex   1.607218e+01 5.780000e+00 3.385211e+01
      vertex   1.602481e+01 4.780000e+00 3.387127e+01
      vertex   1.607218e+01 4.780000e+00 3.385211e+01
    endloop
  endfacet
  facet normal 5.976143e-01 -7.820169e-15 8.017837e-01
    outer loop
      vertex   1.607218e+01 5.780000e+00 3.385211e+01
      vertex   1.607218e+01 4.780000e+00 3.385211e+01
      vertex   1.611315e+01 5.780000e+00 3.382157e+01
    endloop
  endfacet
  facet normal 5.976143e-01 0.000000e+00 8.017837e-01
    outer loop
      vertex   1.611315e+01 5.780000e+00 3.382157e+01
      vertex   1.607218e+01 4.780000e+00 3.385211e+01
      vertex   1.611315e+01 4.780000e+00 3.382157e+01
    endloop
  endfacet
  facet normal 7.812908e-01 0.000000e+00 6.241672e-01
    outer loop
      vertex   1.611315e+01 5.780000e+00 3.382157e+01
      vertex   1.611315e+01 4.780000e+00 3.382157e+01
      vertex   1.614505e+01 5.780000e+00 3.378165e+01
    endloop
  endfacet
  facet normal 7.812908e-01 0.000000e+00 6.241672e-01
    outer loop
      vertex   1.614505e+01 5.780000e+00 3.378165e+01
      vertex   1.611315e+01 4.780000e+00 3.382157e+01
      vertex   1.614505e+01 4.780000e+00 3.378165e+01
    endloop
  endfacet
  facet normal 9.139610e-01 0.000000e+00 4.058020e-01
    outer loop
      vertex   1.614505e+01 5.780000e+00 3.378165e+01
      vertex   1.614505e+01 4.780000e+00 3.378165e+01
      vertex   1.616579e+01 4.780000e+00 3.373494e+01
    endloop
  endfacet
  facet normal 9.304510e-01 0.000000e+00 3.664165e-01
    outer loop
      vertex   1.616579e+01 6.780000e+00 3.373494e+01
      vertex   1.616579e+01 4.780000e+00 3.373494e+01
      vertex   1.619704e+01 6.780000e+00 3.365558e+01
    endloop
  endfacet
  facet normal 9.304510e-01 0.000000e+00 3.664165e-01
    outer loop
      vertex   1.619704e+01 6.780000e+00 3.365558e+01
      vertex   1.616579e+01 4.780000e+00 3.373494e+01
      vertex   1.619704e+01 4.780000e+00 3.365558e+01
    endloop
  endfacet
  facet normal 8.546289e-01 0.000000e+00 5.192393e-01
    outer loop
      vertex   1.619704e+01 6.780000e+00 3.365558e+01
      vertex   1.619704e+01 4.780000e+00 3.365558e+01
      vertex   1.624133e+01 6.780000e+00 3.358268e+01
    endloop
  endfacet
  facet normal 8.546289e-01 0.000000e+00 5.192393e-01
    outer loop
      vertex   1.624133e+01 6.780000e+00 3.358268e+01
      vertex   1.619704e+01 4.780000e+00 3.365558e+01
      vertex   1.624133e+01 4.780000e+00 3.358268e+01
    endloop
  endfacet
  facet normal 7.539339e-01 0.000000e+00 6.569503e-01
    outer loop
      vertex   1.624133e+01 6.780000e+00 3.358268e+01
      vertex   1.624133e+01 4.780000e+00 3.358268e+01
      vertex   1.629737e+01 6.780000e+00 3.351837e+01
    endloop
  endfacet
  facet normal 7.539339e-01 0.000000e+00 6.569503e-01
    outer loop
      vertex   1.629737e+01 6.780000e+00 3.351837e+01
      vertex   1.624133e+01 4.780000e+00 3.358268e+01
      vertex   1.629737e+01 4.780000e+00 3.351837e+01
    endloop
  endfacet
  facet normal 6.312965e-01 0.000000e+00 7.755416e-01
    outer loop
      vertex   1.629737e+01 6.780000e+00 3.351837e+01
      vertex   1.629737e+01 4.780000e+00 3.351837e+01
      vertex   1.636352e+01 6.780000e+00 3.346452e+01
    endloop
  endfacet
  facet normal 6.312965e-01 0.000000e+00 7.755416e-01
    outer loop
      vertex   1.636352e+01 6.780000e+00 3.346452e+01
      vertex   1.629737e+01 4.780000e+00 3.351837e+01
      vertex   1.636352e+01 4.780000e+00 3.346452e+01
    endloop
  endfacet
  facet normal 4.902860e-01 0.000000e+00 8.715616e-01
    outer loop
      vertex   1.636352e+01 6.780000e+00 3.346452e+01
      vertex   1.636352e+01 4.780000e+00 3.346452e+01
      vertex   1.643786e+01 6.780000e+00 3.342270e+01
    endloop
  endfacet
  facet normal 4.902860e-01 0.000000e+00 8.715616e-01
    outer loop
      vertex   1.643786e+01 6.780000e+00 3.342270e+01
      vertex   1.636352e+01 4.780000e+00 3.346452e+01
      vertex   1.643786e+01 4.780000e+00 3.342270e+01
    endloop
  endfacet
  facet normal 3.350063e-01 0.000000e+00 9.422159e-01
    outer loop
      vertex   1.643786e+01 6.780000e+00 3.342270e+01
      vertex   1.643786e+01 4.780000e+00 3.342270e+01
      vertex   1.651824e+01 6.780000e+00 3.339412e+01
    endloop
  endfacet
  facet normal 3.350063e-01 0.000000e+00 9.422159e-01
    outer loop
      vertex   1.651824e+01 6.780000e+00 3.339412e+01
      vertex   1.643786e+01 4.780000e+00 3.342270e+01
      vertex   1.651824e+01 4.780000e+00 3.339412e+01
    endloop
  endfacet
  facet normal 1.699766e-01 0.000000e+00 9.854481e-01
    outer loop
      vertex   1.651824e+01 6.780000e+00 3.339412e+01
      vertex   1.651824e+01 4.780000e+00 3.339412e+01
      vertex   1.660229e+01 6.780000e+00 3.337962e+01
    endloop
  endfacet
  facet normal 1.699766e-01 0.000000e+00 9.854481e-01
    outer loop
      vertex   1.660229e+01 6.780000e+00 3.337962e+01
      vertex   1.651824e+01 4.780000e+00 3.339412e+01
      vertex   1.660229e+01 4.780000e+00 3.337962e+01
    endloop
  endfacet
  facet normal -0.000000e+00 0.000000e+00 1.000000e+00
    outer loop
      vertex   1.660229e+01 6.780000e+00 3.337962e+01
      vertex   1.660229e+01 4.780000e+00 3.337962e+01
      vertex   1.668759e+01 6.780000e+00 3.337962e+01
    endloop
  endfacet
  facet normal 0.000000e+00 0.000000e+00 1.000000e+00
    outer loop
      vertex   1.668759e+01 6.780000e+00 3.337962e+01
      vertex   1.660229e+01 4.780000e+00 3.337962e+01
      vertex   1.668759e+01 4.780000e+00 3.337962e+01
    endloop
  endfacet
  facet normal -1.699766e-01 0.000000e+00 9.854481e-01
    outer loop
      vertex   1.668759e+01 6.780000e+00 3.337962e+01
      vertex   1.668759e+01 4.780000e+00 3.337962e+01
      vertex   1.677165e+01 6.780000e+00 3.339412e+01
    endloop
  endfacet
  facet normal -1.699766e-01 0.000000e+00 9.854481e-01
    outer loop
      vertex   1.677165e+01 6.780000e+00 3.339412e+01
      vertex   1.668759e+01 4.780000e+00 3.337962e+01
      vertex   1.677165e+01 4.780000e+00 3.339412e+01
    endloop
  endfacet
  facet normal -3.350063e-01 0.000000e+00 9.422159e-01
    outer loop
      vertex   1.677165e+01 6.780000e+00 3.339412e+01
      vertex   1.677165e+01 4.780000e+00 3.339412e+01
      vertex   1.685202e+01 6.780000e+00 3.342270e+01
    endloop
  endfacet
  facet normal -3.350063e-01 0.000000e+00 9.422159e-01
    outer loop
      vertex   1.685202e+01 6.780000e+00 3.342270e+01
      vertex   1.677165e+01 4.780000e+00 3.339412e+01
      vertex   1.685202e+01 4.780000e+00 3.342270e+01
    endloop
  endfacet
  facet normal -4.902860e-01 0.000000e+00 8.715616e-01
    outer loop
      vertex   1.685202e+01 6.780000e+00 3.342270e+01
      vertex   1.685202e+01 4.780000e+00 3.342270e+01
      vertex   1.692636e+01 6.780000e+00 3.346452e+01
    endloop
  endfacet
  facet normal -4.902860e-01 0.000000e+00 8.715616e-01
    outer loop
      vertex   1.692636e+01 6.780000e+00 3.346452e+01
      vertex   1.685202e+01 4.780000e+00 3.342270e+01
      vertex   1.692636e+01 4.780000e+00 3.346452e+01
    endloop
  endfacet
  facet normal -6.312965e-01 0.000000e+00 7.755416e-01
    outer loop
      vertex   1.692636e+01 6.780000e+00 3.346452e+01
      vertex   1.692636e+01 4.780000e+00 3.346452e+01
      vertex   1.699252e+01 6.780000e+00 3.351837e+01
    endloop
  endfacet
  facet normal -6.312965e-01 0.000000e+00 7.755416e-01
    outer loop
      vertex   1.699252e+01 6.780000e+00 3.351837e+01
      vertex   1.692636e+01 4.780000e+00 3.346452e+01
      vertex   1.699252e+01 4.780000e+00 3.351837e+01
    endloop
  endfacet
  facet normal -7.539339e-01 0.000000e+00 6.569503e-01
    outer loop
      vertex   1.699252e+01 6.780000e+00 3.351837e+01
      vertex   1.699252e+01 4.780000e+00 3.351837e+01
      vertex   1.704855e+01 6.780000e+00 3.358268e+01
    endloop
  endfacet
  facet normal -7.539339e-01 0.000000e+00 6.569503e-01
    outer loop
      vertex   1.704855e+01 6.780000e+00 3.358268e+01
      vertex   1.699252e+01 4.780000e+00 3.351837e+01
      vertex   1.704855e+01 4.780000e+00 3.358268e+01
    endloop
  endfacet
  facet normal -8.546289e-01 0.000000e+00 5.192393e-01
    outer loop
      vertex   1.704855e+01 6.780000e+00 3.358268e+01
      vertex   1.704855e+01 4.780000e+00 3.358268e+01
      vertex   1.709284e+01 6.780000e+00 3.365558e+01
    endloop
  endfacet
  facet normal -8.546289e-01 0.000000e+00 5.192393e-01
    outer loop
      vertex   1.709284e+01 6.780000e+00 3.365558e+01
      vertex   1.704855e+01 4.780000e+00 3.358268e+01
      vertex   1.709284e+01 4.780000e+00 3.365558e+01
    endloop
  endfacet
  facet normal -9.304510e-01 0.000000e+00 3.664165e-01
    outer loop
      vertex   1.709284e+01 6.780000e+00 3.365558e+01
      vertex   1.709284e+01 4.780000e+00 3.365558e+01
      vertex   1.712410e+01 6.780000e+00 3.373494e+01
    endloop
  endfacet
  facet normal -9.304510e-01 0.000000e+00 3.664165e-01
    outer loop
      vertex   1.712410e+01 6.780000e+00 3.373494e+01
      vertex   1.709284e+01 4.780000e+00 3.365558e+01
      vertex   1.712410e+01 4.780000e+00 3.373494e+01
    endloop
  endfacet
  facet normal -9.139610e-01 0.000000e+00 4.058020e-01
    outer loop
      vertex   1.712410e+01 6.780000e+00 3.373494e+01
      vertex   1.712410e+01 4.780000e+00 3.373494e+01
      vertex   1.714484e+01 5.780000e+00 3.378165e+01
    endloop
  endfacet
  facet normal -9.139610e-01 0.000000e+00 4.058020e-01
    outer loop
      vertex   1.714484e+01 5.780000e+00 3.378165e+01
      vertex   1.712410e+01 4.780000e+00 3.373494e+01
      vertex   1.714484e+01 4.780000e+00 3.378165e+01
    endloop
  endfacet
  facet normal -7.812908e-01 0.000000e+00 6.241672e-01
    outer loop
      vertex   1.714484e+01 5.780000e+00 3.378165e+01
      vertex   1.714484e+01 4.780000e+00 3.378165e+01
      vertex   1.717673e+01 5.780000e+00 3.382157e+01
    endloop
  endfacet
  facet normal -7.812908e-01 0.000000e+00 6.241672e-01
    outer loop
      vertex   1.717673e+01 5.780000e+00 3.382157e+01
      vertex   1.714484e+01 4.780000e+00 3.378165e+01
      vertex   1.717673e+01 4.780000e+00 3.382157e+01
    endloop
  endfacet
  facet normal -5.976143e-01 0.000000e+00 8.017837e-01
    outer loop
      vertex   1.717673e+01 5.780000e+00 3.382157e+01
      vertex   1.717673e+01 4.780000e+00 3.382157e+01
      vertex   1.721771e+01 5.780000e+00 3.385211e+01
    endloop
  endfacet
  facet normal -5.976143e-01 -7.820169e-15 8.017837e-01
    outer loop
      vertex   1.721771e+01 5.780000e+00 3.385211e+01
      vertex   1.717673e+01 4.780000e+00 3.382157e+01
      vertex   1.721771e+01 4.780000e+00 3.385211e+01
    endloop
  endfacet
  facet normal -3.749227e-01 -7.919123e-15 9.270561e-01
    outer loop
      vertex   1.721771e+01 5.780000e+00 3.385211e+01
      vertex   1.721771e+01 4.780000e+00 3.385211e+01
      vertex   1.726508e+01 5.780000e+00 3.387127e+01
    endloop
  endfacet
  facet normal -3.749227e-01 0.000000e+00 9.270561e-01
    outer loop
      vertex   1.726508e+01 5.780000e+00 3.387127e+01
      vertex   1.721771e+01 4.780000e+00 3.385211e+01
      vertex   1.726508e+01 4.780000e+00 3.387127e+01
    endloop
  endfacet
  facet normal -1.277544e-01 0.000000e+00 9.918058e-01
    outer loop
      vertex   1.726508e+01 5.780000e+00 3.387127e+01
      vertex   1.726508e+01 4.780000e+00 3.387127e+01
      vertex   1.731576e+01 4.780000e+00 3.387780e+01
    endloop
  endfacet
  facet normal -1.277544e-01 0.000000e+00 9.918058e-01
    outer loop
      vertex   1.731576e+01 4.780000e+00 3.387780e+01
      vertex   1.731576e+01 6.780000e+00 3.387780e+01
      vertex   1.726508e+01 5.780000e+00 3.387127e+01
    endloop
  endfacet
  facet normal -1.277544e-01 0.000000e+00 9.918058e-01
    outer loop
      vertex   1.726508e+01 5.780000e+00 3.387127e+01
      vertex   1.731576e+01 6.780000e+00 3.387780e+01
      vertex   1.726508e+01 6.780000e+00 3.387127e+01
    endloop
  endfacet
  facet normal -3.749227e-01 0.000000e+00 9.270561e-01
    outer loop
      vertex   1.726508e+01 5.780000e+00 3.387127e+01
      vertex   1.726508e+01 6.780000e+00 3.387127e+01
      vertex   1.721771e+01 5.780000e+00 3.385211e+01
    endloop
  endfacet
  facet normal -3.749227e-01 7.919123e-15 9.270561e-01
    outer loop
      vertex   1.721771e+01 5.780000e+00 3.385211e+01
      vertex   1.726508e+01 6.780000e+00 3.387127e+01
      vertex   1.721771e+01 6.780000e+00 3.385211e+01
    endloop
  endfacet
  facet normal -5.976143e-01 7.820169e-15 8.017837e-01
    outer loop
      vertex   1.721771e+01 5.780000e+00 3.385211e+01
      vertex   1.721771e+01 6.780000e+00 3.385211e+01
      vertex   1.717673e+01 5.780000e+00 3.382157e+01
    endloop
  endfacet
  facet normal -5.976143e-01 0.000000e+00 8.017837e-01
    outer loop
      vertex   1.717673e+01 5.780000e+00 3.382157e+01
      vertex   1.721771e+01 6.780000e+00 3.385211e+01
      vertex   1.717673e+01 6.780000e+00 3.382157e+01
    endloop
  endfacet
  facet normal -7.812908e-01 0.000000e+00 6.241672e-01
    outer loop
      vertex   1.717673e+01 5.780000e+00 3.382157e+01
      vertex   1.717673e+01 6.780000e+00 3.382157e+01
      vertex   1.714484e+01 5.780000e+00 3.378165e+01
    endloop
  endfacet
  facet normal -7.812908e-01 0.000000e+00 6.241672e-01
    outer loop
      vertex   1.714484e+01 5.780000e+00 3.378165e+01
      vertex   1.717673e+01 6.780000e+00 3.382157e+01
      vertex   1.714484e+01 6.780000e+00 3.378165e+01
    endloop
  endfacet
  facet normal -9.139610e-01 0.000000e+00 4.058020e-01
    outer loop
      vertex   1.714484e+01 5.780000e+00 3.378165e+01
      vertex   1.714484e+01 6.780000e+00 3.378165e+01
      vertex   1.712410e+01 6.780000e+00 3.373494e+01
    endloop
  endfacet
  facet normal 0.000000e+00 0.000000e+00 1.000000e+00
    outer loop
      vertex   1.731576e+01 4.780000e+00 3.387780e+01
      vertex   1.734912e+01 4.780000e+00 3.387780e+01
      vertex   1.731576e+01 6.780000e+00 3.387780e+01
    endloop
  endfacet
  facet normal -0.000000e+00 0.000000e+00 1.000000e+00
    outer loop
      vertex   1.731576e+01 6.780000e+00 3.387780e+01
      vertex   1.734912e+01 4.780000e+00 3.387780e+01
      vertex   1.734912e+01 6.780000e+00 3.387780e+01
    endloop
  endfacet
  facet normal 9.139610e-01 -0.000000e+00 4.058020e-01
    outer loop
      vertex   1.754079e+01 4.780000e+00 3.373494e+01
      vertex   1.754079e+01 6.780000e+00 3.373494e+01
      vertex   1.752005e+01 5.780000e+00 3.378165e+01
    endloop
  endfacet
  facet normal 9.139610e-01 -0.000000e+00 4.058020e-01
    outer loop
      vertex   1.752005e+01 5.780000e+00 3.378165e+01
      vertex   1.754079e+01 6.780000e+00 3.373494e+01
      vertex   1.752005e+01 6.780000e+00 3.378165e+01
    endloop
  endfacet
  facet normal 7.812908e-01 -0.000000e+00 6.241672e-01
    outer loop
      vertex   1.752005e+01 5.780000e+00 3.378165e+01
      vertex   1.752005e+01 6.780000e+00 3.378165e+01
      vertex   1.748815e+01 5.780000e+00 3.382157e+01
    endloop
  endfacet
  facet normal 7.812908e-01 -0.000000e+00 6.241672e-01
    outer loop
      vertex   1.748815e+01 5.780000e+00 3.382157e+01
      vertex   1.752005e+01 6.780000e+00 3.378165e+01
      vertex   1.748815e+01 6.780000e+00 3.382157e+01
    endloop
  endfacet
  facet normal 5.976143e-01 -0.000000e+00 8.017837e-01
    outer loop
      vertex   1.748815e+01 5.780000e+00 3.382157e+01
      vertex   1.748815e+01 6.780000e+00 3.382157e+01
      vertex   1.744718e+01 5.780000e+00 3.385211e+01
    endloop
  endfacet
  facet normal 5.976143e-01 7.820169e-15 8.017837e-01
    outer loop
      vertex   1.744718e+01 5.780000e+00 3.385211e+01
      vertex   1.748815e+01 6.780000e+00 3.382157e+01
      vertex   1.744718e+01 6.780000e+00 3.385211e+01
    endloop
  endfacet
  facet normal 3.749227e-01 7.919123e-15 9.270561e-01
    outer loop
      vertex   1.744718e+01 5.780000e+00 3.385211e+01
      vertex   1.744718e+01 6.780000e+00 3.385211e+01
      vertex   1.739981e+01 5.780000e+00 3.387127e+01
    endloop
  endfacet
  facet normal 3.749227e-01 -0.000000e+00 9.270561e-01
    outer loop
      vertex   1.739981e+01 5.780000e+00 3.387127e+01
      vertex   1.744718e+01 6.780000e+00 3.385211e+01
      vertex   1.739981e+01 6.780000e+00 3.387127e+01
    endloop
  endfacet
  facet normal 1.277544e-01 -0.000000e+00 9.918058e-01
    outer loop
      vertex   1.739981e+01 5.780000e+00 3.387127e+01
      vertex   1.739981e+01 6.780000e+00 3.387127e+01
      vertex   1.734912e+01 6.780000e+00 3.387780e+01
    endloop
  endfacet
  facet normal 1.277544e-01 0.000000e+00 9.918058e-01
    outer loop
      vertex   1.734912e+01 6.780000e+00 3.387780e+01
      vertex   1.734912e+01 4.780000e+00 3.387780e+01
      vertex   1.739981e+01 5.780000e+00 3.387127e+01
    endloop
  endfacet
  facet normal 1.277544e-01 0.000000e+00 9.918058e-01
    outer loop
      vertex   1.739981e+01 5.780000e+00 3.387127e+01
      vertex   1.734912e+01 4.780000e+00 3.387780e+01
      vertex   1.739981e+01 4.780000e+00 3.387127e+01
    endloop
  endfacet
  facet normal 3.749227e-01 0.000000e+00 9.270561e-01
    outer loop
      vertex   1.739981e+01 5.780000e+00 3.387127e+01
      vertex   1.739981e+01 4.780000e+00 3.387127e+01
      vertex   1.744718e+01 5.780000e+00 3.385211e+01
    endloop
  endfacet
  facet normal 3.749227e-01 -7.919123e-15 9.270561e-01
    outer loop
      vertex   1.744718e+01 5.780000e+00 3.385211e+01
      vertex   1.739981e+01 4.780000e+00 3.387127e+01
      vertex   1.744718e+01 4.780000e+00 3.385211e+01
    endloop
  endfacet
  facet normal 5.976143e-01 -7.820169e-15 8.017837e-01
    outer loop
      vertex   1.744718e+01 5.780000e+00 3.385211e+01
      vertex   1.744718e+01 4.780000e+00 3.385211e+01
      vertex   1.748815e+01 5.780000e+00 3.382157e+01
    endloop
  endfacet
  facet normal 5.976143e-01 0.000000e+00 8.017837e-01
    outer loop
      vertex   1.748815e+01 5.780000e+00 3.382157e+01
      vertex   1.744718e+01 4.780000e+00 3.385211e+01
      vertex   1.748815e+01 4.780000e+00 3.382157e+01
    endloop
  endfacet
  facet normal 7.812908e-01 0.000000e+00 6.241672e-01
    outer loop
      vertex   1.748815e+01 5.780000e+00 3.382157e+01
      vertex   1.748815e+01 4.780000e+00 3.382157e+01
      vertex   1.752005e+01 5.780000e+00 3.378165e+01
    endloop
  endfacet
  facet normal 7.812908e-01 0.000000e+00 6.241672e-01
    outer loop
      vertex   1.752005e+01 5.780000e+00 3.378165e+01
      vertex   1.748815e+01 4.780000e+00 3.382157e+01
      vertex   1.752005e+01 4.780000e+00 3.378165e+01
    endloop
  endfacet
  facet normal 9.139610e-01 0.000000e+00 4.058020e-01
    outer loop
      vertex   1.752005e+01 5.780000e+00 3.378165e+01
      vertex   1.752005e+01 4.780000e+00 3.378165e+01
      vertex   1.754079e+01 4.780000e+00 3.373494e+01
    endloop
  endfacet
  facet normal -9.304510e-01 0.000000e+00 3.664165e-01
    outer loop
      vertex   1.849910e+01 4.780000e+00 3.373494e+01
      vertex   1.849910e+01 6.780000e+00 3.373494e+01
      vertex   1.846784e+01 4.780000e+00 3.365558e+01
    endloop
  endfacet
  facet normal -9.304510e-01 0.000000e+00 3.664165e-01
    outer loop
      vertex   1.846784e+01 4.780000e+00 3.365558e+01
      vertex   1.849910e+01 6.780000e+00 3.373494e+01
      vertex   1.846784e+01 6.780000e+00 3.365558e+01
    endloop
  endfacet
  facet normal -8.546289e-01 0.000000e+00 5.192393e-01
    outer loop
      vertex   1.846784e+01 4.780000e+00 3.365558e+01
      vertex   1.846784e+01 6.780000e+00 3.365558e+01
      vertex   1.842355e+01 4.780000e+00 3.358268e+01
    endloop
  endfacet
  facet normal -8.546289e-01 0.000000e+00 5.192393e-01
    outer loop
      vertex   1.842355e+01 4.780000e+00 3.358268e+01
      vertex   1.846784e+01 6.780000e+00 3.365558e+01
      vertex   1.842355e+01 6.780000e+00 3.358268e+01
    endloop
  endfacet
  facet normal -7.539339e-01 0.000000e+00 6.569503e-01
    outer loop
      vertex   1.842355e+01 4.780000e+00 3.358268e+01
      vertex   1.842355e+01 6.780000e+00 3.358268e+01
      vertex   1.836752e+01 4.780000e+00 3.351837e+01
    endloop
  endfacet
  facet normal -7.539339e-01 0.000000e+00 6.569503e-01
    outer loop
      vertex   1.836752e+01 4.780000e+00 3.351837e+01
      vertex   1.842355e+01 6.780000e+00 3.358268e+01
      vertex   1.836752e+01 6.780000e+00 3.351837e+01
    endloop
  endfacet
  facet normal -6.312965e-01 0.000000e+00 7.755416e-01
    outer loop
      vertex   1.836752e+01 4.780000e+00 3.351837e+01
      vertex   1.836752e+01 6.780000e+00 3.351837e+01
      vertex   1.830136e+01 4.780000e+00 3.346452e+01
    endloop
  endfacet
  facet normal -6.312965e-01 0.000000e+00 7.755416e-01
    outer loop
      vertex   1.830136e+01 4.780000e+00 3.346452e+01
      vertex   1.836752e+01 6.780000e+00 3.351837e+01
      vertex   1.830136e+01 6.780000e+00 3.346452e+01
    endloop
  endfacet
  facet normal -4.902860e-01 0.000000e+00 8.715616e-01
    outer loop
      vertex   1.830136e+01 4.780000e+00 3.346452e+01
      vertex   1.830136e+01 6.780000e+00 3.346452e+01
      vertex   1.822702e+01 4.780000e+00 3.342270e+01
    endloop
  endfacet
  facet normal -4.902860e-01 0.000000e+00 8.715616e-01
    outer loop
      vertex   1.822702e+01 4.780000e+00 3.342270e+01
      vertex   1.830136e+01 6.780000e+00 3.346452e+01
      vertex   1.822702e+01 6.780000e+00 3.342270e+01
    endloop
  endfacet
  facet normal -3.350063e-01 0.000000e+00 9.422159e-01
    outer loop
      vertex   1.822702e+01 4.780000e+00 3.342270e+01
      vertex   1.822702e+01 6.780000e+00 3.342270e+01
      vertex   1.814665e+01 4.780000e+00 3.339412e+01
    endloop
  endfacet
  facet normal -3.350063e-01 0.000000e+00 9.422159e-01
    outer loop
      vertex   1.814665e+01 4.780000e+00 3.339412e+01
      vertex   1.822702e+01 6.780000e+00 3.342270e+01
      vertex   1.814665e+01 6.780000e+00 3.339412e+01
    endloop
  endfacet
  facet normal -1.699766e-01 0.000000e+00 9.854481e-01
    outer loop
      vertex   1.814665e+01 4.780000e+00 3.339412e+01
      vertex   1.814665e+01 6.780000e+00 3.339412e+01
      vertex   1.806259e+01 4.780000e+00 3.337962e+01
    endloop
  endfacet
  facet normal -1.699766e-01 0.000000e+00 9.854481e-01
    outer loop
      vertex   1.806259e+01 4.780000e+00 3.337962e+01
      vertex   1.814665e+01 6.780000e+00 3.339412e+01
      vertex   1.806259e+01 6.780000e+00 3.337962e+01
    endloop
  endfacet
  facet normal 0.000000e+00 -0.000000e+00 1.000000e+00
    outer loop
      vertex   1.806259e+01 4.780000e+00 3.337962e+01
      vertex   1.806259e+01 6.780000e+00 3.337962e+01
      vertex   1.797729e+01 4.780000e+00 3.337962e+01
    endloop
  endfacet
  facet normal 0.000000e+00 0.000000e+00 1.000000e+00
    outer loop
      vertex   1.797729e+01 4.780000e+00 3.337962e+01
      vertex   1.806259e+01 6.780000e+00 3.337962e+01
      vertex   1.797729e+01 6.780000e+00 3.337962e+01
    endloop
  endfacet
  facet normal 1.699766e-01 -0.000000e+00 9.854481e-01
    outer loop
      vertex   1.797729e+01 4.780000e+00 3.337962e+01
      vertex   1.797729e+01 6.780000e+00 3.337962e+01
      vertex   1.789324e+01 4.780000e+00 3.339412e+01
    endloop
  endfacet
  facet normal 1.699766e-01 -0.000000e+00 9.854481e-01
    outer loop
      vertex   1.789324e+01 4.780000e+00 3.339412e+01
      vertex   1.797729e+01 6.780000e+00 3.337962e+01
      vertex   1.789324e+01 6.780000e+00 3.339412e+01
    endloop
  endfacet
  facet normal 3.350063e-01 -0.000000e+00 9.422159e-01
    outer loop
      vertex   1.789324e+01 4.780000e+00 3.339412e+01
      vertex   1.789324e+01 6.780000e+00 3.339412e+01
      vertex   1.781286e+01 4.780000e+00 3.342270e+01
    endloop
  endfacet
  facet normal 3.350063e-01 -0.000000e+00 9.422159e-01
    outer loop
      vertex   1.781286e+01 4.780000e+00 3.342270e+01
      vertex   1.789324e+01 6.780000e+00 3.339412e+01
      vertex   1.781286e+01 6.780000e+00 3.342270e+01
    endloop
  endfacet
  facet normal 4.902860e-01 -0.000000e+00 8.715616e-01
    outer loop
      vertex   1.781286e+01 4.780000e+00 3.342270e+01
      vertex   1.781286e+01 6.780000e+00 3.342270e+01
      vertex   1.773852e+01 4.780000e+00 3.346452e+01
    endloop
  endfacet
  facet normal 4.902860e-01 -0.000000e+00 8.715616e-01
    outer loop
      vertex   1.773852e+01 4.780000e+00 3.346452e+01
      vertex   1.781286e+01 6.780000e+00 3.342270e+01
      vertex   1.773852e+01 6.780000e+00 3.346452e+01
    endloop
  endfacet
  facet normal 6.312965e-01 -0.000000e+00 7.755416e-01
    outer loop
      vertex   1.773852e+01 4.780000e+00 3.346452e+01
      vertex   1.773852e+01 6.780000e+00 3.346452e+01
      vertex   1.767237e+01 4.780000e+00 3.351837e+01
    endloop
  endfacet
  facet normal 6.312965e-01 -0.000000e+00 7.755416e-01
    outer loop
      vertex   1.767237e+01 4.780000e+00 3.351837e+01
      vertex   1.773852e+01 6.780000e+00 3.346452e+01
      vertex   1.767237e+01 6.780000e+00 3.351837e+01
    endloop
  endfacet
  facet normal 7.539339e-01 -0.000000e+00 6.569503e-01
    outer loop
      vertex   1.767237e+01 4.780000e+00 3.351837e+01
      vertex   1.767237e+01 6.780000e+00 3.351837e+01
      vertex   1.761633e+01 4.780000e+00 3.358268e+01
    endloop
  endfacet
  facet normal 7.539339e-01 -0.000000e+00 6.569503e-01
    outer loop
      vertex   1.761633e+01 4.780000e+00 3.358268e+01
      vertex   1.767237e+01 6.780000e+00 3.351837e+01
      vertex   1.761633e+01 6.780000e+00 3.358268e+01
    endloop
  endfacet
  facet normal 8.546289e-01 -0.000000e+00 5.192393e-01
    outer loop
      vertex   1.761633e+01 4.780000e+00 3.358268e+01
      vertex   1.761633e+01 6.780000e+00 3.358268e+01
      vertex   1.757204e+01 4.780000e+00 3.365558e+01
    endloop
  endfacet
  facet normal 8.546289e-01 -0.000000e+00 5.192393e-01
    outer loop
      vertex   1.757204e+01 4.780000e+00 3.365558e+01
      vertex   1.761633e+01 6.780000e+00 3.358268e+01
      vertex   1.757204e+01 6.780000e+00 3.365558e+01
    endloop
  endfacet
  facet normal 9.304510e-01 -0.000000e+00 3.664165e-01
    outer loop
      vertex   1.757204e+01 4.780000e+00 3.365558e+01
      vertex   1.757204e+01 6.780000e+00 3.365558e+01
      vertex   1.754079e+01 4.780000e+00 3.373494e+01
    endloop
  endfacet
  facet normal 9.304510e-01 -0.000000e+00 3.664165e-01
    outer loop
      vertex   1.754079e+01 4.780000e+00 3.373494e+01
      vertex   1.757204e+01 6.780000e+00 3.365558e+01
      vertex   1.754079e+01 6.780000e+00 3.373494e+01
    endloop
  endfacet
  facet normal -9.914449e-01 0.000000e+00 1.305262e-01
    outer loop
      vertex   1.389494e+01 6.780000e+00 3.367780e+01
      vertex   1.389494e+01 4.780000e+00 3.367780e+01
      vertex   1.390176e+01 5.780000e+00 3.372956e+01
    endloop
  endfacet
  facet normal -9.914449e-01 0.000000e+00 1.305262e-01
    outer loop
      vertex   1.390176e+01 5.780000e+00 3.372956e+01
      vertex   1.389494e+01 4.780000e+00 3.367780e+01
      vertex   1.390176e+01 4.780000e+00 3.372956e+01
    endloop
  endfacet
  facet normal -9.238795e-01 0.000000e+00 3.826834e-01
    outer loop
      vertex   1.390176e+01 5.780000e+00 3.372956e+01
      vertex   1.390176e+01 4.780000e+00 3.372956e+01
      vertex   1.392174e+01 5.780000e+00 3.377780e+01
    endloop
  endfacet
  facet normal -9.238795e-01 -3.282279e-15 3.826834e-01
    outer loop
      vertex   1.392174e+01 5.780000e+00 3.377780e+01
      vertex   1.390176e+01 4.780000e+00 3.372956e+01
      vertex   1.392174e+01 4.780000e+00 3.377780e+01
    endloop
  endfacet
  facet normal -7.933533e-01 -2.818557e-15 6.087614e-01
    outer loop
      vertex   1.392174e+01 5.780000e+00 3.377780e+01
      vertex   1.392174e+01 4.780000e+00 3.377780e+01
      vertex   1.395352e+01 5.780000e+00 3.381922e+01
    endloop
  endfacet
  facet normal -7.933533e-01 0.000000e+00 6.087614e-01
    outer loop
      vertex   1.395352e+01 5.780000e+00 3.381922e+01
      vertex   1.392174e+01 4.780000e+00 3.377780e+01
      vertex   1.395352e+01 4.780000e+00 3.381922e+01
    endloop
  endfacet
  facet normal -6.087614e-01 0.000000e+00 7.933533e-01
    outer loop
      vertex   1.395352e+01 5.780000e+00 3.381922e+01
      vertex   1.395352e+01 4.780000e+00 3.381922e+01
      vertex   1.399494e+01 5.780000e+00 3.385101e+01
    endloop
  endfacet
  facet normal -6.087614e-01 0.000000e+00 7.933533e-01
    outer loop
      vertex   1.399494e+01 5.780000e+00 3.385101e+01
      vertex   1.395352e+01 4.780000e+00 3.381922e+01
      vertex   1.399494e+01 4.780000e+00 3.385101e+01
    endloop
  endfacet
  facet normal -3.826834e-01 0.000000e+00 9.238795e-01
    outer loop
      vertex   1.399494e+01 5.780000e+00 3.385101e+01
      vertex   1.399494e+01 4.780000e+00 3.385101e+01
      vertex   1.404318e+01 5.780000e+00 3.387099e+01
    endloop
  endfacet
  facet normal -3.826834e-01 0.000000e+00 9.238795e-01
    outer loop
      vertex   1.404318e+01 5.780000e+00 3.387099e+01
      vertex   1.399494e+01 4.780000e+00 3.385101e+01
      vertex   1.404318e+01 4.780000e+00 3.387099e+01
    endloop
  endfacet
  facet normal -1.305262e-01 0.000000e+00 9.914449e-01
    outer loop
      vertex   1.404318e+01 5.780000e+00 3.387099e+01
      vertex   1.404318e+01 4.780000e+00 3.387099e+01
      vertex   1.409494e+01 4.780000e+00 3.387780e+01
    endloop
  endfacet
  facet normal -1.305262e-01 0.000000e+00 9.914449e-01
    outer loop
      vertex   1.409494e+01 4.780000e+00 3.387780e+01
      vertex   1.409494e+01 6.780000e+00 3.387780e+01
      vertex   1.404318e+01 5.780000e+00 3.387099e+01
    endloop
  endfacet
  facet normal -1.305262e-01 0.000000e+00 9.914449e-01
    outer loop
      vertex   1.404318e+01 5.780000e+00 3.387099e+01
      vertex   1.409494e+01 6.780000e+00 3.387780e+01
      vertex   1.404318e+01 6.780000e+00 3.387099e+01
    endloop
  endfacet
  facet normal -3.826834e-01 0.000000e+00 9.238795e-01
    outer loop
      vertex   1.404318e+01 5.780000e+00 3.387099e+01
      vertex   1.404318e+01 6.780000e+00 3.387099e+01
      vertex   1.399494e+01 5.780000e+00 3.385101e+01
    endloop
  endfacet
  facet normal -3.826834e-01 0.000000e+00 9.238795e-01
    outer loop
      vertex   1.399494e+01 5.780000e+00 3.385101e+01
      vertex   1.404318e+01 6.780000e+00 3.387099e+01
      vertex   1.399494e+01 6.780000e+00 3.385101e+01
    endloop
  endfacet
  facet normal -6.087614e-01 0.000000e+00 7.933533e-01
    outer loop
      vertex   1.399494e+01 5.780000e+00 3.385101e+01
      vertex   1.399494e+01 6.780000e+00 3.385101e+01
      vertex   1.395352e+01 5.780000e+00 3.381922e+01
    endloop
  endfacet
  facet normal -6.087614e-01 0.000000e+00 7.933533e-01
    outer loop
      vertex   1.395352e+01 5.780000e+00 3.381922e+01
      vertex   1.399494e+01 6.780000e+00 3.385101e+01
      vertex   1.395352e+01 6.780000e+00 3.381922e+01
    endloop
  endfacet
  facet normal -7.933533e-01 0.000000e+00 6.087614e-01
    outer loop
      vertex   1.395352e+01 5.780000e+00 3.381922e+01
      vertex   1.395352e+01 6.780000e+00 3.381922e+01
      vertex   1.392174e+01 5.780000e+00 3.377780e+01
    endloop
  endfacet
  facet normal -7.933533e-01 2.818557e-15 6.087614e-01
    outer loop
      vertex   1.392174e+01 5.780000e+00 3.377780e+01
      vertex   1.395352e+01 6.780000e+00 3.381922e+01
      vertex   1.392174e+01 6.780000e+00 3.377780e+01
    endloop
  endfacet
  facet normal -9.238795e-01 3.282279e-15 3.826834e-01
    outer loop
      vertex   1.392174e+01 5.780000e+00 3.377780e+01
      vertex   1.392174e+01 6.780000e+00 3.377780e+01
      vertex   1.390176e+01 5.780000e+00 3.372956e+01
    endloop
  endfacet
  facet normal -9.238795e-01 0.000000e+00 3.826834e-01
    outer loop
      vertex   1.390176e+01 5.780000e+00 3.372956e+01
      vertex   1.392174e+01 6.780000e+00 3.377780e+01
      vertex   1.390176e+01 6.780000e+00 3.372956e+01
    endloop
  endfacet
  facet normal -9.914449e-01 0.000000e+00 1.305262e-01
    outer loop
      vertex   1.390176e+01 5.780000e+00 3.372956e+01
      vertex   1.390176e+01 6.780000e+00 3.372956e+01
      vertex   1.389494e+01 6.780000e+00 3.367780e+01
    endloop
  endfacet
  facet normal 0.000000e+00 0.000000e+00 1.000000e+00
    outer loop
      vertex   1.459912e+01 6.780000e+00 3.387780e+01
      vertex   1.409494e+01 6.780000e+00 3.387780e+01
      vertex   1.459912e+01 4.780000e+00 3.387780e+01
    endloop
  endfacet
  facet normal 0.000000e+00 0.000000e+00 1.000000e+00
    outer loop
      vertex   1.459912e+01 4.780000e+00 3.387780e+01
      vertex   1.409494e+01 6.780000e+00 3.387780e+01
      vertex   1.409494e+01 4.780000e+00 3.387780e+01
    endloop
  endfacet
  facet normal 9.914449e-01 -0.000000e+00 1.305262e-01
    outer loop
      vertex   1.939494e+01 4.780000e+00 3.367780e+01
      vertex   1.939494e+01 6.780000e+00 3.367780e+01
      vertex   1.938813e+01 5.780000e+00 3.372956e+01
    endloop
  endfacet
  facet normal 9.914449e-01 -0.000000e+00 1.305262e-01
    outer loop
      vertex   1.938813e+01 5.780000e+00 3.372956e+01
      vertex   1.939494e+01 6.780000e+00 3.367780e+01
      vertex   1.938813e+01 6.780000e+00 3.372956e+01
    endloop
  endfacet
  facet normal 9.238795e-01 -0.000000e+00 3.826834e-01
    outer loop
      vertex   1.938813e+01 5.780000e+00 3.372956e+01
      vertex   1.938813e+01 6.780000e+00 3.372956e+01
      vertex   1.936815e+01 5.780000e+00 3.377780e+01
    endloop
  endfacet
  facet normal 9.238795e-01 3.282279e-15 3.826834e-01
    outer loop
      vertex   1.936815e+01 5.780000e+00 3.377780e+01
      vertex   1.938813e+01 6.780000e+00 3.372956e+01
      vertex   1.936815e+01 6.780000e+00 3.377780e+01
    endloop
  endfacet
  facet normal 7.933533e-01 2.818557e-15 6.087614e-01
    outer loop
      vertex   1.936815e+01 5.780000e+00 3.377780e+01
      vertex   1.936815e+01 6.780000e+00 3.377780e+01
      vertex   1.933636e+01 5.780000e+00 3.381922e+01
    endloop
  endfacet
  facet normal 7.933533e-01 -0.000000e+00 6.087614e-01
    outer loop
      vertex   1.933636e+01 5.780000e+00 3.381922e+01
      vertex   1.936815e+01 6.780000e+00 3.377780e+01
      vertex   1.933636e+01 6.780000e+00 3.381922e+01
    endloop
  endfacet
  facet normal 6.087614e-01 -0.000000e+00 7.933533e-01
    outer loop
      vertex   1.933636e+01 5.780000e+00 3.381922e+01
      vertex   1.933636e+01 6.780000e+00 3.381922e+01
      vertex   1.929494e+01 5.780000e+00 3.385101e+01
    endloop
  endfacet
  facet normal 6.087614e-01 -0.000000e+00 7.933533e-01
    outer loop
      vertex   1.929494e+01 5.780000e+00 3.385101e+01
      vertex   1.933636e+01 6.780000e+00 3.381922e+01
      vertex   1.929494e+01 6.780000e+00 3.385101e+01
    endloop
  endfacet
  facet normal 3.826834e-01 -0.000000e+00 9.238795e-01
    outer loop
      vertex   1.929494e+01 5.780000e+00 3.385101e+01
      vertex   1.929494e+01 6.780000e+00 3.385101e+01
      vertex   1.924671e+01 5.780000e+00 3.387099e+01
    endloop
  endfacet
  facet normal 3.826834e-01 -0.000000e+00 9.238795e-01
    outer loop
      vertex   1.924671e+01 5.780000e+00 3.387099e+01
      vertex   1.929494e+01 6.780000e+00 3.385101e+01
      vertex   1.924671e+01 6.780000e+00 3.387099e+01
    endloop
  endfacet
  facet normal 1.305262e-01 -0.000000e+00 9.914449e-01
    outer loop
      vertex   1.924671e+01 5.780000e+00 3.387099e+01
      vertex   1.924671e+01 6.780000e+00 3.387099e+01
      vertex   1.919494e+01 6.780000e+00 3.387780e+01
    endloop
  endfacet
  facet normal 1.305262e-01 0.000000e+00 9.914449e-01
    outer loop
      vertex   1.919494e+01 6.780000e+00 3.387780e+01
      vertex   1.919494e+01 4.780000e+00 3.387780e+01
      vertex   1.924671e+01 5.780000e+00 3.387099e+01
    endloop
  endfacet
  facet normal 1.305262e-01 0.000000e+00 9.914449e-01
    outer loop
      vertex   1.924671e+01 5.780000e+00 3.387099e+01
      vertex   1.919494e+01 4.780000e+00 3.387780e+01
      vertex   1.924671e+01 4.780000e+00 3.387099e+01
    endloop
  endfacet
  facet normal 3.826834e-01 0.000000e+00 9.238795e-01
    outer loop
      vertex   1.924671e+01 5.780000e+00 3.387099e+01
      vertex   1.924671e+01 4.780000e+00 3.387099e+01
      vertex   1.929494e+01 5.780000e+00 3.385101e+01
    endloop
  endfacet
  facet normal 3.826834e-01 0.000000e+00 9.238795e-01
    outer loop
      vertex   1.929494e+01 5.780000e+00 3.385101e+01
      vertex   1.924671e+01 4.780000e+00 3.387099e+01
      vertex   1.929494e+01 4.780000e+00 3.385101e+01
    endloop
  endfacet
  facet normal 6.087614e-01 0.000000e+00 7.933533e-01
    outer loop
      vertex   1.929494e+01 5.780000e+00 3.385101e+01
      vertex   1.929494e+01 4.780000e+00 3.385101e+01
      vertex   1.933636e+01 5.780000e+00 3.381922e+01
    endloop
  endfacet
  facet normal 6.087614e-01 0.000000e+00 7.933533e-01
    outer loop
      vertex   1.933636e+01 5.780000e+00 3.381922e+01
      vertex   1.929494e+01 4.780000e+00 3.385101e+01
      vertex   1.933636e+01 4.780000e+00 3.381922e+01
    endloop
  endfacet
  facet normal 7.933533e-01 0.000000e+00 6.087614e-01
    outer loop
      vertex   1.933636e+01 5.780000e+00 3.381922e+01
      vertex   1.933636e+01 4.780000e+00 3.381922e+01
      vertex   1.936815e+01 5.780000e+00 3.377780e+01
    endloop
  endfacet
  facet normal 7.933533e-01 -2.818557e-15 6.087614e-01
    outer loop
      vertex   1.936815e+01 5.780000e+00 3.377780e+01
      vertex   1.933636e+01 4.780000e+00 3.381922e+01
      vertex   1.936815e+01 4.780000e+00 3.377780e+01
    endloop
  endfacet
  facet normal 9.238795e-01 -3.282279e-15 3.826834e-01
    outer loop
      vertex   1.936815e+01 5.780000e+00 3.377780e+01
      vertex   1.936815e+01 4.780000e+00 3.377780e+01
      vertex   1.938813e+01 5.780000e+00 3.372956e+01
    endloop
  endfacet
  facet normal 9.238795e-01 0.000000e+00 3.826834e-01
    outer loop
      vertex   1.938813e+01 5.780000e+00 3.372956e+01
      vertex   1.936815e+01 4.780000e+00 3.377780e+01
      vertex   1.938813e+01 4.780000e+00 3.372956e+01
    endloop
  endfacet
  facet normal 9.914449e-01 0.000000e+00 1.305262e-01
    outer loop
      vertex   1.938813e+01 5.780000e+00 3.372956e+01
      vertex   1.938813e+01 4.780000e+00 3.372956e+01
      vertex   1.939494e+01 4.780000e+00 3.367780e+01
    endloop
  endfacet
  facet normal 0.000000e+00 1.000000e+00 0.000000e+00
    outer loop
      vertex   1.464981e+01 6.780000e+00 3.387127e+01
      vertex   1.469718e+01 6.780000e+00 3.385211e+01
      vertex   1.459912e+01 6.780000e+00 3.387780e+01
    endloop
  endfacet
  facet normal 0.000000e+00 1.000000e+00 0.000000e+00
    outer loop
      vertex   1.459912e+01 6.780000e+00 3.387780e+01
      vertex   1.469718e+01 6.780000e+00 3.385211e+01
      vertex   1.473815e+01 6.780000e+00 3.382157e+01
    endloop
  endfacet
  facet normal 0.000000e+00 1.000000e+00 0.000000e+00
    outer loop
      vertex   1.459912e+01 6.780000e+00 3.387780e+01
      vertex   1.473815e+01 6.780000e+00 3.382157e+01
      vertex   1.477005e+01 6.780000e+00 3.378165e+01
    endloop
  endfacet
  facet normal 0.000000e+00 1.000000e+00 0.000000e+00
    outer loop
      vertex   1.477005e+01 6.780000e+00 3.378165e+01
      vertex   1.479079e+01 6.780000e+00 3.373494e+01
      vertex   1.459912e+01 6.780000e+00 3.387780e+01
    endloop
  endfacet
  facet normal -9.132867e-16 1.000000e+00 -1.225303e-15
    outer loop
      vertex   1.459912e+01 6.780000e+00 3.387780e+01
      vertex   1.479079e+01 6.780000e+00 3.373494e+01
      vertex   1.389494e+01 6.780000e+00 3.367780e+01
    endloop
  endfacet
  facet normal 0.000000e+00 1.000000e+00 -4.440892e-15
    outer loop
      vertex   1.459912e+01 6.780000e+00 3.387780e+01
      vertex   1.389494e+01 6.780000e+00 3.367780e+01
      vertex   1.409494e+01 6.780000e+00 3.387780e+01
    endloop
  endfacet
  facet normal 1.464552e-14 1.000000e+00 -1.908641e-14
    outer loop
      vertex   1.409494e+01 6.780000e+00 3.387780e+01
      vertex   1.389494e+01 6.780000e+00 3.367780e+01
      vertex   1.390176e+01 6.780000e+00 3.372956e+01
    endloop
  endfacet
  facet normal 0.000000e+00 1.000000e+00 0.000000e+00
    outer loop
      vertex   1.409494e+01 6.780000e+00 3.387780e+01
      vertex   1.390176e+01 6.780000e+00 3.372956e+01
      vertex   1.392174e+01 6.780000e+00 3.377780e+01
    endloop
  endfacet
  facet normal -9.671504e-16 1.000000e+00 -3.808689e-16
    outer loop
      vertex   1.479079e+01 6.780000e+00 3.373494e+01
      vertex   1.482204e+01 6.780000e+00 3.365558e+01
      vertex   1.389494e+01 6.780000e+00 3.367780e+01
    endloop
  endfacet
  facet normal -9.721793e-16 1.000000e+00 -5.906584e-16
    outer loop
      vertex   1.389494e+01 6.780000e+00 3.367780e+01
      vertex   1.482204e+01 6.780000e+00 3.365558e+01
      vertex   1.486633e+01 6.780000e+00 3.358268e+01
    endloop
  endfacet
  facet normal -9.996363e-16 1.000000e+00 -8.710464e-16
    outer loop
      vertex   1.389494e+01 6.780000e+00 3.367780e+01
      vertex   1.486633e+01 6.780000e+00 3.358268e+01
      vertex   1.492237e+01 6.780000e+00 3.351837e+01
    endloop
  endfacet
  facet normal -1.068082e-15 1.000000e+00 -1.312128e-15
    outer loop
      vertex   1.492237e+01 6.780000e+00 3.351837e+01
      vertex   1.498852e+01 6.780000e+00 3.346452e+01
      vertex   1.389494e+01 6.780000e+00 3.367780e+01
    endloop
  endfacet
  facet normal -1.243189e-15 1.000000e+00 -2.209966e-15
    outer loop
      vertex   1.389494e+01 6.780000e+00 3.367780e+01
      vertex   1.498852e+01 6.780000e+00 3.346452e+01
      vertex   1.506286e+01 6.780000e+00 3.342270e+01
    endloop
  endfacet
  facet normal -7.604774e-16 1.000000e+00 0.000000e+00
    outer loop
      vertex   1.389494e+01 6.780000e+00 3.367780e+01
      vertex   1.506286e+01 6.780000e+00 3.342270e+01
      vertex   1.389494e+01 6.780000e+00 3.087780e+01
    endloop
  endfacet
  facet normal -1.066814e-16 1.000000e+00 -3.000447e-16
    outer loop
      vertex   1.389494e+01 6.780000e+00 3.087780e+01
      vertex   1.506286e+01 6.780000e+00 3.342270e+01
      vertex   1.514324e+01 6.780000e+00 3.339412e+01
    endloop
  endfacet
  facet normal -5.608323e-17 1.000000e+00 -3.251454e-16
    outer loop
      vertex   1.389494e+01 6.780000e+00 3.087780e+01
      vertex   1.514324e+01 6.780000e+00 3.339412e+01
      vertex   1.522729e+01 6.780000e+00 3.337962e+01
    endloop
  endfacet
  facet normal 0.000000e+00 1.000000e+00 -3.550126e-16
    outer loop
      vertex   1.522729e+01 6.780000e+00 3.337962e+01
      vertex   1.531259e+01 6.780000e+00 3.337962e+01
      vertex   1.389494e+01 6.780000e+00 3.087780e+01
    endloop
  endfacet
  facet normal 0.000000e+00 1.000000e+00 -3.550126e-16
    outer loop
      vertex   1.389494e+01 6.780000e+00 3.087780e+01
      vertex   1.531259e+01 6.780000e+00 3.337962e+01
      vertex   1.660229e+01 6.780000e+00 3.337962e+01
    endloop
  endfacet
  facet normal 0.000000e+00 1.000000e+00 -3.550126e-16
    outer loop
      vertex   1.389494e+01 6.780000e+00 3.087780e+01
      vertex   1.660229e+01 6.780000e+00 3.337962e+01
      vertex   1.668759e+01 6.780000e+00 3.337962e+01
    endloop
  endfacet
  facet normal 0.000000e+00 1.000000e+00 0.000000e+00
    outer loop
      vertex   1.660229e+01 6.780000e+00 3.337962e+01
      vertex   1.531259e+01 6.780000e+00 3.337962e+01
      vertex   1.651824e+01 6.780000e+00 3.339412e+01
    endloop
  endfacet
  facet normal 0.000000e+00 1.000000e+00 0.000000e+00
    outer loop
      vertex   1.651824e+01 6.780000e+00 3.339412e+01
      vertex   1.531259e+01 6.780000e+00 3.337962e+01
      vertex   1.539665e+01 6.780000e+00 3.339412e+01
    endloop
  endfacet
  facet normal 0.000000e+00 1.000000e+00 0.000000e+00
    outer loop
      vertex   1.651824e+01 6.780000e+00 3.339412e+01
      vertex   1.539665e+01 6.780000e+00 3.339412e+01
      vertex   1.643786e+01 6.780000e+00 3.342270e+01
    endloop
  endfacet
  facet normal 0.000000e+00 1.000000e+00 0.000000e+00
    outer loop
      vertex   1.643786e+01 6.780000e+00 3.342270e+01
      vertex   1.539665e+01 6.780000e+00 3.339412e+01
      vertex   1.547702e+01 6.780000e+00 3.342270e+01
    endloop
  endfacet
  facet normal 0.000000e+00 1.000000e+00 0.000000e+00
    outer loop
      vertex   1.643786e+01 6.780000e+00 3.342270e+01
      vertex   1.547702e+01 6.780000e+00 3.342270e+01
      vertex   1.636352e+01 6.780000e+00 3.346452e+01
    endloop
  endfacet
  facet normal 0.000000e+00 1.000000e+00 0.000000e+00
    outer loop
      vertex   1.636352e+01 6.780000e+00 3.346452e+01
      vertex   1.547702e+01 6.780000e+00 3.342270e+01
      vertex   1.555136e+01 6.780000e+00 3.346452e+01
    endloop
  endfacet
  facet normal 0.000000e+00 1.000000e+00 0.000000e+00
    outer loop
      vertex   1.636352e+01 6.780000e+00 3.346452e+01
      vertex   1.555136e+01 6.780000e+00 3.346452e+01
      vertex   1.629737e+01 6.780000e+00 3.351837e+01
    endloop
  endfacet
  facet normal 0.000000e+00 1.000000e+00 0.000000e+00
    outer loop
      vertex   1.629737e+01 6.780000e+00 3.351837e+01
      vertex   1.555136e+01 6.780000e+00 3.346452e+01
      vertex   1.561752e+01 6.780000e+00 3.351837e+01
    endloop
  endfacet
  facet normal 0.000000e+00 1.000000e+00 0.000000e+00
    outer loop
      vertex   1.629737e+01 6.780000e+00 3.351837e+01
      vertex   1.561752e+01 6.780000e+00 3.351837e+01
      vertex   1.624133e+01 6.780000e+00 3.358268e+01
    endloop
  endfacet
  facet normal 0.000000e+00 1.000000e+00 0.000000e+00
    outer loop
      vertex   1.624133e+01 6.780000e+00 3.358268e+01
      vertex   1.561752e+01 6.780000e+00 3.351837e+01
      vertex   1.567355e+01 6.780000e+00 3.358268e+01
    endloop
  endfacet
  facet normal 0.000000e+00 1.000000e+00 0.000000e+00
    outer loop
      vertex   1.624133e+01 6.780000e+00 3.358268e+01
      vertex   1.567355e+01 6.780000e+00 3.358268e+01
      vertex   1.619704e+01 6.780000e+00 3.365558e+01
    endloop
  endfacet
  facet normal 0.000000e+00 1.000000e+00 0.000000e+00
    outer loop
      vertex   1.619704e+01 6.780000e+00 3.365558e+01
      vertex   1.567355e+01 6.780000e+00 3.358268e+01
      vertex   1.571784e+01 6.780000e+00 3.365558e+01
    endloop
  endfacet
  facet normal 0.000000e+00 1.000000e+00 0.000000e+00
    outer loop
      vertex   1.619704e+01 6.780000e+00 3.365558e+01
      vertex   1.571784e+01 6.780000e+00 3.365558e+01
      vertex   1.616579e+01 6.780000e+00 3.373494e+01
    endloop
  endfacet
  facet normal 0.000000e+00 1.000000e+00 0.000000e+00
    outer loop
      vertex   1.616579e+01 6.780000e+00 3.373494e+01
      vertex   1.571784e+01 6.780000e+00 3.365558e+01
      vertex   1.574910e+01 6.780000e+00 3.373494e+01
    endloop
  endfacet
  facet normal 0.000000e+00 1.000000e+00 0.000000e+00
    outer loop
      vertex   1.616579e+01 6.780000e+00 3.373494e+01
      vertex   1.574910e+01 6.780000e+00 3.373494e+01
      vertex   1.614505e+01 6.780000e+00 3.378165e+01
    endloop
  endfacet
  facet normal 0.000000e+00 1.000000e+00 0.000000e+00
    outer loop
      vertex   1.614505e+01 6.780000e+00 3.378165e+01
      vertex   1.574910e+01 6.780000e+00 3.373494e+01
      vertex   1.576984e+01 6.780000e+00 3.378165e+01
    endloop
  endfacet
  facet normal 0.000000e+00 1.000000e+00 0.000000e+00
    outer loop
      vertex   1.614505e+01 6.780000e+00 3.378165e+01
      vertex   1.576984e+01 6.780000e+00 3.378165e+01
      vertex   1.611315e+01 6.780000e+00 3.382157e+01
    endloop
  endfacet
  facet normal 0.000000e+00 1.000000e+00 0.000000e+00
    outer loop
      vertex   1.611315e+01 6.780000e+00 3.382157e+01
      vertex   1.576984e+01 6.780000e+00 3.378165e+01
      vertex   1.580173e+01 6.780000e+00 3.382157e+01
    endloop
  endfacet
  facet normal 0.000000e+00 1.000000e+00 0.000000e+00
    outer loop
      vertex   1.611315e+01 6.780000e+00 3.382157e+01
      vertex   1.580173e+01 6.780000e+00 3.382157e+01
      vertex   1.607218e+01 6.780000e+00 3.385211e+01
    endloop
  endfacet
  facet normal 0.000000e+00 1.000000e+00 0.000000e+00
    outer loop
      vertex   1.607218e+01 6.780000e+00 3.385211e+01
      vertex   1.580173e+01 6.780000e+00 3.382157e+01
      vertex   1.584271e+01 6.780000e+00 3.385211e+01
    endloop
  endfacet
  facet normal 0.000000e+00 1.000000e+00 0.000000e+00
    outer loop
      vertex   1.607218e+01 6.780000e+00 3.385211e+01
      vertex   1.584271e+01 6.780000e+00 3.385211e+01
      vertex   1.602481e+01 6.780000e+00 3.387127e+01
    endloop
  endfacet
  facet normal 0.000000e+00 1.000000e+00 0.000000e+00
    outer loop
      vertex   1.602481e+01 6.780000e+00 3.387127e+01
      vertex   1.584271e+01 6.780000e+00 3.385211e+01
      vertex   1.597412e+01 6.780000e+00 3.387780e+01
    endloop
  endfacet
  facet normal 0.000000e+00 1.000000e+00 0.000000e+00
    outer loop
      vertex   1.597412e+01 6.780000e+00 3.387780e+01
      vertex   1.584271e+01 6.780000e+00 3.385211e+01
      vertex   1.594076e+01 6.780000e+00 3.387780e+01
    endloop
  endfacet
  facet normal 0.000000e+00 1.000000e+00 0.000000e+00
    outer loop
      vertex   1.594076e+01 6.780000e+00 3.387780e+01
      vertex   1.584271e+01 6.780000e+00 3.385211e+01
      vertex   1.589008e+01 6.780000e+00 3.387127e+01
    endloop
  endfacet
  facet normal -0.000000e+00 1.000000e+00 0.000000e+00
    outer loop
      vertex   1.677165e+01 6.780000e+00 3.339412e+01
      vertex   1.789324e+01 6.780000e+00 3.339412e+01
      vertex   1.668759e+01 6.780000e+00 3.337962e+01
    endloop
  endfacet
  facet normal 0.000000e+00 1.000000e+00 0.000000e+00
    outer loop
      vertex   1.668759e+01 6.780000e+00 3.337962e+01
      vertex   1.789324e+01 6.780000e+00 3.339412e+01
      vertex   1.797729e+01 6.780000e+00 3.337962e+01
    endloop
  endfacet
  facet normal 0.000000e+00 1.000000e+00 -3.550126e-16
    outer loop
      vertex   1.668759e+01 6.780000e+00 3.337962e+01
      vertex   1.797729e+01 6.780000e+00 3.337962e+01
      vertex   1.939494e+01 6.780000e+00 3.087780e+01
    endloop
  endfacet
  facet normal 0.000000e+00 1.000000e+00 -3.550126e-16
    outer loop
      vertex   1.939494e+01 6.780000e+00 3.087780e+01
      vertex   1.797729e+01 6.780000e+00 3.337962e+01
      vertex   1.806259e+01 6.780000e+00 3.337962e+01
    endloop
  endfacet
  facet normal 5.608323e-17 1.000000e+00 -3.251454e-16
    outer loop
      vertex   1.939494e+01 6.780000e+00 3.087780e+01
      vertex   1.806259e+01 6.780000e+00 3.337962e+01
      vertex   1.814665e+01 6.780000e+00 3.339412e+01
    endloop
  endfacet
  facet normal 0.000000e+00 1.000000e+00 0.000000e+00
    outer loop
      vertex   1.789324e+01 6.780000e+00 3.339412e+01
      vertex   1.677165e+01 6.780000e+00 3.339412e+01
      vertex   1.781286e+01 6.780000e+00 3.342270e+01
    endloop
  endfacet
  facet normal 0.000000e+00 1.000000e+00 0.000000e+00
    outer loop
      vertex   1.781286e+01 6.780000e+00 3.342270e+01
      vertex   1.677165e+01 6.780000e+00 3.339412e+01
      vertex   1.685202e+01 6.780000e+00 3.342270e+01
    endloop
  endfacet
  facet normal 0.000000e+00 1.000000e+00 0.000000e+00
    outer loop
      vertex   1.781286e+01 6.780000e+00 3.342270e+01
      vertex   1.685202e+01 6.780000e+00 3.342270e+01
      vertex   1.773852e+01 6.780000e+00 3.346452e+01
    endloop
  endfacet
  facet normal 0.000000e+00 1.000000e+00 0.000000e+00
    outer loop
      vertex   1.773852e+01 6.780000e+00 3.346452e+01
      vertex   1.685202e+01 6.780000e+00 3.342270e+01
      vertex   1.692636e+01 6.780000e+00 3.346452e+01
    endloop
  endfacet
  facet normal 0.000000e+00 1.000000e+00 0.000000e+00
    outer loop
      vertex   1.773852e+01 6.780000e+00 3.346452e+01
      vertex   1.692636e+01 6.780000e+00 3.346452e+01
      vertex   1.767237e+01 6.780000e+00 3.351837e+01
    endloop
  endfacet
  facet normal 0.000000e+00 1.000000e+00 0.000000e+00
    outer loop
      vertex   1.767237e+01 6.780000e+00 3.351837e+01
      vertex   1.692636e+01 6.780000e+00 3.346452e+01
      vertex   1.699252e+01 6.780000e+00 3.351837e+01
    endloop
  endfacet
  facet normal 0.000000e+00 1.000000e+00 0.000000e+00
    outer loop
      vertex   1.767237e+01 6.780000e+00 3.351837e+01
      vertex   1.699252e+01 6.780000e+00 3.351837e+01
      vertex   1.761633e+01 6.780000e+00 3.358268e+01
    endloop
  endfacet
  facet normal 0.000000e+00 1.000000e+00 0.000000e+00
    outer loop
      vertex   1.761633e+01 6.780000e+00 3.358268e+01
      vertex   1.699252e+01 6.780000e+00 3.351837e+01
      vertex   1.704855e+01 6.780000e+00 3.358268e+01
    endloop
  endfacet
  facet normal 0.000000e+00 1.000000e+00 0.000000e+00
    outer loop
      vertex   1.761633e+01 6.780000e+00 3.358268e+01
      vertex   1.704855e+01 6.780000e+00 3.358268e+01
      vertex   1.757204e+01 6.780000e+00 3.365558e+01
    endloop
  endfacet
  facet normal 0.000000e+00 1.000000e+00 0.000000e+00
    outer loop
      vertex   1.757204e+01 6.780000e+00 3.365558e+01
      vertex   1.704855e+01 6.780000e+00 3.358268e+01
      vertex   1.709284e+01 6.780000e+00 3.365558e+01
    endloop
  endfacet
  facet normal 0.000000e+00 1.000000e+00 0.000000e+00
    outer loop
      vertex   1.757204e+01 6.780000e+00 3.365558e+01
      vertex   1.709284e+01 6.780000e+00 3.365558e+01
      vertex   1.754079e+01 6.780000e+00 3.373494e+01
    endloop
  endfacet
  facet normal 0.000000e+00 1.000000e+00 0.000000e+00
    outer loop
      vertex   1.754079e+01 6.780000e+00 3.373494e+01
      vertex   1.709284e+01 6.780000e+00 3.365558e+01
      vertex   1.712410e+01 6.780000e+00 3.373494e+01
    endloop
  endfacet
  facet normal 0.000000e+00 1.000000e+00 0.000000e+00
    outer loop
      vertex   1.754079e+01 6.780000e+00 3.373494e+01
      vertex   1.712410e+01 6.780000e+00 3.373494e+01
      vertex   1.752005e+01 6.780000e+00 3.378165e+01
    endloop
  endfacet
  facet normal 0.000000e+00 1.000000e+00 0.000000e+00
    outer loop
      vertex   1.752005e+01 6.780000e+00 3.378165e+01
      vertex   1.712410e+01 6.780000e+00 3.373494e+01
      vertex   1.714484e+01 6.780000e+00 3.378165e+01
    endloop
  endfacet
  facet normal 0.000000e+00 1.000000e+00 0.000000e+00
    outer loop
      vertex   1.752005e+01 6.780000e+00 3.378165e+01
      vertex   1.714484e+01 6.780000e+00 3.378165e+01
      vertex   1.748815e+01 6.780000e+00 3.382157e+01
    endloop
  endfacet
  facet normal 0.000000e+00 1.000000e+00 0.000000e+00
    outer loop
      vertex   1.748815e+01 6.780000e+00 3.382157e+01
      vertex   1.714484e+01 6.780000e+00 3.378165e+01
      vertex   1.717673e+01 6.780000e+00 3.382157e+01
    endloop
  endfacet
  facet normal 0.000000e+00 1.000000e+00 0.000000e+00
    outer loop
      vertex   1.748815e+01 6.780000e+00 3.382157e+01
      vertex   1.717673e+01 6.780000e+00 3.382157e+01
      vertex   1.744718e+01 6.780000e+00 3.385211e+01
    endloop
  endfacet
  facet normal 0.000000e+00 1.000000e+00 0.000000e+00
    outer loop
      vertex   1.744718e+01 6.780000e+00 3.385211e+01
      vertex   1.717673e+01 6.780000e+00 3.382157e+01
      vertex   1.721771e+01 6.780000e+00 3.385211e+01
    endloop
  endfacet
  facet normal 0.000000e+00 1.000000e+00 0.000000e+00
    outer loop
      vertex   1.744718e+01 6.780000e+00 3.385211e+01
      vertex   1.721771e+01 6.780000e+00 3.385211e+01
      vertex   1.739981e+01 6.780000e+00 3.387127e+01
    endloop
  endfacet
  facet normal 0.000000e+00 1.000000e+00 0.000000e+00
    outer loop
      vertex   1.739981e+01 6.780000e+00 3.387127e+01
      vertex   1.721771e+01 6.780000e+00 3.385211e+01
      vertex   1.734912e+01 6.780000e+00 3.387780e+01
    endloop
  endfacet
  facet normal 0.000000e+00 1.000000e+00 0.000000e+00
    outer loop
      vertex   1.734912e+01 6.780000e+00 3.387780e+01
      vertex   1.721771e+01 6.780000e+00 3.385211e+01
      vertex   1.731576e+01 6.780000e+00 3.387780e+01
    endloop
  endfacet
  facet normal 0.000000e+00 1.000000e+00 0.000000e+00
    outer loop
      vertex   1.731576e+01 6.780000e+00 3.387780e+01
      vertex   1.721771e+01 6.780000e+00 3.385211e+01
      vertex   1.726508e+01 6.780000e+00 3.387127e+01
    endloop
  endfacet
  facet normal 1.066814e-16 1.000000e+00 -3.000447e-16
    outer loop
      vertex   1.814665e+01 6.780000e+00 3.339412e+01
      vertex   1.822702e+01 6.780000e+00 3.342270e+01
      vertex   1.939494e+01 6.780000e+00 3.087780e+01
    endloop
  endfacet
  facet normal 7.604774e-16 1.000000e+00 -0.000000e+00
    outer loop
      vertex   1.939494e+01 6.780000e+00 3.087780e+01
      vertex   1.822702e+01 6.780000e+00 3.342270e+01
      vertex   1.939494e+01 6.780000e+00 3.367780e+01
    endloop
  endfacet
  facet normal 1.243189e-15 1.000000e+00 -2.209966e-15
    outer loop
      vertex   1.939494e+01 6.780000e+00 3.367780e+01
      vertex   1.822702e+01 6.780000e+00 3.342270e+01
      vertex   1.830136e+01 6.780000e+00 3.346452e+01
    endloop
  endfacet
  facet normal 1.068082e-15 1.000000e+00 -1.312128e-15
    outer loop
      vertex   1.939494e+01 6.780000e+00 3.367780e+01
      vertex   1.830136e+01 6.780000e+00 3.346452e+01
      vertex   1.836752e+01 6.780000e+00 3.351837e+01
    endloop
  endfacet
  facet normal 9.996363e-16 1.000000e+00 -8.710464e-16
    outer loop
      vertex   1.836752e+01 6.780000e+00 3.351837e+01
      vertex   1.842355e+01 6.780000e+00 3.358268e+01
      vertex   1.939494e+01 6.780000e+00 3.367780e+01
    endloop
  endfacet
  facet normal 9.721793e-16 1.000000e+00 -5.906584e-16
    outer loop
      vertex   1.939494e+01 6.780000e+00 3.367780e+01
      vertex   1.842355e+01 6.780000e+00 3.358268e+01
      vertex   1.846784e+01 6.780000e+00 3.365558e+01
    endloop
  endfacet
  facet normal 9.671504e-16 1.000000e+00 -3.808689e-16
    outer loop
      vertex   1.939494e+01 6.780000e+00 3.367780e+01
      vertex   1.846784e+01 6.780000e+00 3.365558e+01
      vertex   1.849910e+01 6.780000e+00 3.373494e+01
    endloop
  endfacet
  facet normal 9.132867e-16 1.000000e+00 -1.225303e-15
    outer loop
      vertex   1.939494e+01 6.780000e+00 3.367780e+01
      vertex   1.849910e+01 6.780000e+00 3.373494e+01
      vertex   1.869076e+01 6.780000e+00 3.387780e+01
    endloop
  endfacet
  facet normal 0.000000e+00 1.000000e+00 0.000000e+00
    outer loop
      vertex   1.869076e+01 6.780000e+00 3.387780e+01
      vertex   1.849910e+01 6.780000e+00 3.373494e+01
      vertex   1.851984e+01 6.780000e+00 3.378165e+01
    endloop
  endfacet
  facet normal 0.000000e+00 1.000000e+00 0.000000e+00
    outer loop
      vertex   1.869076e+01 6.780000e+00 3.387780e+01
      vertex   1.851984e+01 6.780000e+00 3.378165e+01
      vertex   1.855173e+01 6.780000e+00 3.382157e+01
    endloop
  endfacet
  facet normal 0.000000e+00 1.000000e+00 0.000000e+00
    outer loop
      vertex   1.855173e+01 6.780000e+00 3.382157e+01
      vertex   1.859271e+01 6.780000e+00 3.385211e+01
      vertex   1.869076e+01 6.780000e+00 3.387780e+01
    endloop
  endfacet
  facet normal 0.000000e+00 1.000000e+00 0.000000e+00
    outer loop
      vertex   1.869076e+01 6.780000e+00 3.387780e+01
      vertex   1.859271e+01 6.780000e+00 3.385211e+01
      vertex   1.864008e+01 6.780000e+00 3.387127e+01
    endloop
  endfacet
  facet normal 0.000000e+00 1.000000e+00 -4.440892e-15
    outer loop
      vertex   1.869076e+01 6.780000e+00 3.387780e+01
      vertex   1.919494e+01 6.780000e+00 3.387780e+01
      vertex   1.939494e+01 6.780000e+00 3.367780e+01
    endloop
  endfacet
  facet normal -1.464552e-14 1.000000e+00 -1.908641e-14
    outer loop
      vertex   1.939494e+01 6.780000e+00 3.367780e+01
      vertex   1.919494e+01 6.780000e+00 3.387780e+01
      vertex   1.938813e+01 6.780000e+00 3.372956e+01
    endloop
  endfacet
  facet normal 0.000000e+00 1.000000e+00 0.000000e+00
    outer loop
      vertex   1.938813e+01 6.780000e+00 3.372956e+01
      vertex   1.919494e+01 6.780000e+00 3.387780e+01
      vertex   1.936815e+01 6.780000e+00 3.377780e+01
    endloop
  endfacet
  facet normal 0.000000e+00 1.000000e+00 0.000000e+00
    outer loop
      vertex   1.936815e+01 6.780000e+00 3.377780e+01
      vertex   1.919494e+01 6.780000e+00 3.387780e+01
      vertex   1.933636e+01 6.780000e+00 3.381922e+01
    endloop
  endfacet
  facet normal 0.000000e+00 1.000000e+00 0.000000e+00
    outer loop
      vertex   1.933636e+01 6.780000e+00 3.381922e+01
      vertex   1.919494e+01 6.780000e+00 3.387780e+01
      vertex   1.929494e+01 6.780000e+00 3.385101e+01
    endloop
  endfacet
  facet normal 0.000000e+00 1.000000e+00 0.000000e+00
    outer loop
      vertex   1.929494e+01 6.780000e+00 3.385101e+01
      vertex   1.919494e+01 6.780000e+00 3.387780e+01
      vertex   1.924671e+01 6.780000e+00 3.387099e+01
    endloop
  endfacet
  facet normal 0.000000e+00 1.000000e+00 -3.550126e-16
    outer loop
      vertex   1.939494e+01 6.780000e+00 3.087780e+01
      vertex   1.389494e+01 6.780000e+00 3.087780e+01
      vertex   1.668759e+01 6.780000e+00 3.337962e+01
    endloop
  endfacet
  facet normal 0.000000e+00 1.000000e+00 0.000000e+00
    outer loop
      vertex   1.392174e+01 6.780000e+00 3.377780e+01
      vertex   1.395352e+01 6.780000e+00 3.381922e+01
      vertex   1.409494e+01 6.780000e+00 3.387780e+01
    endloop
  endfacet
  facet normal 0.000000e+00 1.000000e+00 0.000000e+00
    outer loop
      vertex   1.409494e+01 6.780000e+00 3.387780e+01
      vertex   1.395352e+01 6.780000e+00 3.381922e+01
      vertex   1.399494e+01 6.780000e+00 3.385101e+01
    endloop
  endfacet
  facet normal 0.000000e+00 1.000000e+00 0.000000e+00
    outer loop
      vertex   1.409494e+01 6.780000e+00 3.387780e+01
      vertex   1.399494e+01 6.780000e+00 3.385101e+01
      vertex   1.404318e+01 6.780000e+00 3.387099e+01
    endloop
  endfacet
  facet normal 1.000000e+00 0.000000e+00 0.000000e+00
    outer loop
      vertex   1.939494e+01 6.780000e+00 3.367780e+01
      vertex   1.939494e+01 4.780000e+00 3.367780e+01
      vertex   1.939494e+01 6.780000e+00 3.087780e+01
    endloop
  endfacet
  facet normal 1.000000e+00 0.000000e+00 0.000000e+00
    outer loop
      vertex   1.939494e+01 6.780000e+00 3.087780e+01
      vertex   1.939494e+01 4.780000e+00 3.367780e+01
      vertex   1.939494e+01 4.780000e+00 3.087780e+01
    endloop
  endfacet
  facet normal -1.000000e+00 0.000000e+00 0.000000e+00
    outer loop
      vertex   1.389494e+01 4.780000e+00 3.367780e+01
      vertex   1.389494e+01 6.780000e+00 3.367780e+01
      vertex   1.389494e+01 4.780000e+00 3.087780e+01
    endloop
  endfacet
  facet normal -1.000000e+00 0.000000e+00 0.000000e+00
    outer loop
      vertex   1.389494e+01 4.780000e+00 3.087780e+01
      vertex   1.389494e+01 6.780000e+00 3.367780e+01
      vertex   1.389494e+01 6.780000e+00 3.087780e+01
    endloop
  endfacet
  facet normal -1.182245e-15 0.000000e+00 -1.000000e+00
    outer loop
      vertex   1.939494e+01 4.780000e+00 2.837780e+01
      vertex   1.939494e+01 6.780000e+00 2.837780e+01
      vertex   2.240000e+01 4.780000e+00 2.837780e+01
    endloop
  endfacet
  facet normal -3.437733e-16 1.259828e-15 -1.000000e+00
    outer loop
      vertex   2.240000e+01 4.780000e+00 2.837780e+01
      vertex   1.939494e+01 6.780000e+00 2.837780e+01
      vertex   2.240000e+01 7.600000e+00 2.837780e+01
    endloop
  endfacet
  facet normal -0.000000e+00 0.000000e+00 -1.000000e+00
    outer loop
      vertex   2.240000e+01 7.600000e+00 2.837780e+01
      vertex   1.939494e+01 6.780000e+00 2.837780e+01
      vertex   1.290000e+01 7.600000e+00 2.837780e+01
    endloop
  endfacet
  facet normal 0.000000e+00 0.000000e+00 -1.000000e+00
    outer loop
      vertex   1.290000e+01 7.600000e+00 2.837780e+01
      vertex   1.939494e+01 6.780000e+00 2.837780e+01
      vertex   1.389494e+01 6.780000e+00 2.837780e+01
    endloop
  endfacet
  facet normal 0.000000e+00 0.000000e+00 -1.000000e+00
    outer loop
      vertex   1.290000e+01 7.600000e+00 2.837780e+01
      vertex   1.389494e+01 6.780000e+00 2.837780e+01
      vertex   1.290000e+01 4.780000e+00 2.837780e+01
    endloop
  endfacet
  facet normal 0.000000e+00 0.000000e+00 -1.000000e+00
    outer loop
      vertex   1.290000e+01 4.780000e+00 2.837780e+01
      vertex   1.389494e+01 6.780000e+00 2.837780e+01
      vertex   1.389494e+01 4.780000e+00 2.837780e+01
    endloop
  endfacet
  facet normal 0.000000e+00 0.000000e+00 -1.000000e+00
    outer loop
      vertex   1.674494e+01 6.330000e+00 2.837780e+01
      vertex   1.804494e+01 6.330000e+00 2.837780e+01
      vertex   1.674494e+01 5.230000e+00 2.837780e+01
    endloop
  endfacet
  facet normal 0.000000e+00 0.000000e+00 -1.000000e+00
    outer loop
      vertex   1.674494e+01 5.230000e+00 2.837780e+01
      vertex   1.804494e+01 6.330000e+00 2.837780e+01
      vertex   1.804494e+01 5.230000e+00 2.837780e+01
    endloop
  endfacet
  facet normal 0.000000e+00 1.000000e+00 -0.000000e+00
    outer loop
      vertex   2.240000e+01 7.600000e+00 2.837780e+01
      vertex   1.290000e+01 7.600000e+00 2.837780e+01
      vertex   2.240000e+01 7.600000e+00 3.087780e+01
    endloop
  endfacet
  facet normal 0.000000e+00 1.000000e+00 0.000000e+00
    outer loop
      vertex   2.240000e+01 7.600000e+00 3.087780e+01
      vertex   1.290000e+01 7.600000e+00 2.837780e+01
      vertex   1.290000e+01 7.600000e+00 3.087780e+01
    endloop
  endfacet
  facet normal 1.000000e+00 0.000000e+00 0.000000e+00
    outer loop
      vertex   2.240000e+01 4.780000e+00 2.837780e+01
      vertex   2.240000e+01 7.600000e+00 2.837780e+01
      vertex   2.240000e+01 4.780000e+00 3.087780e+01
    endloop
  endfacet
  facet normal 1.000000e+00 -0.000000e+00 0.000000e+00
    outer loop
      vertex   2.240000e+01 4.780000e+00 3.087780e+01
      vertex   2.240000e+01 7.600000e+00 2.837780e+01
      vertex   2.240000e+01 7.600000e+00 3.087780e+01
    endloop
  endfacet
  facet normal -1.000000e+00 0.000000e+00 0.000000e+00
    outer loop
      vertex   1.804494e+01 6.330000e+00 2.782780e+01
      vertex   1.804494e+01 5.230000e+00 2.782780e+01
      vertex   1.804494e+01 6.330000e+00 2.837780e+01
    endloop
  endfacet
  facet normal -1.000000e+00 -0.000000e+00 0.000000e+00
    outer loop
      vertex   1.804494e+01 6.330000e+00 2.837780e+01
      vertex   1.804494e+01 5.230000e+00 2.782780e+01
      vertex   1.804494e+01 5.230000e+00 2.837780e+01
    endloop
  endfacet
  facet normal 0.000000e+00 1.000000e+00 -0.000000e+00
    outer loop
      vertex   1.804494e+01 5.230000e+00 2.782780e+01
      vertex   1.674494e+01 5.230000e+00 2.782780e+01
      vertex   1.804494e+01 5.230000e+00 2.837780e+01
    endloop
  endfacet
  facet normal 0.000000e+00 1.000000e+00 0.000000e+00
    outer loop
      vertex   1.804494e+01 5.230000e+00 2.837780e+01
      vertex   1.674494e+01 5.230000e+00 2.782780e+01
      vertex   1.674494e+01 5.230000e+00 2.837780e+01
    endloop
  endfacet
  facet normal 1.000000e+00 0.000000e+00 0.000000e+00
    outer loop
      vertex   1.939494e+01 6.780000e+00 2.837780e+01
      vertex   1.939494e+01 4.780000e+00 2.837780e+01
      vertex   1.939494e+01 6.780000e+00 2.757780e+01
    endloop
  endfacet
  facet normal 1.000000e+00 0.000000e+00 0.000000e+00
    outer loop
      vertex   1.939494e+01 6.780000e+00 2.757780e+01
      vertex   1.939494e+01 4.780000e+00 2.837780e+01
      vertex   1.939494e+01 4.780000e+00 2.757780e+01
    endloop
  endfacet
  facet normal -0.000000e+00 1.000000e+00 0.000000e+00
    outer loop
      vertex   1.389494e+01 6.780000e+00 2.837780e+01
      vertex   1.939494e+01 6.780000e+00 2.837780e+01
      vertex   1.389494e+01 6.780000e+00 2.757780e+01
    endloop
  endfacet
  facet normal 0.000000e+00 1.000000e+00 0.000000e+00
    outer loop
      vertex   1.389494e+01 6.780000e+00 2.757780e+01
      vertex   1.939494e+01 6.780000e+00 2.837780e+01
      vertex   1.939494e+01 6.780000e+00 2.757780e+01
    endloop
  endfacet
  facet normal -1.000000e+00 0.000000e+00 0.000000e+00
    outer loop
      vertex   1.389494e+01 4.780000e+00 2.837780e+01
      vertex   1.389494e+01 6.780000e+00 2.837780e+01
      vertex   1.389494e+01 4.780000e+00 2.757780e+01
    endloop
  endfacet
  facet normal -1.000000e+00 0.000000e+00 0.000000e+00
    outer loop
      vertex   1.389494e+01 4.780000e+00 2.757780e+01
      vertex   1.389494e+01 6.780000e+00 2.837780e+01
      vertex   1.389494e+01 6.780000e+00 2.757780e+01
    endloop
  endfacet
  facet normal 0.000000e+00 -1.000000e+00 0.000000e+00
    outer loop
      vertex   1.389494e+01 4.780000e+00 2.757780e+01
      vertex   1.939494e+01 4.780000e+00 2.757780e+01
      vertex   1.389494e+01 4.780000e+00 2.837780e+01
    endloop
  endfacet
  facet normal 0.000000e+00 -1.000000e+00 0.000000e+00
    outer loop
      vertex   1.389494e+01 4.780000e+00 2.837780e+01
      vertex   1.939494e+01 4.780000e+00 2.757780e+01
      vertex   1.939494e+01 4.780000e+00 2.837780e+01
    endloop
  endfacet
  facet normal 0.000000e+00 -1.000000e+00 0.000000e+00
    outer loop
      vertex   1.389494e+01 4.780000e+00 2.837780e+01
      vertex   1.939494e+01 4.780000e+00 2.837780e+01
      vertex   1.389494e+01 4.780000e+00 3.087780e+01
    endloop
  endfacet
  facet normal 0.000000e+00 -1.000000e+00 0.000000e+00
    outer loop
      vertex   1.389494e+01 4.780000e+00 3.087780e+01
      vertex   1.939494e+01 4.780000e+00 2.837780e+01
      vertex   1.939494e+01 4.780000e+00 3.087780e+01
    endloop
  endfacet
  facet normal 0.000000e+00 -1.000000e+00 0.000000e+00
    outer loop
      vertex   1.389494e+01 4.780000e+00 3.087780e+01
      vertex   1.939494e+01 4.780000e+00 3.087780e+01
      vertex   1.660229e+01 4.780000e+00 3.337962e+01
    endloop
  endfacet
  facet normal 0.000000e+00 -1.000000e+00 0.000000e+00
    outer loop
      vertex   1.660229e+01 4.780000e+00 3.337962e+01
      vertex   1.939494e+01 4.780000e+00 3.087780e+01
      vertex   1.668759e+01 4.780000e+00 3.337962e+01
    endloop
  endfacet
  facet normal 0.000000e+00 -1.000000e+00 0.000000e+00
    outer loop
      vertex   1.668759e+01 4.780000e+00 3.337962e+01
      vertex   1.939494e+01 4.780000e+00 3.087780e+01
      vertex   1.797729e+01 4.780000e+00 3.337962e+01
    endloop
  endfacet
  facet normal 0.000000e+00 -1.000000e+00 0.000000e+00
    outer loop
      vertex   1.668759e+01 4.780000e+00 3.337962e+01
      vertex   1.797729e+01 4.780000e+00 3.337962e+01
      vertex   1.677165e+01 4.780000e+00 3.339412e+01
    endloop
  endfacet
  facet normal 0.000000e+00 -1.000000e+00 0.000000e+00
    outer loop
      vertex   1.677165e+01 4.780000e+00 3.339412e+01
      vertex   1.797729e+01 4.780000e+00 3.337962e+01
      vertex   1.789324e+01 4.780000e+00 3.339412e+01
    endloop
  endfacet
  facet normal 0.000000e+00 -1.000000e+00 0.000000e+00
    outer loop
      vertex   1.677165e+01 4.780000e+00 3.339412e+01
      vertex   1.789324e+01 4.780000e+00 3.339412e+01
      vertex   1.685202e+01 4.780000e+00 3.342270e+01
    endloop
  endfacet
  facet normal 0.000000e+00 -1.000000e+00 0.000000e+00
    outer loop
      vertex   1.685202e+01 4.780000e+00 3.342270e+01
      vertex   1.789324e+01 4.780000e+00 3.339412e+01
      vertex   1.781286e+01 4.780000e+00 3.342270e+01
    endloop
  endfacet
  facet normal 0.000000e+00 -1.000000e+00 0.000000e+00
    outer loop
      vertex   1.685202e+01 4.780000e+00 3.342270e+01
      vertex   1.781286e+01 4.780000e+00 3.342270e+01
      vertex   1.692636e+01 4.780000e+00 3.346452e+01
    endloop
  endfacet
  facet normal 0.000000e+00 -1.000000e+00 0.000000e+00
    outer loop
      vertex   1.692636e+01 4.780000e+00 3.346452e+01
      vertex   1.781286e+01 4.780000e+00 3.342270e+01
      vertex   1.773852e+01 4.780000e+00 3.346452e+01
    endloop
  endfacet
  facet normal 0.000000e+00 -1.000000e+00 0.000000e+00
    outer loop
      vertex   1.692636e+01 4.780000e+00 3.346452e+01
      vertex   1.773852e+01 4.780000e+00 3.346452e+01
      vertex   1.699252e+01 4.780000e+00 3.351837e+01
    endloop
  endfacet
  facet normal 0.000000e+00 -1.000000e+00 0.000000e+00
    outer loop
      vertex   1.699252e+01 4.780000e+00 3.351837e+01
      vertex   1.773852e+01 4.780000e+00 3.346452e+01
      vertex   1.767237e+01 4.780000e+00 3.351837e+01
    endloop
  endfacet
  facet normal 0.000000e+00 -1.000000e+00 0.000000e+00
    outer loop
      vertex   1.699252e+01 4.780000e+00 3.351837e+01
      vertex   1.767237e+01 4.780000e+00 3.351837e+01
      vertex   1.704855e+01 4.780000e+00 3.358268e+01
    endloop
  endfacet
  facet normal 0.000000e+00 -1.000000e+00 0.000000e+00
    outer loop
      vertex   1.704855e+01 4.780000e+00 3.358268e+01
      vertex   1.767237e+01 4.780000e+00 3.351837e+01
      vertex   1.761633e+01 4.780000e+00 3.358268e+01
    endloop
  endfacet
  facet normal 0.000000e+00 -1.000000e+00 0.000000e+00
    outer loop
      vertex   1.704855e+01 4.780000e+00 3.358268e+01
      vertex   1.761633e+01 4.780000e+00 3.358268e+01
      vertex   1.709284e+01 4.780000e+00 3.365558e+01
    endloop
  endfacet
  facet normal 0.000000e+00 -1.000000e+00 0.000000e+00
    outer loop
      vertex   1.709284e+01 4.780000e+00 3.365558e+01
      vertex   1.761633e+01 4.780000e+00 3.358268e+01
      vertex   1.757204e+01 4.780000e+00 3.365558e+01
    endloop
  endfacet
  facet normal 0.000000e+00 -1.000000e+00 0.000000e+00
    outer loop
      vertex   1.709284e+01 4.780000e+00 3.365558e+01
      vertex   1.757204e+01 4.780000e+00 3.365558e+01
      vertex   1.712410e+01 4.780000e+00 3.373494e+01
    endloop
  endfacet
  facet normal 0.000000e+00 -1.000000e+00 0.000000e+00
    outer loop
      vertex   1.712410e+01 4.780000e+00 3.373494e+01
      vertex   1.757204e+01 4.780000e+00 3.365558e+01
      vertex   1.754079e+01 4.780000e+00 3.373494e+01
    endloop
  endfacet
  facet normal 0.000000e+00 -1.000000e+00 0.000000e+00
    outer loop
      vertex   1.712410e+01 4.780000e+00 3.373494e+01
      vertex   1.754079e+01 4.780000e+00 3.373494e+01
      vertex   1.714484e+01 4.780000e+00 3.378165e+01
    endloop
  endfacet
  facet normal 0.000000e+00 -1.000000e+00 0.000000e+00
    outer loop
      vertex   1.714484e+01 4.780000e+00 3.378165e+01
      vertex   1.754079e+01 4.780000e+00 3.373494e+01
      vertex   1.752005e+01 4.780000e+00 3.378165e+01
    endloop
  endfacet
  facet normal 0.000000e+00 -1.000000e+00 0.000000e+00
    outer loop
      vertex   1.714484e+01 4.780000e+00 3.378165e+01
      vertex   1.752005e+01 4.780000e+00 3.378165e+01
      vertex   1.717673e+01 4.780000e+00 3.382157e+01
    endloop
  endfacet
  facet normal 0.000000e+00 -1.000000e+00 0.000000e+00
    outer loop
      vertex   1.717673e+01 4.780000e+00 3.382157e+01
      vertex   1.752005e+01 4.780000e+00 3.378165e+01
      vertex   1.748815e+01 4.780000e+00 3.382157e+01
    endloop
  endfacet
  facet normal 0.000000e+00 -1.000000e+00 0.000000e+00
    outer loop
      vertex   1.717673e+01 4.780000e+00 3.382157e+01
      vertex   1.748815e+01 4.780000e+00 3.382157e+01
      vertex   1.721771e+01 4.780000e+00 3.385211e+01
    endloop
  endfacet
  facet normal 0.000000e+00 -1.000000e+00 0.000000e+00
    outer loop
      vertex   1.721771e+01 4.780000e+00 3.385211e+01
      vertex   1.748815e+01 4.780000e+00 3.382157e+01
      vertex   1.726508e+01 4.780000e+00 3.387127e+01
    endloop
  endfacet
  facet normal 0.000000e+00 -1.000000e+00 0.000000e+00
    outer loop
      vertex   1.726508e+01 4.780000e+00 3.387127e+01
      vertex   1.748815e+01 4.780000e+00 3.382157e+01
      vertex   1.731576e+01 4.780000e+00 3.387780e+01
    endloop
  endfacet
  facet normal 0.000000e+00 -1.000000e+00 0.000000e+00
    outer loop
      vertex   1.731576e+01 4.780000e+00 3.387780e+01
      vertex   1.748815e+01 4.780000e+00 3.382157e+01
      vertex   1.734912e+01 4.780000e+00 3.387780e+01
    endloop
  endfacet
  facet normal 0.000000e+00 -1.000000e+00 0.000000e+00
    outer loop
      vertex   1.734912e+01 4.780000e+00 3.387780e+01
      vertex   1.748815e+01 4.780000e+00 3.382157e+01
      vertex   1.744718e+01 4.780000e+00 3.385211e+01
    endloop
  endfacet
  facet normal 0.000000e+00 -1.000000e+00 0.000000e+00
    outer loop
      vertex   1.734912e+01 4.780000e+00 3.387780e+01
      vertex   1.744718e+01 4.780000e+00 3.385211e+01
      vertex   1.739981e+01 4.780000e+00 3.387127e+01
    endloop
  endfacet
  facet normal 0.000000e+00 -1.000000e+00 0.000000e+00
    outer loop
      vertex   1.939494e+01 4.780000e+00 2.837780e+01
      vertex   2.240000e+01 4.780000e+00 2.837780e+01
      vertex   1.939494e+01 4.780000e+00 3.087780e+01
    endloop
  endfacet
  facet normal 0.000000e+00 -1.000000e+00 0.000000e+00
    outer loop
      vertex   1.939494e+01 4.780000e+00 3.087780e+01
      vertex   2.240000e+01 4.780000e+00 2.837780e+01
      vertex   2.240000e+01 4.780000e+00 3.087780e+01
    endloop
  endfacet
  facet normal 0.000000e+00 -1.000000e+00 -0.000000e+00
    outer loop
      vertex   1.939494e+01 4.780000e+00 3.367780e+01
      vertex   1.822702e+01 4.780000e+00 3.342270e+01
      vertex   1.939494e+01 4.780000e+00 3.087780e+01
    endloop
  endfacet
  facet normal 0.000000e+00 -1.000000e+00 0.000000e+00
    outer loop
      vertex   1.939494e+01 4.780000e+00 3.087780e+01
      vertex   1.822702e+01 4.780000e+00 3.342270e+01
      vertex   1.814665e+01 4.780000e+00 3.339412e+01
    endloop
  endfacet
  facet normal 0.000000e+00 -1.000000e+00 0.000000e+00
    outer loop
      vertex   1.939494e+01 4.780000e+00 3.087780e+01
      vertex   1.814665e+01 4.780000e+00 3.339412e+01
      vertex   1.806259e+01 4.780000e+00 3.337962e+01
    endloop
  endfacet
  facet normal -0.000000e+00 -1.000000e+00 -0.000000e+00
    outer loop
      vertex   1.938813e+01 4.780000e+00 3.372956e+01
      vertex   1.919494e+01 4.780000e+00 3.387780e+01
      vertex   1.939494e+01 4.780000e+00 3.367780e+01
    endloop
  endfacet
  facet normal 0.000000e+00 -1.000000e+00 0.000000e+00
    outer loop
      vertex   1.939494e+01 4.780000e+00 3.367780e+01
      vertex   1.919494e+01 4.780000e+00 3.387780e+01
      vertex   1.869076e+01 4.780000e+00 3.387780e+01
    endloop
  endfacet
  facet normal 0.000000e+00 -1.000000e+00 0.000000e+00
    outer loop
      vertex   1.939494e+01 4.780000e+00 3.367780e+01
      vertex   1.869076e+01 4.780000e+00 3.387780e+01
      vertex   1.849910e+01 4.780000e+00 3.373494e+01
    endloop
  endfacet
  facet normal 0.000000e+00 -1.000000e+00 0.000000e+00
    outer loop
      vertex   1.849910e+01 4.780000e+00 3.373494e+01
      vertex   1.869076e+01 4.780000e+00 3.387780e+01
      vertex   1.851984e+01 4.780000e+00 3.378165e+01
    endloop
  endfacet
  facet normal 0.000000e+00 -1.000000e+00 0.000000e+00
    outer loop
      vertex   1.851984e+01 4.780000e+00 3.378165e+01
      vertex   1.869076e+01 4.780000e+00 3.387780e+01
      vertex   1.855173e+01 4.780000e+00 3.382157e+01
    endloop
  endfacet
  facet normal 0.000000e+00 -1.000000e+00 0.000000e+00
    outer loop
      vertex   1.855173e+01 4.780000e+00 3.382157e+01
      vertex   1.869076e+01 4.780000e+00 3.387780e+01
      vertex   1.859271e+01 4.780000e+00 3.385211e+01
    endloop
  endfacet
  facet normal 0.000000e+00 -1.000000e+00 0.000000e+00
    outer loop
      vertex   1.859271e+01 4.780000e+00 3.385211e+01
      vertex   1.869076e+01 4.780000e+00 3.387780e+01
      vertex   1.864008e+01 4.780000e+00 3.387127e+01
    endloop
  endfacet
  facet normal 0.000000e+00 -1.000000e+00 0.000000e+00
    outer loop
      vertex   1.938813e+01 4.780000e+00 3.372956e+01
      vertex   1.936815e+01 4.780000e+00 3.377780e+01
      vertex   1.919494e+01 4.780000e+00 3.387780e+01
    endloop
  endfacet
  facet normal 0.000000e+00 -1.000000e+00 0.000000e+00
    outer loop
      vertex   1.919494e+01 4.780000e+00 3.387780e+01
      vertex   1.936815e+01 4.780000e+00 3.377780e+01
      vertex   1.933636e+01 4.780000e+00 3.381922e+01
    endloop
  endfacet
  facet normal 0.000000e+00 -1.000000e+00 0.000000e+00
    outer loop
      vertex   1.919494e+01 4.780000e+00 3.387780e+01
      vertex   1.933636e+01 4.780000e+00 3.381922e+01
      vertex   1.929494e+01 4.780000e+00 3.385101e+01
    endloop
  endfacet
  facet normal 0.000000e+00 -1.000000e+00 0.000000e+00
    outer loop
      vertex   1.929494e+01 4.780000e+00 3.385101e+01
      vertex   1.924671e+01 4.780000e+00 3.387099e+01
      vertex   1.919494e+01 4.780000e+00 3.387780e+01
    endloop
  endfacet
  facet normal 0.000000e+00 -1.000000e+00 -0.000000e+00
    outer loop
      vertex   1.849910e+01 4.780000e+00 3.373494e+01
      vertex   1.846784e+01 4.780000e+00 3.365558e+01
      vertex   1.939494e+01 4.780000e+00 3.367780e+01
    endloop
  endfacet
  facet normal 0.000000e+00 -1.000000e+00 0.000000e+00
    outer loop
      vertex   1.939494e+01 4.780000e+00 3.367780e+01
      vertex   1.846784e+01 4.780000e+00 3.365558e+01
      vertex   1.842355e+01 4.780000e+00 3.358268e+01
    endloop
  endfacet
  facet normal 0.000000e+00 -1.000000e+00 0.000000e+00
    outer loop
      vertex   1.939494e+01 4.780000e+00 3.367780e+01
      vertex   1.842355e+01 4.780000e+00 3.358268e+01
      vertex   1.836752e+01 4.780000e+00 3.351837e+01
    endloop
  endfacet
  facet normal 0.000000e+00 -1.000000e+00 -0.000000e+00
    outer loop
      vertex   1.836752e+01 4.780000e+00 3.351837e+01
      vertex   1.830136e+01 4.780000e+00 3.346452e+01
      vertex   1.939494e+01 4.780000e+00 3.367780e+01
    endloop
  endfacet
  facet normal 0.000000e+00 -1.000000e+00 0.000000e+00
    outer loop
      vertex   1.939494e+01 4.780000e+00 3.367780e+01
      vertex   1.830136e+01 4.780000e+00 3.346452e+01
      vertex   1.822702e+01 4.780000e+00 3.342270e+01
    endloop
  endfacet
  facet normal -0.000000e+00 -1.000000e+00 -0.000000e+00
    outer loop
      vertex   1.806259e+01 4.780000e+00 3.337962e+01
      vertex   1.797729e+01 4.780000e+00 3.337962e+01
      vertex   1.939494e+01 4.780000e+00 3.087780e+01
    endloop
  endfacet
  facet normal -0.000000e+00 -1.000000e+00 -0.000000e+00
    outer loop
      vertex   1.651824e+01 4.780000e+00 3.339412e+01
      vertex   1.539665e+01 4.780000e+00 3.339412e+01
      vertex   1.660229e+01 4.780000e+00 3.337962e+01
    endloop
  endfacet
  facet normal 0.000000e+00 -1.000000e+00 0.000000e+00
    outer loop
      vertex   1.660229e+01 4.780000e+00 3.337962e+01
      vertex   1.539665e+01 4.780000e+00 3.339412e+01
      vertex   1.531259e+01 4.780000e+00 3.337962e+01
    endloop
  endfacet
  facet normal -0.000000e+00 -1.000000e+00 0.000000e+00
    outer loop
      vertex   1.660229e+01 4.780000e+00 3.337962e+01
      vertex   1.531259e+01 4.780000e+00 3.337962e+01
      vertex   1.389494e+01 4.780000e+00 3.087780e+01
    endloop
  endfacet
  facet normal 0.000000e+00 -1.000000e+00 0.000000e+00
    outer loop
      vertex   1.389494e+01 4.780000e+00 3.087780e+01
      vertex   1.531259e+01 4.780000e+00 3.337962e+01
      vertex   1.522729e+01 4.780000e+00 3.337962e+01
    endloop
  endfacet
  facet normal 0.000000e+00 -1.000000e+00 0.000000e+00
    outer loop
      vertex   1.389494e+01 4.780000e+00 3.087780e+01
      vertex   1.522729e+01 4.780000e+00 3.337962e+01
      vertex   1.514324e+01 4.780000e+00 3.339412e+01
    endloop
  endfacet
  facet normal 0.000000e+00 -1.000000e+00 0.000000e+00
    outer loop
      vertex   1.539665e+01 4.780000e+00 3.339412e+01
      vertex   1.651824e+01 4.780000e+00 3.339412e+01
      vertex   1.547702e+01 4.780000e+00 3.342270e+01
    endloop
  endfacet
  facet normal 0.000000e+00 -1.000000e+00 0.000000e+00
    outer loop
      vertex   1.547702e+01 4.780000e+00 3.342270e+01
      vertex   1.651824e+01 4.780000e+00 3.339412e+01
      vertex   1.643786e+01 4.780000e+00 3.342270e+01
    endloop
  endfacet
  facet normal 0.000000e+00 -1.000000e+00 0.000000e+00
    outer loop
      vertex   1.547702e+01 4.780000e+00 3.342270e+01
      vertex   1.643786e+01 4.780000e+00 3.342270e+01
      vertex   1.555136e+01 4.780000e+00 3.346452e+01
    endloop
  endfacet
  facet normal 0.000000e+00 -1.000000e+00 0.000000e+00
    outer loop
      vertex   1.555136e+01 4.780000e+00 3.346452e+01
      vertex   1.643786e+01 4.780000e+00 3.342270e+01
      vertex   1.636352e+01 4.780000e+00 3.346452e+01
    endloop
  endfacet
  facet normal 0.000000e+00 -1.000000e+00 0.000000e+00
    outer loop
      vertex   1.555136e+01 4.780000e+00 3.346452e+01
      vertex   1.636352e+01 4.780000e+00 3.346452e+01
      vertex   1.561752e+01 4.780000e+00 3.351837e+01
    endloop
  endfacet
  facet normal 0.000000e+00 -1.000000e+00 0.000000e+00
    outer loop
      vertex   1.561752e+01 4.780000e+00 3.351837e+01
      vertex   1.636352e+01 4.780000e+00 3.346452e+01
      vertex   1.629737e+01 4.780000e+00 3.351837e+01
    endloop
  endfacet
  facet normal 0.000000e+00 -1.000000e+00 0.000000e+00
    outer loop
      vertex   1.561752e+01 4.780000e+00 3.351837e+01
      vertex   1.629737e+01 4.780000e+00 3.351837e+01
      vertex   1.567355e+01 4.780000e+00 3.358268e+01
    endloop
  endfacet
  facet normal 0.000000e+00 -1.000000e+00 0.000000e+00
    outer loop
      vertex   1.567355e+01 4.780000e+00 3.358268e+01
      vertex   1.629737e+01 4.780000e+00 3.351837e+01
      vertex   1.624133e+01 4.780000e+00 3.358268e+01
    endloop
  endfacet
  facet normal 0.000000e+00 -1.000000e+00 0.000000e+00
    outer loop
      vertex   1.567355e+01 4.780000e+00 3.358268e+01
      vertex   1.624133e+01 4.780000e+00 3.358268e+01
      vertex   1.571784e+01 4.780000e+00 3.365558e+01
    endloop
  endfacet
  facet normal 0.000000e+00 -1.000000e+00 0.000000e+00
    outer loop
      vertex   1.571784e+01 4.780000e+00 3.365558e+01
      vertex   1.624133e+01 4.780000e+00 3.358268e+01
      vertex   1.619704e+01 4.780000e+00 3.365558e+01
    endloop
  endfacet
  facet normal 0.000000e+00 -1.000000e+00 0.000000e+00
    outer loop
      vertex   1.571784e+01 4.780000e+00 3.365558e+01
      vertex   1.619704e+01 4.780000e+00 3.365558e+01
      vertex   1.574910e+01 4.780000e+00 3.373494e+01
    endloop
  endfacet
  facet normal 0.000000e+00 -1.000000e+00 0.000000e+00
    outer loop
      vertex   1.574910e+01 4.780000e+00 3.373494e+01
      vertex   1.619704e+01 4.780000e+00 3.365558e+01
      vertex   1.616579e+01 4.780000e+00 3.373494e+01
    endloop
  endfacet
  facet normal 0.000000e+00 -1.000000e+00 0.000000e+00
    outer loop
      vertex   1.574910e+01 4.780000e+00 3.373494e+01
      vertex   1.616579e+01 4.780000e+00 3.373494e+01
      vertex   1.576984e+01 4.780000e+00 3.378165e+01
    endloop
  endfacet
  facet normal 0.000000e+00 -1.000000e+00 0.000000e+00
    outer loop
      vertex   1.576984e+01 4.780000e+00 3.378165e+01
      vertex   1.616579e+01 4.780000e+00 3.373494e+01
      vertex   1.614505e+01 4.780000e+00 3.378165e+01
    endloop
  endfacet
  facet normal 0.000000e+00 -1.000000e+00 0.000000e+00
    outer loop
      vertex   1.576984e+01 4.780000e+00 3.378165e+01
      vertex   1.614505e+01 4.780000e+00 3.378165e+01
      vertex   1.580173e+01 4.780000e+00 3.382157e+01
    endloop
  endfacet
  facet normal 0.000000e+00 -1.000000e+00 0.000000e+00
    outer loop
      vertex   1.580173e+01 4.780000e+00 3.382157e+01
      vertex   1.614505e+01 4.780000e+00 3.378165e+01
      vertex   1.611315e+01 4.780000e+00 3.382157e+01
    endloop
  endfacet
  facet normal 0.000000e+00 -1.000000e+00 0.000000e+00
    outer loop
      vertex   1.580173e+01 4.780000e+00 3.382157e+01
      vertex   1.611315e+01 4.780000e+00 3.382157e+01
      vertex   1.584271e+01 4.780000e+00 3.385211e+01
    endloop
  endfacet
  facet normal 0.000000e+00 -1.000000e+00 0.000000e+00
    outer loop
      vertex   1.584271e+01 4.780000e+00 3.385211e+01
      vertex   1.611315e+01 4.780000e+00 3.382157e+01
      vertex   1.589008e+01 4.780000e+00 3.387127e+01
    endloop
  endfacet
  facet normal 0.000000e+00 -1.000000e+00 0.000000e+00
    outer loop
      vertex   1.589008e+01 4.780000e+00 3.387127e+01
      vertex   1.611315e+01 4.780000e+00 3.382157e+01
      vertex   1.594076e+01 4.780000e+00 3.387780e+01
    endloop
  endfacet
  facet normal 0.000000e+00 -1.000000e+00 0.000000e+00
    outer loop
      vertex   1.594076e+01 4.780000e+00 3.387780e+01
      vertex   1.611315e+01 4.780000e+00 3.382157e+01
      vertex   1.597412e+01 4.780000e+00 3.387780e+01
    endloop
  endfacet
  facet normal 0.000000e+00 -1.000000e+00 0.000000e+00
    outer loop
      vertex   1.597412e+01 4.780000e+00 3.387780e+01
      vertex   1.611315e+01 4.780000e+00 3.382157e+01
      vertex   1.607218e+01 4.780000e+00 3.385211e+01
    endloop
  endfacet
  facet normal 0.000000e+00 -1.000000e+00 0.000000e+00
    outer loop
      vertex   1.597412e+01 4.780000e+00 3.387780e+01
      vertex   1.607218e+01 4.780000e+00 3.385211e+01
      vertex   1.602481e+01 4.780000e+00 3.387127e+01
    endloop
  endfacet
  facet normal -0.000000e+00 -1.000000e+00 0.000000e+00
    outer loop
      vertex   1.514324e+01 4.780000e+00 3.339412e+01
      vertex   1.506286e+01 4.780000e+00 3.342270e+01
      vertex   1.389494e+01 4.780000e+00 3.087780e+01
    endloop
  endfacet
  facet normal 0.000000e+00 -1.000000e+00 0.000000e+00
    outer loop
      vertex   1.389494e+01 4.780000e+00 3.087780e+01
      vertex   1.506286e+01 4.780000e+00 3.342270e+01
      vertex   1.389494e+01 4.780000e+00 3.367780e+01
    endloop
  endfacet
  facet normal 0.000000e+00 -1.000000e+00 0.000000e+00
    outer loop
      vertex   1.389494e+01 4.780000e+00 3.367780e+01
      vertex   1.506286e+01 4.780000e+00 3.342270e+01
      vertex   1.498852e+01 4.780000e+00 3.346452e+01
    endloop
  endfacet
  facet normal 0.000000e+00 -1.000000e+00 0.000000e+00
    outer loop
      vertex   1.389494e+01 4.780000e+00 3.367780e+01
      vertex   1.498852e+01 4.780000e+00 3.346452e+01
      vertex   1.492237e+01 4.780000e+00 3.351837e+01
    endloop
  endfacet
  facet normal 0.000000e+00 -1.000000e+00 0.000000e+00
    outer loop
      vertex   1.492237e+01 4.780000e+00 3.351837e+01
      vertex   1.486633e+01 4.780000e+00 3.358268e+01
      vertex   1.389494e+01 4.780000e+00 3.367780e+01
    endloop
  endfacet
  facet normal 0.000000e+00 -1.000000e+00 0.000000e+00
    outer loop
      vertex   1.389494e+01 4.780000e+00 3.367780e+01
      vertex   1.486633e+01 4.780000e+00 3.358268e+01
      vertex   1.482204e+01 4.780000e+00 3.365558e+01
    endloop
  endfacet
  facet normal 0.000000e+00 -1.000000e+00 0.000000e+00
    outer loop
      vertex   1.389494e+01 4.780000e+00 3.367780e+01
      vertex   1.482204e+01 4.780000e+00 3.365558e+01
      vertex   1.479079e+01 4.780000e+00 3.373494e+01
    endloop
  endfacet
  facet normal 0.000000e+00 -1.000000e+00 0.000000e+00
    outer loop
      vertex   1.389494e+01 4.780000e+00 3.367780e+01
      vertex   1.479079e+01 4.780000e+00 3.373494e+01
      vertex   1.459912e+01 4.780000e+00 3.387780e+01
    endloop
  endfacet
  facet normal 0.000000e+00 -1.000000e+00 0.000000e+00
    outer loop
      vertex   1.459912e+01 4.780000e+00 3.387780e+01
      vertex   1.479079e+01 4.780000e+00 3.373494e+01
      vertex   1.477005e+01 4.780000e+00 3.378165e+01
    endloop
  endfacet
  facet normal 0.000000e+00 -1.000000e+00 0.000000e+00
    outer loop
      vertex   1.459912e+01 4.780000e+00 3.387780e+01
      vertex   1.477005e+01 4.780000e+00 3.378165e+01
      vertex   1.473815e+01 4.780000e+00 3.382157e+01
    endloop
  endfacet
  facet normal 0.000000e+00 -1.000000e+00 0.000000e+00
    outer loop
      vertex   1.473815e+01 4.780000e+00 3.382157e+01
      vertex   1.469718e+01 4.780000e+00 3.385211e+01
      vertex   1.459912e+01 4.780000e+00 3.387780e+01
    endloop
  endfacet
  facet normal 0.000000e+00 -1.000000e+00 0.000000e+00
    outer loop
      vertex   1.459912e+01 4.780000e+00 3.387780e+01
      vertex   1.469718e+01 4.780000e+00 3.385211e+01
      vertex   1.464981e+01 4.780000e+00 3.387127e+01
    endloop
  endfacet
  facet normal -0.000000e+00 -1.000000e+00 0.000000e+00
    outer loop
      vertex   1.459912e+01 4.780000e+00 3.387780e+01
      vertex   1.409494e+01 4.780000e+00 3.387780e+01
      vertex   1.389494e+01 4.780000e+00 3.367780e+01
    endloop
  endfacet
  facet normal 0.000000e+00 -1.000000e+00 0.000000e+00
    outer loop
      vertex   1.389494e+01 4.780000e+00 3.367780e+01
      vertex   1.409494e+01 4.780000e+00 3.387780e+01
      vertex   1.390176e+01 4.780000e+00 3.372956e+01
    endloop
  endfacet
  facet normal 0.000000e+00 -1.000000e+00 0.000000e+00
    outer loop
      vertex   1.390176e+01 4.780000e+00 3.372956e+01
      vertex   1.409494e+01 4.780000e+00 3.387780e+01
      vertex   1.392174e+01 4.780000e+00 3.377780e+01
    endloop
  endfacet
  facet normal 0.000000e+00 -1.000000e+00 0.000000e+00
    outer loop
      vertex   1.392174e+01 4.780000e+00 3.377780e+01
      vertex   1.409494e+01 4.780000e+00 3.387780e+01
      vertex   1.395352e+01 4.780000e+00 3.381922e+01
    endloop
  endfacet
  facet normal 0.000000e+00 -1.000000e+00 0.000000e+00
    outer loop
      vertex   1.395352e+01 4.780000e+00 3.381922e+01
      vertex   1.409494e+01 4.780000e+00 3.387780e+01
      vertex   1.399494e+01 4.780000e+00 3.385101e+01
    endloop
  endfacet
  facet normal 0.000000e+00 -1.000000e+00 0.000000e+00
    outer loop
      vertex   1.399494e+01 4.780000e+00 3.385101e+01
      vertex   1.409494e+01 4.780000e+00 3.387780e+01
      vertex   1.404318e+01 4.780000e+00 3.387099e+01
    endloop
  endfacet
  facet normal -0.000000e+00 -1.000000e+00 -0.000000e+00
    outer loop
      vertex   1.389494e+01 4.780000e+00 3.087780e+01
      vertex   1.290000e+01 4.780000e+00 3.087780e+01
      vertex   1.389494e+01 4.780000e+00 2.837780e+01
    endloop
  endfacet
  facet normal 0.000000e+00 -1.000000e+00 0.000000e+00
    outer loop
      vertex   1.389494e+01 4.780000e+00 2.837780e+01
      vertex   1.290000e+01 4.780000e+00 3.087780e+01
      vertex   1.290000e+01 4.780000e+00 2.837780e+01
    endloop
  endfacet
endsolid
